#
# A fatal error has been detected by the Java Runtime Environment:
#
#  SIGSEGV (0xb) at pc=0x00007f4594264661, pid=4306, tid=6169
#
# JRE version: OpenJDK Runtime Environment (11.0.13) (build 11.0.13+0-b1751.21-8125866)
# Java VM: OpenJDK 64-Bit Server VM (11.0.13+0-b1751.21-8125866, mixed mode, tiered, compressed oops, g1 gc, linux-amd64)
# Problematic frame:
# V  [libjvm.so+0x998661]  PhaseCFG::schedule_pinned_nodes(VectorSet&)+0x111
#
# Core dump will be written. Default location: Core dumps may be processed with "/usr/share/apport/apport -p%p -s%s -c%c -d%d -P%P -u%u -g%g -- %E" (or dumping to /home/arenas/AndroidStudioProjects/multimoney-nextgen-android/core.4306)
#
# If you would like to submit a bug report, please visit:
#   https://bugreport.java.com/bugreport/crash.jsp
#

---------------  S U M M A R Y ------------

Command Line: --add-opens=java.base/java.util=ALL-UNNAMED --add-opens=java.base/java.lang=ALL-UNNAMED --add-opens=java.base/java.lang.invoke=ALL-UNNAMED --add-opens=java.base/java.util=ALL-UNNAMED --add-opens=java.prefs/java.util.prefs=ALL-UNNAMED --add-opens=java.prefs/java.util.prefs=ALL-UNNAMED --add-opens=java.base/java.nio.charset=ALL-UNNAMED --add-opens=java.base/java.net=ALL-UNNAMED --add-opens=java.base/java.util.concurrent.atomic=ALL-UNNAMED -Xmx2048m -Dfile.encoding=UTF-8 -Duser.country=US -Duser.language=en -Duser.variant org.gradle.launcher.daemon.bootstrap.GradleDaemon 7.4.2

Host: AMD Ryzen 5 3600 6-Core Processor, 12 cores, 15G, Ubuntu 22.04.1 LTS
Time: Tue Nov 22 16:03:48 2022 -04 elapsed time: 218.013462 seconds (0d 0h 3m 38s)

---------------  T H R E A D  ---------------

Current thread (0x00007f45401f1800):  JavaThread "C2 CompilerThread2" daemon [_thread_in_native, id=6169, stack(0x00007f43ea500000,0x00007f43ea600000)]


Current CompileTask:
C2: 218013 55063       4       org.objectweb.asm.ClassWriter::toByteArray (1535 bytes)

Stack: [0x00007f43ea500000,0x00007f43ea600000],  sp=0x00007f43ea5fb490,  free space=1005k
Native frames: (J=compiled Java code, A=aot compiled Java code, j=interpreted, Vv=VM code, C=native code)
V  [libjvm.so+0x998661]  PhaseCFG::schedule_pinned_nodes(VectorSet&)+0x111
V  [libjvm.so+0x99abdf]  PhaseCFG::global_code_motion()+0xff
V  [libjvm.so+0x99b3ea]  PhaseCFG::do_global_code_motion()+0x3a
V  [libjvm.so+0x841518]  Compile::Code_Gen()+0x1e8
V  [libjvm.so+0x83e925]  Compile::Compile(ciEnv*, C2Compiler*, ciMethod*, int, bool, bool, bool, bool, DirectiveSet*)+0x1145
V  [libjvm.so+0x795926]  C2Compiler::compile_method(ciEnv*, ciMethod*, int, DirectiveSet*)+0x106
V  [libjvm.so+0x85086e]  CompileBroker::invoke_compiler_on_method(CompileTask*)+0x4ee
V  [libjvm.so+0x85025e]  CompileBroker::compiler_thread_loop()+0x3de
V  [libjvm.so+0xeac2a8]  JavaThread::thread_main_inner()+0xc8
V  [libjvm.so+0xea9dd8]  Thread::call_run()+0x68
V  [libjvm.so+0xd58c0e]  thread_native_entry(Thread*)+0x1be


siginfo: si_signo: 11 (SIGSEGV), si_code: 128 (SI_KERNEL), si_addr: 0x0000000000000000

Register to memory mapping:

RAX=0x00007f4593e81040: <offset 0x00000000005b5040> in /opt/android-studio/jre/lib/server/libjvm.so at 0x00007f45938cc000
RBX=
[error occurred during error reporting (printing register info), id 0xb, SIGSEGV (0xb) at pc=0x00007f459420c785]

Registers:
RAX=0x00007f4593e81040, RBX=0x00000000ffffffff, RCX=0x00007f43b3bff020, RDX=0x0000000004a289d1
RSP=0x00007f43ea5fb490, RBP=0x00007f43ea5fb4f0, RSI=0x0000000000000000, RDI=0x00007f4594860a38
R8 =0x0000000000000000, R9 =0x00007f43b3bff010, R10=0x0000000000000022, R11=0x0000000000000246
R12=0x00007f43ea5fb4a0, R13=0x00007f4594860a38, R14=0x00007f43ea5fb798, R15=0x00007f43ea5fb4a8
RIP=0x00007f4594264661, EFLAGS=0x0000000000010202, CSGSFS=0x002b000000000033, ERR=0x0000000000000000
  TRAPNO=0x000000000000000d

Top of Stack: (sp=0x00007f43ea5fb490)
0x00007f43ea5fb490:   00007f43ea5fd0b8 00007f43ea5fb798
0x00007f43ea5fb4a0:   00007f4594860a38 000010e900000064
0x00007f43ea5fb4b0:   0000000000000000 00007f4500000007
0x00007f43ea5fb4c0:   00007f4524989920 00007f43ea5fb798 

Instructions: (pc=0x00007f4594264661)
0x00007f4594264561:   49 89 f6 48 89 fb 48 8b 47 08 8b 88 d0 01 00 00
0x00007f4594264571:   2b 88 f8 01 00 00 83 c1 08 c7 45 b8 00 00 00 00
0x00007f4594264581:   89 4d bc c7 45 c8 07 00 00 00 48 c7 45 c0 00 00
0x00007f4594264591:   00 00 48 8d 7d b8 be 08 00 00 00 e8 4f a1 02 00
0x00007f45942645a1:   48 89 45 d0 83 7d bc 00 7e 2e 48 c7 00 00 00 00
0x00007f45942645b1:   00 83 7d bc 02 7c 21 b8 01 00 00 00 0f 1f 00 48
0x00007f45942645c1:   8b 4d d0 48 c7 04 c1 00 00 00 00 48 83 c0 01 48
0x00007f45942645d1:   63 4d bc 48 39 c8 7c e7 48 89 5d a0 48 8b 43 10
0x00007f45942645e1:   48 89 45 b0 48 8d 7d b8 48 8d 75 b0 e8 fe 69 d5
0x00007f45942645f1:   ff 8b 45 b8 85 c0 0f 84 bc 02 00 00 4c 89 75 a8
0x00007f4594264601:   eb 2c 66 2e 0f 1f 84 00 00 00 00 00 0f 1f 00 49
0x00007f4594264611:   8b 4e 18 8b 14 81 89 d7 0f ab f7 89 3c 81 0f a3
0x00007f4594264621:   f2 73 36 8b 45 b8 85 c0 0f 84 8a 02 00 00 48 8b
0x00007f4594264631:   4d d0 8d 50 ff 89 55 b8 48 98 4c 8b 6c c1 f8 41
0x00007f4594264641:   8b 75 28 48 89 f0 48 c1 e8 05 41 3b 46 10 72 bf
0x00007f4594264651:   49 8b 06 4c 89 f7 ff 50 20 49 8b 45 00 4c 89 ef
0x00007f4594264661:   ff 90 a8 00 00 00 84 c0 48 8b 5d a0 74 6c 41 8b
0x00007f4594264671:   45 28 39 43 68 76 0b 48 8b 4b 78 48 83 3c c1 00
0x00007f4594264681:   75 58 48 89 df 4c 89 ee e8 c2 f8 ff ff 4c 89 e8
0x00007f4594264691:   eb 15 66 2e 0f 1f 84 00 00 00 00 00 0f 1f 00 83
0x00007f45942646a1:   e1 0f 83 f9 09 74 1d 48 8b 40 08 48 8b 00 8b 48
0x00007f45942646b1:   2c 89 ca 83 e2 3f 83 fa 20 75 e4 48 8b 48 08 48
0x00007f45942646c1:   39 01 75 e3 8b 40 28 48 8b 4b 78 48 8b 14 c1 48
0x00007f45942646d1:   89 df 4c 89 ee e8 f5 f6 ff ff 45 8b 7d 1c 41 83
0x00007f45942646e1:   c7 ff 45 3b 7d 18 0f 82 83 01 00 00 45 31 e4 eb
0x00007f45942646f1:   30 66 2e 0f 1f 84 00 00 00 00 00 0f 1f 40 00 48
0x00007f4594264701:   89 df 4c 89 e6 4c 89 f2 e8 a2 f9 ff ff 84 c0 4d
0x00007f4594264711:   0f 45 e6 41 83 c7 ff 45 3b 7d 18 0f 82 ae 00 00
0x00007f4594264721:   00 49 8b 45 08 44 89 f9 4c 8b 34 c8 4d 85 f6 74
0x00007f4594264731:   e2 49 8b 06 4c 89 f7 ff 50 20 48 85 c0 74 20 4c
0x00007f4594264741:   89 ef 44 89 fe e8 45 ee 39 00 4d 85 e4 75 b0 4d
0x00007f4594264751:   89 f4 eb bf 66 2e 0f 1f 84 00 00 00 00 00 90 41 


Stack slot to memory mapping:
stack at sp + 0 slots: 0x00007f43ea5fd0b8 is pointing into the stack for thread: 0x00007f45401f1800
stack at sp + 1 slots: 0x00007f43ea5fb798 is pointing into the stack for thread: 0x00007f45401f1800
stack at sp + 2 slots: 0x00007f4594860a38: <offset 0x0000000000f94a38> in /opt/android-studio/jre/lib/server/libjvm.so at 0x00007f45938cc000
stack at sp + 3 slots: 0x000010e900000064 is an unknown value
stack at sp + 4 slots: 0x0 is NULL
stack at sp + 5 slots: 0x00007f4500000007 points into unknown readable memory: 00
stack at sp + 6 slots: 0x00007f4524989920 points into unknown readable memory: 0x00007f452438baf8 | f8 ba 38 24 45 7f 00 00
stack at sp + 7 slots: 0x00007f43ea5fb798 is pointing into the stack for thread: 0x00007f45401f1800


---------------  P R O C E S S  ---------------

Threads class SMR info:
_java_thread_list=0x00007f454117b4d0, length=224, elements={
0x00007f458c015800, 0x00007f458c1cd000, 0x00007f458c1d1000, 0x00007f458c1e7800,
0x00007f458c1e9000, 0x00007f458c1eb800, 0x00007f458c1ed800, 0x00007f458c1ef800,
0x00007f458c2a5800, 0x00007f458d5e6800, 0x00007f458d678800, 0x00007f458d6a9800,
0x00007f4514017800, 0x00007f450c008800, 0x00007f44f8273800, 0x00007f44f8279800,
0x00007f44f82a2800, 0x00007f44f8546800, 0x00007f44f8547800, 0x00007f44f8707000,
0x00007f44f8992000, 0x00007f44f89b0800, 0x00007f44f8a78800, 0x00007f44f8e34800,
0x00007f44f8e70000, 0x00007f44f8e72000, 0x00007f44f90de000, 0x00007f44f90e0000,
0x00007f44f90e2000, 0x00007f44f90e4000, 0x00007f44f90e5800, 0x00007f44f90e7800,
0x00007f44f90e9800, 0x00007f44f9b75800, 0x00007f448019a000, 0x00007f448c041000,
0x00007f448c07a000, 0x00007f448c08d800, 0x00007f448c09c800, 0x00007f448c0a0800,
0x00007f44c80e6000, 0x00007f44281ff800, 0x00007f44fa2c7800, 0x00007f450c003800,
0x00007f450c006800, 0x00007f44f90ac000, 0x00007f44f9036800, 0x00007f44f9000800,
0x00007f44f8ff5800, 0x00007f44f909d000, 0x00007f44f9093800, 0x00007f44f902b000,
0x00007f44f9033000, 0x00007f44f8ffe800, 0x00007f44f9099800, 0x00007f44f9043800,
0x00007f44f9090000, 0x00007f44f905c000, 0x00007f44fa0ee000, 0x00007f44f9091800,
0x00007f44f90b5000, 0x00007f44f9017000, 0x00007f44f9039000, 0x00007f44f907e000,
0x00007f44f9088800, 0x00007f44f9050000, 0x00007f44f9078000, 0x00007f44f90c5000,
0x00007f44f9076000, 0x00007f44f90a5800, 0x00007f44f90a1800, 0x00007f44f90d3000,
0x00007f44f9062000, 0x00007f44f900b000, 0x00007f44f90a7800, 0x00007f44f9009000,
0x00007f44f9021000, 0x00007f44f908a000, 0x00007f44f903f000, 0x00007f44f90bd800,
0x00007f44f9013000, 0x00007f44f9041800, 0x00007f44f80a6800, 0x00007f44f90b9000,
0x00007f44f9068000, 0x00007f44f900f000, 0x00007f44f9019000, 0x00007f44f8ff9800,
0x00007f44f90c9000, 0x00007f44fa1f6800, 0x00007f44f9007000, 0x00007f44f907c000,
0x00007f44f905e000, 0x00007f44f9098000, 0x00007f44f90d5000, 0x00007f44f90bb800,
0x00007f44f802a000, 0x00007f44f8ff0800, 0x00007f44f90db000, 0x00007f44f901f800,
0x00007f44fa095000, 0x00007f44f9029000, 0x00007f44f9f1a000, 0x00007f44f902d800,
0x00007f44f9086800, 0x00007f44f9074800, 0x00007f44f903d000, 0x00007f44f9082000,
0x00007f44f90ad800, 0x00007f44f901b800, 0x00007f44fa1f7800, 0x00007f44f905a000,
0x00007f44f9056000, 0x00007f44f9053800, 0x00007f44f9080000, 0x00007f44f90c0000,
0x00007f44f909b800, 0x00007f44fa1fb800, 0x00007f44f9023000, 0x00007f44fa09d800,
0x00007f44f9084000, 0x00007f44fa09a800, 0x00007f44f9027000, 0x00007f44f9010800,
0x00007f44f9051800, 0x00007f44f90c7000, 0x00007f44f8ffb800, 0x00007f44f9031000,
0x00007f44f90aa000, 0x00007f44f8ff8000, 0x00007f44f9049800, 0x00007f44f9064000,
0x00007f44f9095000, 0x00007f44f801d800, 0x00007f44fa0f2000, 0x00007f44fa093800,
0x00007f44f9066000, 0x00007f44f908e000, 0x00007f44f907a000, 0x00007f44f90b7000,
0x00007f44f8ff2000, 0x00007f44f906c000, 0x00007f44f90b3800, 0x00007f44f9072800,
0x00007f44f8ffd000, 0x00007f44fa099000, 0x00007f44f9015000, 0x00007f44f9045800,
0x00007f44f9034800, 0x00007f44fa0a0800, 0x00007f44fa2c4800, 0x00007f44fa09f000,
0x00007f44f9025000, 0x00007f44f901d800, 0x00007f44f90cf800, 0x00007f44fa1fd000,
0x00007f44fa1fa800, 0x00007f44fa096800, 0x00007f44f9048000, 0x00007f44f90cd800,
0x00007f44fa0f4000, 0x00007f44f904e000, 0x00007f44f906a800, 0x00007f44f906e800,
0x00007f44fa098000, 0x00007f44f908c800, 0x00007f44fa1f9000, 0x00007f44f90b1800,
0x00007f44f909f800, 0x00007f44f90c2000, 0x00007f44fa09c000, 0x00007f44f9f78000,
0x00007f44fa2ca000, 0x00007f44fa2cb000, 0x00007f44fa62b000, 0x00007f44fa625000,
0x00007f442401d000, 0x00007f442401d800, 0x00007f442401e800, 0x00007f442000e800,
0x00007f442401f800, 0x00007f4424020000, 0x00007f4424021800, 0x00007f4424022800,
0x00007f4424023800, 0x00007f4424025000, 0x00007f4424026000, 0x00007f4424027800,
0x00007f4424048800, 0x00007f4438015000, 0x00007f4424037000, 0x00007f4438016000,
0x00007f444c041000, 0x00007f4438023800, 0x00007f444c03b000, 0x00007f4428313000,
0x00007f442838a000, 0x00007f443012c800, 0x00007f4444008000, 0x00007f4478149800,
0x00007f4474008000, 0x00007f4474008800, 0x00007f4474009800, 0x00007f44c80f9000,
0x00007f4444081800, 0x00007f44440ca000, 0x00007f44440cb000, 0x00007f44440cc800,
0x00007f44440ce000, 0x00007f44440cf800, 0x00007f44440da000, 0x00007f44440da800,
0x00007f44440dc000, 0x00007f44440dd800, 0x00007f44440df000, 0x00007f44440e0800,
0x00007f44c80f7800, 0x00007f44c82fa000, 0x00007f4488864800, 0x00007f44c8708800,
0x00007f44c8413000, 0x00007f446001f800, 0x00007f45401f0800, 0x00007f45401f1800
}

Java Threads: ( => current thread )
  0x00007f458c015800 JavaThread "main" [_thread_blocked, id=4308, stack(0x00007f45936e5000,0x00007f45937e5000)]
  0x00007f458c1cd000 JavaThread "Reference Handler" daemon [_thread_blocked, id=4316, stack(0x00007f459038f000,0x00007f459048f000)]
  0x00007f458c1d1000 JavaThread "Finalizer" daemon [_thread_blocked, id=4317, stack(0x00007f459028f000,0x00007f459038f000)]
  0x00007f458c1e7800 JavaThread "Signal Dispatcher" daemon [_thread_blocked, id=4318, stack(0x00007f459018f000,0x00007f459028f000)]
  0x00007f458c1e9000 JavaThread "Service Thread" daemon [_thread_blocked, id=4319, stack(0x00007f459008f000,0x00007f459018f000)]
  0x00007f458c1eb800 JavaThread "C2 CompilerThread0" daemon [_thread_in_native, id=4320, stack(0x00007f4578621000,0x00007f4578721000)]
  0x00007f458c1ed800 JavaThread "C1 CompilerThread0" daemon [_thread_in_vm, id=4321, stack(0x00007f4578521000,0x00007f4578621000)]
  0x00007f458c1ef800 JavaThread "Sweeper thread" daemon [_thread_blocked, id=4322, stack(0x00007f4578421000,0x00007f4578521000)]
  0x00007f458c2a5800 JavaThread "Common-Cleaner" daemon [_thread_blocked, id=4323, stack(0x00007f4578321000,0x00007f4578421000)]
  0x00007f458d5e6800 JavaThread "Daemon health stats" [_thread_blocked, id=4332, stack(0x00007f4564dd0000,0x00007f4564ed0000)]
  0x00007f458d678800 JavaThread "Incoming local TCP Connector on port 34099" [_thread_in_native, id=4333, stack(0x00007f4564cd0000,0x00007f4564dd0000)]
  0x00007f458d6a9800 JavaThread "Daemon periodic checks" [_thread_blocked, id=4334, stack(0x00007f4564bd0000,0x00007f4564cd0000)]
  0x00007f4514017800 JavaThread "Daemon" [_thread_blocked, id=4335, stack(0x00007f45646ce000,0x00007f45647ce000)]
  0x00007f450c008800 JavaThread "Daemon worker" [_thread_blocked, id=4338, stack(0x00007f45641ad000,0x00007f45642ad000)]
  0x00007f44f8273800 JavaThread "Cache worker for journal cache (/home/arenas/.gradle/caches/journal-1)" [_thread_blocked, id=4344, stack(0x00007f44f7d00000,0x00007f44f7e00000)]
  0x00007f44f8279800 JavaThread "File lock request listener" [_thread_in_native, id=4345, stack(0x00007f44f7c00000,0x00007f44f7d00000)]
  0x00007f44f82a2800 JavaThread "Cache worker for file hash cache (/home/arenas/.gradle/caches/7.4.2/fileHashes)" [_thread_blocked, id=4346, stack(0x00007f44f7b00000,0x00007f44f7c00000)]
  0x00007f44f8546800 JavaThread "File watcher server" daemon [_thread_in_Java, id=4353, stack(0x00007f44f6df4000,0x00007f44f6ef4000)]
  0x00007f44f8547800 JavaThread "File watcher consumer" daemon [_thread_in_Java, id=4354, stack(0x00007f44f6cf4000,0x00007f44f6df4000)]
  0x00007f44f8707000 JavaThread "Cache worker for execution history cache (/home/arenas/.gradle/caches/7.4.2/executionHistory)" [_thread_blocked, id=4359, stack(0x00007f44f65f4000,0x00007f44f66f4000)]
  0x00007f44f8992000 JavaThread "jar transforms" [_thread_blocked, id=4360, stack(0x00007f44f5cf4000,0x00007f44f5df4000)]
  0x00007f44f89b0800 JavaThread "Cache worker for file content cache (/home/arenas/.gradle/caches/7.4.2/fileContent)" [_thread_blocked, id=4361, stack(0x00007f44f5bf4000,0x00007f44f5cf4000)]
  0x00007f44f8a78800 JavaThread "jar transforms Thread 2" [_thread_blocked, id=4362, stack(0x00007f44f58f4000,0x00007f44f59f4000)]
  0x00007f44f8e34800 JavaThread "jar transforms Thread 3" [_thread_blocked, id=4364, stack(0x00007f44f54f4000,0x00007f44f55f4000)]
  0x00007f44f8e70000 JavaThread "jar transforms Thread 4" [_thread_blocked, id=4365, stack(0x00007f44f51f4000,0x00007f44f52f4000)]
  0x00007f44f8e72000 JavaThread "jar transforms Thread 5" [_thread_blocked, id=4366, stack(0x00007f44f50f4000,0x00007f44f51f4000)]
  0x00007f44f90de000 JavaThread "jar transforms Thread 6" [_thread_blocked, id=4488, stack(0x00007f43ed200000,0x00007f43ed300000)]
  0x00007f44f90e0000 JavaThread "jar transforms Thread 7" [_thread_blocked, id=4489, stack(0x00007f43ed100000,0x00007f43ed200000)]
  0x00007f44f90e2000 JavaThread "jar transforms Thread 8" [_thread_blocked, id=4490, stack(0x00007f43ed000000,0x00007f43ed100000)]
  0x00007f44f90e4000 JavaThread "jar transforms Thread 9" [_thread_blocked, id=4491, stack(0x00007f43ecf00000,0x00007f43ed000000)]
  0x00007f44f90e5800 JavaThread "jar transforms Thread 10" [_thread_blocked, id=4492, stack(0x00007f43ece00000,0x00007f43ecf00000)]
  0x00007f44f90e7800 JavaThread "jar transforms Thread 11" [_thread_blocked, id=4493, stack(0x00007f43ecd00000,0x00007f43ece00000)]
  0x00007f44f90e9800 JavaThread "jar transforms Thread 12" [_thread_blocked, id=4494, stack(0x00007f43ecc00000,0x00007f43ecd00000)]
  0x00007f44f9b75800 JavaThread "Memory manager" [_thread_blocked, id=4496, stack(0x00007f457801f000,0x00007f457811f000)]
  0x00007f448019a000 JavaThread "process reaper" daemon [_thread_in_native, id=5220, stack(0x00007f4565ebc000,0x00007f4565ede000)]
  0x00007f448c041000 JavaThread "process reaper" daemon [_thread_in_native, id=5226, stack(0x00007f4565e9a000,0x00007f4565ebc000)]
  0x00007f448c07a000 JavaThread "RMI Scheduler(0)" daemon [_thread_blocked, id=5254, stack(0x00007f43e6b00000,0x00007f43e6c00000)]
  0x00007f448c08d800 JavaThread "RMI GC Daemon" daemon [_thread_blocked, id=5256, stack(0x00007f43e6900000,0x00007f43e6a00000)]
  0x00007f448c09c800 JavaThread "RMI TCP Accept-0" daemon [_thread_in_native, id=5258, stack(0x00007f43e6800000,0x00007f43e6900000)]
  0x00007f448c0a0800 JavaThread "RMI Reaper" [_thread_blocked, id=5259, stack(0x00007f43e6700000,0x00007f43e6800000)]
  0x00007f44c80e6000 JavaThread "RMI TCP Connection(idle)" daemon [_thread_blocked, id=5261, stack(0x00007f43e6400000,0x00007f43e6500000)]
  0x00007f44281ff800 JavaThread "Cache worker for Java compile cache (/home/arenas/.gradle/caches/7.4.2/javaCompile)" [_thread_blocked, id=5307, stack(0x00007f43e5000000,0x00007f43e5100000)]
  0x00007f44fa2c7800 JavaThread "included builds" [_thread_blocked, id=5817, stack(0x00007f43ed400000,0x00007f43ed500000)]
  0x00007f450c003800 JavaThread "Handler for socket connection from /127.0.0.1:34099 to /127.0.0.1:53072" [_thread_in_native, id=5832, stack(0x00007f43e4100000,0x00007f43e4200000)]
  0x00007f450c006800 JavaThread "Cancel handler" [_thread_blocked, id=5833, stack(0x00007f43ed500000,0x00007f43ed600000)]
  0x00007f44f90ac000 JavaThread "Asynchronous log dispatcher for DefaultDaemonConnection: socket connection from /127.0.0.1:34099 to /127.0.0.1:53072" [_thread_blocked, id=5836, stack(0x00007f43ebf00000,0x00007f43ec000000)]
  0x00007f44f9036800 JavaThread "Stdin handler" [_thread_blocked, id=5837, stack(0x00007f43e3600000,0x00007f43e3700000)]
  0x00007f44f9000800 JavaThread "Daemon client event forwarder" [_thread_blocked, id=5838, stack(0x00007f43e6a00000,0x00007f43e6b00000)]
  0x00007f44f8ff5800 JavaThread "Cache worker for checksums cache (/home/arenas/AndroidStudioProjects/multimoney-nextgen-android/.gradle/7.4.2/checksums)" [_thread_blocked, id=5839, stack(0x00007f45643ad000,0x00007f45644ad000)]
  0x00007f44f909d000 JavaThread "Cache worker for cache directory md-rule (/home/arenas/.gradle/caches/7.4.2/md-rule)" [_thread_blocked, id=5840, stack(0x00007f445de00000,0x00007f445df00000)]
  0x00007f44f9093800 JavaThread "Cache worker for file hash cache (/home/arenas/AndroidStudioProjects/multimoney-nextgen-android/.gradle/7.4.2/fileHashes)" [_thread_blocked, id=5841, stack(0x00007f445f200000,0x00007f445f300000)]
  0x00007f44f902b000 JavaThread "Cache worker for cache directory md-supplier (/home/arenas/.gradle/caches/7.4.2/md-supplier)" [_thread_blocked, id=5842, stack(0x00007f43ede00000,0x00007f43edf00000)]
  0x00007f44f9033000 JavaThread "Cache worker for dependencies-accessors (/home/arenas/AndroidStudioProjects/multimoney-nextgen-android/.gradle/7.4.2/dependencies-accessors)" [_thread_blocked, id=5843, stack(0x00007f44f6af4000,0x00007f44f6bf4000)]
  0x00007f44f8ffe800 JavaThread "Cache worker for Build Output Cleanup Cache (/home/arenas/AndroidStudioProjects/multimoney-nextgen-android/.gradle/buildOutputCleanup)" [_thread_blocked, id=5845, stack(0x00007f43efe00000,0x00007f43eff00000)]
  0x00007f44f9099800 JavaThread "Unconstrained build operations" [_thread_blocked, id=5847, stack(0x00007f445d400000,0x00007f445d500000)]
  0x00007f44f9043800 JavaThread "Unconstrained build operations Thread 2" [_thread_blocked, id=5848, stack(0x00007f44f6bf4000,0x00007f44f6cf4000)]
  0x00007f44f9090000 JavaThread "Unconstrained build operations Thread 3" [_thread_blocked, id=5849, stack(0x00007f43ee500000,0x00007f43ee600000)]
  0x00007f44f905c000 JavaThread "Unconstrained build operations Thread 4" [_thread_blocked, id=5850, stack(0x00007f445e700000,0x00007f445e800000)]
  0x00007f44fa0ee000 JavaThread "Unconstrained build operations Thread 5" [_thread_blocked, id=5851, stack(0x00007f445e100000,0x00007f445e200000)]
  0x00007f44f9091800 JavaThread "Unconstrained build operations Thread 6" [_thread_blocked, id=5852, stack(0x00007f43eff00000,0x00007f43f0000000)]
  0x00007f44f90b5000 JavaThread "Unconstrained build operations Thread 7" [_thread_blocked, id=5853, stack(0x00007f445f400000,0x00007f445f500000)]
  0x00007f44f9017000 JavaThread "Unconstrained build operations Thread 8" [_thread_blocked, id=5854, stack(0x00007f43eed00000,0x00007f43eee00000)]
  0x00007f44f9039000 JavaThread "Unconstrained build operations Thread 9" [_thread_blocked, id=5855, stack(0x00007f44f4af4000,0x00007f44f4bf4000)]
  0x00007f44f907e000 JavaThread "Unconstrained build operations Thread 10" [_thread_blocked, id=5856, stack(0x00007f44f7f00000,0x00007f44f8000000)]
  0x00007f44f9088800 JavaThread "Unconstrained build operations Thread 11" [_thread_blocked, id=5857, stack(0x00007f43eec00000,0x00007f43eed00000)]
  0x00007f44f9050000 JavaThread "Unconstrained build operations Thread 12" [_thread_blocked, id=5858, stack(0x00007f43efd00000,0x00007f43efe00000)]
  0x00007f44f9078000 JavaThread "Unconstrained build operations Thread 13" [_thread_blocked, id=5859, stack(0x00007f43efb00000,0x00007f43efc00000)]
  0x00007f44f90c5000 JavaThread "Unconstrained build operations Thread 14" [_thread_blocked, id=5860, stack(0x00007f445df00000,0x00007f445e000000)]
  0x00007f44f9076000 JavaThread "Unconstrained build operations Thread 15" [_thread_blocked, id=5861, stack(0x00007f445f900000,0x00007f445fa00000)]
  0x00007f44f90a5800 JavaThread "Unconstrained build operations Thread 16" [_thread_blocked, id=5862, stack(0x00007f445ef00000,0x00007f445f000000)]
  0x00007f44f90a1800 JavaThread "Unconstrained build operations Thread 17" [_thread_blocked, id=5863, stack(0x00007f445cd00000,0x00007f445ce00000)]
  0x00007f44f90d3000 JavaThread "Unconstrained build operations Thread 18" [_thread_blocked, id=5864, stack(0x00007f44f40f4000,0x00007f44f41f4000)]
  0x00007f44f9062000 JavaThread "Unconstrained build operations Thread 19" [_thread_blocked, id=5865, stack(0x00007f43edd00000,0x00007f43ede00000)]
  0x00007f44f900b000 JavaThread "Unconstrained build operations Thread 20" [_thread_blocked, id=5866, stack(0x00007f43ee800000,0x00007f43ee900000)]
  0x00007f44f90a7800 JavaThread "Unconstrained build operations Thread 21" [_thread_blocked, id=5867, stack(0x00007f44f57f4000,0x00007f44f58f4000)]
  0x00007f44f9009000 JavaThread "Unconstrained build operations Thread 22" [_thread_blocked, id=5868, stack(0x00007f43eeb00000,0x00007f43eec00000)]
  0x00007f44f9021000 JavaThread "Unconstrained build operations Thread 23" [_thread_blocked, id=5869, stack(0x00007f44f67f4000,0x00007f44f68f4000)]
  0x00007f44f908a000 JavaThread "Unconstrained build operations Thread 24" [_thread_blocked, id=5870, stack(0x00007f445c400000,0x00007f445c500000)]
  0x00007f44f903f000 JavaThread "Unconstrained build operations Thread 25" [_thread_blocked, id=5871, stack(0x00007f43ed700000,0x00007f43ed800000)]
  0x00007f44f90bd800 JavaThread "Unconstrained build operations Thread 26" [_thread_blocked, id=5872, stack(0x00007f43ef900000,0x00007f43efa00000)]
  0x00007f44f9013000 JavaThread "Unconstrained build operations Thread 27" [_thread_blocked, id=5873, stack(0x00007f445c300000,0x00007f445c400000)]
  0x00007f44f9041800 JavaThread "Unconstrained build operations Thread 28" [_thread_blocked, id=5874, stack(0x00007f43ef600000,0x00007f43ef700000)]
  0x00007f44f80a6800 JavaThread "Unconstrained build operations Thread 29" [_thread_blocked, id=5875, stack(0x00007f457811f000,0x00007f457821f000)]
  0x00007f44f90b9000 JavaThread "Unconstrained build operations Thread 30" [_thread_blocked, id=5876, stack(0x00007f45642ad000,0x00007f45643ad000)]
  0x00007f44f9068000 JavaThread "Unconstrained build operations Thread 31" [_thread_blocked, id=5877, stack(0x00007f45640ad000,0x00007f45641ad000)]
  0x00007f44f900f000 JavaThread "Unconstrained build operations Thread 32" [_thread_blocked, id=5878, stack(0x00007f44f7e00000,0x00007f44f7f00000)]
  0x00007f44f9019000 JavaThread "Unconstrained build operations Thread 33" [_thread_blocked, id=5879, stack(0x00007f44f66f4000,0x00007f44f67f4000)]
  0x00007f44f8ff9800 JavaThread "Unconstrained build operations Thread 34" [_thread_blocked, id=5880, stack(0x00007f44f4df4000,0x00007f44f4ef4000)]
  0x00007f44f90c9000 JavaThread "Unconstrained build operations Thread 35" [_thread_blocked, id=5881, stack(0x00007f44f49f4000,0x00007f44f4af4000)]
  0x00007f44fa1f6800 JavaThread "Unconstrained build operations Thread 36" [_thread_blocked, id=5882, stack(0x00007f44f48f4000,0x00007f44f49f4000)]
  0x00007f44f9007000 JavaThread "Unconstrained build operations Thread 37" [_thread_blocked, id=5883, stack(0x00007f44f47f4000,0x00007f44f48f4000)]
  0x00007f44f907c000 JavaThread "Unconstrained build operations Thread 38" [_thread_blocked, id=5884, stack(0x00007f44f46f4000,0x00007f44f47f4000)]
  0x00007f44f905e000 JavaThread "Unconstrained build operations Thread 39" [_thread_blocked, id=5885, stack(0x00007f44f45f4000,0x00007f44f46f4000)]
  0x00007f44f9098000 JavaThread "Unconstrained build operations Thread 40" [_thread_blocked, id=5886, stack(0x00007f44f44f4000,0x00007f44f45f4000)]
  0x00007f44f90d5000 JavaThread "Unconstrained build operations Thread 41" [_thread_blocked, id=5887, stack(0x00007f44f43f4000,0x00007f44f44f4000)]
  0x00007f44f90bb800 JavaThread "Unconstrained build operations Thread 42" [_thread_blocked, id=5888, stack(0x00007f44f42f4000,0x00007f44f43f4000)]
  0x00007f44f802a000 JavaThread "Unconstrained build operations Thread 43" [_thread_blocked, id=5889, stack(0x00007f44f41f4000,0x00007f44f42f4000)]
  0x00007f44f8ff0800 JavaThread "Unconstrained build operations Thread 44" [_thread_blocked, id=5890, stack(0x00007f445ff00000,0x00007f4460000000)]
  0x00007f44f90db000 JavaThread "Unconstrained build operations Thread 45" [_thread_blocked, id=5891, stack(0x00007f445fe00000,0x00007f445ff00000)]
  0x00007f44f901f800 JavaThread "Unconstrained build operations Thread 46" [_thread_blocked, id=5892, stack(0x00007f445fd00000,0x00007f445fe00000)]
  0x00007f44fa095000 JavaThread "Unconstrained build operations Thread 47" [_thread_blocked, id=5893, stack(0x00007f445fc00000,0x00007f445fd00000)]
  0x00007f44f9029000 JavaThread "Unconstrained build operations Thread 48" [_thread_blocked, id=5894, stack(0x00007f445fb00000,0x00007f445fc00000)]
  0x00007f44f9f1a000 JavaThread "Unconstrained build operations Thread 49" [_thread_blocked, id=5895, stack(0x00007f445fa00000,0x00007f445fb00000)]
  0x00007f44f902d800 JavaThread "Unconstrained build operations Thread 50" [_thread_blocked, id=5896, stack(0x00007f445f800000,0x00007f445f900000)]
  0x00007f44f9086800 JavaThread "Unconstrained build operations Thread 51" [_thread_blocked, id=5897, stack(0x00007f445f700000,0x00007f445f800000)]
  0x00007f44f9074800 JavaThread "Unconstrained build operations Thread 52" [_thread_blocked, id=5898, stack(0x00007f445f600000,0x00007f445f700000)]
  0x00007f44f903d000 JavaThread "Unconstrained build operations Thread 53" [_thread_blocked, id=5899, stack(0x00007f445f500000,0x00007f445f600000)]
  0x00007f44f9082000 JavaThread "Unconstrained build operations Thread 54" [_thread_blocked, id=5900, stack(0x00007f445f300000,0x00007f445f400000)]
  0x00007f44f90ad800 JavaThread "Unconstrained build operations Thread 55" [_thread_blocked, id=5901, stack(0x00007f445f100000,0x00007f445f200000)]
  0x00007f44f901b800 JavaThread "Unconstrained build operations Thread 56" [_thread_blocked, id=5902, stack(0x00007f445f000000,0x00007f445f100000)]
  0x00007f44fa1f7800 JavaThread "Unconstrained build operations Thread 57" [_thread_blocked, id=5903, stack(0x00007f445ee00000,0x00007f445ef00000)]
  0x00007f44f905a000 JavaThread "Unconstrained build operations Thread 58" [_thread_blocked, id=5904, stack(0x00007f445ed00000,0x00007f445ee00000)]
  0x00007f44f9056000 JavaThread "Unconstrained build operations Thread 59" [_thread_blocked, id=5905, stack(0x00007f445ec00000,0x00007f445ed00000)]
  0x00007f44f9053800 JavaThread "Unconstrained build operations Thread 60" [_thread_blocked, id=5906, stack(0x00007f445eb00000,0x00007f445ec00000)]
  0x00007f44f9080000 JavaThread "Unconstrained build operations Thread 61" [_thread_blocked, id=5907, stack(0x00007f445ea00000,0x00007f445eb00000)]
  0x00007f44f90c0000 JavaThread "Unconstrained build operations Thread 62" [_thread_blocked, id=5908, stack(0x00007f445e900000,0x00007f445ea00000)]
  0x00007f44f909b800 JavaThread "Unconstrained build operations Thread 63" [_thread_blocked, id=5909, stack(0x00007f445e800000,0x00007f445e900000)]
  0x00007f44fa1fb800 JavaThread "Unconstrained build operations Thread 64" [_thread_blocked, id=5910, stack(0x00007f445e600000,0x00007f445e700000)]
  0x00007f44f9023000 JavaThread "Unconstrained build operations Thread 65" [_thread_blocked, id=5911, stack(0x00007f445e500000,0x00007f445e600000)]
  0x00007f44fa09d800 JavaThread "Unconstrained build operations Thread 66" [_thread_blocked, id=5912, stack(0x00007f445e400000,0x00007f445e500000)]
  0x00007f44f9084000 JavaThread "Unconstrained build operations Thread 67" [_thread_blocked, id=5913, stack(0x00007f445e300000,0x00007f445e400000)]
  0x00007f44fa09a800 JavaThread "Unconstrained build operations Thread 68" [_thread_blocked, id=5914, stack(0x00007f445e200000,0x00007f445e300000)]
  0x00007f44f9027000 JavaThread "Unconstrained build operations Thread 69" [_thread_blocked, id=5915, stack(0x00007f445e000000,0x00007f445e100000)]
  0x00007f44f9010800 JavaThread "Unconstrained build operations Thread 70" [_thread_blocked, id=5916, stack(0x00007f445dd00000,0x00007f445de00000)]
  0x00007f44f9051800 JavaThread "Unconstrained build operations Thread 71" [_thread_blocked, id=5917, stack(0x00007f445dc00000,0x00007f445dd00000)]
  0x00007f44f90c7000 JavaThread "Unconstrained build operations Thread 72" [_thread_blocked, id=5918, stack(0x00007f445db00000,0x00007f445dc00000)]
  0x00007f44f8ffb800 JavaThread "Unconstrained build operations Thread 73" [_thread_blocked, id=5919, stack(0x00007f445da00000,0x00007f445db00000)]
  0x00007f44f9031000 JavaThread "Unconstrained build operations Thread 74" [_thread_blocked, id=5920, stack(0x00007f445d900000,0x00007f445da00000)]
  0x00007f44f90aa000 JavaThread "Unconstrained build operations Thread 75" [_thread_blocked, id=5921, stack(0x00007f445d800000,0x00007f445d900000)]
  0x00007f44f8ff8000 JavaThread "Unconstrained build operations Thread 76" [_thread_blocked, id=5922, stack(0x00007f445d700000,0x00007f445d800000)]
  0x00007f44f9049800 JavaThread "Unconstrained build operations Thread 77" [_thread_blocked, id=5923, stack(0x00007f445d500000,0x00007f445d600000)]
  0x00007f44f9064000 JavaThread "Unconstrained build operations Thread 78" [_thread_blocked, id=5924, stack(0x00007f445d300000,0x00007f445d400000)]
  0x00007f44f9095000 JavaThread "Unconstrained build operations Thread 79" [_thread_blocked, id=5925, stack(0x00007f445d200000,0x00007f445d300000)]
  0x00007f44f801d800 JavaThread "Unconstrained build operations Thread 80" [_thread_blocked, id=5926, stack(0x00007f445d100000,0x00007f445d200000)]
  0x00007f44fa0f2000 JavaThread "Unconstrained build operations Thread 81" [_thread_blocked, id=5927, stack(0x00007f445d000000,0x00007f445d100000)]
  0x00007f44fa093800 JavaThread "Unconstrained build operations Thread 82" [_thread_blocked, id=5928, stack(0x00007f445ce00000,0x00007f445cf00000)]
  0x00007f44f9066000 JavaThread "Unconstrained build operations Thread 83" [_thread_blocked, id=5929, stack(0x00007f445cc00000,0x00007f445cd00000)]
  0x00007f44f908e000 JavaThread "Unconstrained build operations Thread 84" [_thread_blocked, id=5930, stack(0x00007f445cb00000,0x00007f445cc00000)]
  0x00007f44f907a000 JavaThread "Unconstrained build operations Thread 85" [_thread_blocked, id=5931, stack(0x00007f445ca00000,0x00007f445cb00000)]
  0x00007f44f90b7000 JavaThread "Unconstrained build operations Thread 86" [_thread_blocked, id=5932, stack(0x00007f445c900000,0x00007f445ca00000)]
  0x00007f44f8ff2000 JavaThread "Unconstrained build operations Thread 87" [_thread_blocked, id=5933, stack(0x00007f445c800000,0x00007f445c900000)]
  0x00007f44f906c000 JavaThread "Unconstrained build operations Thread 88" [_thread_blocked, id=5934, stack(0x00007f445c700000,0x00007f445c800000)]
  0x00007f44f90b3800 JavaThread "Unconstrained build operations Thread 89" [_thread_blocked, id=5935, stack(0x00007f445c600000,0x00007f445c700000)]
  0x00007f44f9072800 JavaThread "Unconstrained build operations Thread 90" [_thread_blocked, id=5936, stack(0x00007f445c500000,0x00007f445c600000)]
  0x00007f44f8ffd000 JavaThread "Unconstrained build operations Thread 91" [_thread_blocked, id=5937, stack(0x00007f445c200000,0x00007f445c300000)]
  0x00007f44fa099000 JavaThread "Unconstrained build operations Thread 92" [_thread_blocked, id=5938, stack(0x00007f445c100000,0x00007f445c200000)]
  0x00007f44f9015000 JavaThread "Unconstrained build operations Thread 93" [_thread_blocked, id=5939, stack(0x00007f445c000000,0x00007f445c100000)]
  0x00007f44f9045800 JavaThread "Unconstrained build operations Thread 94" [_thread_blocked, id=5940, stack(0x00007f43efc00000,0x00007f43efd00000)]
  0x00007f44f9034800 JavaThread "Unconstrained build operations Thread 95" [_thread_blocked, id=5941, stack(0x00007f43efa00000,0x00007f43efb00000)]
  0x00007f44fa0a0800 JavaThread "Unconstrained build operations Thread 96" [_thread_blocked, id=5942, stack(0x00007f43ef800000,0x00007f43ef900000)]
  0x00007f44fa2c4800 JavaThread "Unconstrained build operations Thread 97" [_thread_blocked, id=5943, stack(0x00007f43ef700000,0x00007f43ef800000)]
  0x00007f44fa09f000 JavaThread "Unconstrained build operations Thread 98" [_thread_blocked, id=5944, stack(0x00007f43ef500000,0x00007f43ef600000)]
  0x00007f44f9025000 JavaThread "Unconstrained build operations Thread 99" [_thread_blocked, id=5945, stack(0x00007f43ef400000,0x00007f43ef500000)]
  0x00007f44f901d800 JavaThread "Unconstrained build operations Thread 100" [_thread_blocked, id=5946, stack(0x00007f43ef300000,0x00007f43ef400000)]
  0x00007f44f90cf800 JavaThread "Unconstrained build operations Thread 101" [_thread_blocked, id=5947, stack(0x00007f43ef200000,0x00007f43ef300000)]
  0x00007f44fa1fd000 JavaThread "Unconstrained build operations Thread 102" [_thread_blocked, id=5948, stack(0x00007f43ef100000,0x00007f43ef200000)]
  0x00007f44fa1fa800 JavaThread "Unconstrained build operations Thread 103" [_thread_blocked, id=5949, stack(0x00007f43ef000000,0x00007f43ef100000)]
  0x00007f44fa096800 JavaThread "Unconstrained build operations Thread 104" [_thread_blocked, id=5950, stack(0x00007f43eef00000,0x00007f43ef000000)]
  0x00007f44f9048000 JavaThread "Unconstrained build operations Thread 105" [_thread_blocked, id=5951, stack(0x00007f43eee00000,0x00007f43eef00000)]
  0x00007f44f90cd800 JavaThread "Unconstrained build operations Thread 106" [_thread_blocked, id=5952, stack(0x00007f43eea00000,0x00007f43eeb00000)]
  0x00007f44fa0f4000 JavaThread "Unconstrained build operations Thread 107" [_thread_blocked, id=5953, stack(0x00007f43ee900000,0x00007f43eea00000)]
  0x00007f44f904e000 JavaThread "Unconstrained build operations Thread 108" [_thread_blocked, id=5954, stack(0x00007f43ee700000,0x00007f43ee800000)]
  0x00007f44f906a800 JavaThread "Unconstrained build operations Thread 109" [_thread_blocked, id=5955, stack(0x00007f43ee600000,0x00007f43ee700000)]
  0x00007f44f906e800 JavaThread "Unconstrained build operations Thread 110" [_thread_blocked, id=5956, stack(0x00007f43ee400000,0x00007f43ee500000)]
  0x00007f44fa098000 JavaThread "Unconstrained build operations Thread 111" [_thread_blocked, id=5957, stack(0x00007f43ee300000,0x00007f43ee400000)]
  0x00007f44f908c800 JavaThread "Unconstrained build operations Thread 112" [_thread_blocked, id=5958, stack(0x00007f43ee200000,0x00007f43ee300000)]
  0x00007f44fa1f9000 JavaThread "Unconstrained build operations Thread 113" [_thread_blocked, id=5959, stack(0x00007f43ee100000,0x00007f43ee200000)]
  0x00007f44f90b1800 JavaThread "Unconstrained build operations Thread 114" [_thread_blocked, id=5960, stack(0x00007f43ee000000,0x00007f43ee100000)]
  0x00007f44f909f800 JavaThread "Unconstrained build operations Thread 115" [_thread_blocked, id=5961, stack(0x00007f43edf00000,0x00007f43ee000000)]
  0x00007f44f90c2000 JavaThread "Unconstrained build operations Thread 116" [_thread_blocked, id=5962, stack(0x00007f43edc00000,0x00007f43edd00000)]
  0x00007f44fa09c000 JavaThread "Unconstrained build operations Thread 117" [_thread_blocked, id=5963, stack(0x00007f43edb00000,0x00007f43edc00000)]
  0x00007f44f9f78000 JavaThread "Unconstrained build operations Thread 118" [_thread_blocked, id=5964, stack(0x00007f43eda00000,0x00007f43edb00000)]
  0x00007f44fa2ca000 JavaThread "Unconstrained build operations Thread 119" [_thread_blocked, id=5965, stack(0x00007f43ed900000,0x00007f43eda00000)]
  0x00007f44fa2cb000 JavaThread "Unconstrained build operations Thread 120" [_thread_blocked, id=5966, stack(0x00007f43ed800000,0x00007f43ed900000)]
  0x00007f44fa62b000 JavaThread "build event listener" [_thread_blocked, id=5967, stack(0x00007f43ed600000,0x00007f43ed700000)]
  0x00007f44fa625000 JavaThread "included builds" [_thread_in_Java, id=5968, stack(0x00007f43ed300000,0x00007f43ed400000)]
  0x00007f442401d000 JavaThread "Execution worker for ':'" [_thread_blocked, id=5969, stack(0x00007f43ea600000,0x00007f43ea700000)]
  0x00007f442401d800 JavaThread "Execution worker for ':' Thread 2" [_thread_blocked, id=5970, stack(0x00007f43ea400000,0x00007f43ea500000)]
  0x00007f442401e800 JavaThread "Execution worker for ':' Thread 3" [_thread_blocked, id=5971, stack(0x00007f43ea300000,0x00007f43ea400000)]
  0x00007f442000e800 JavaThread "Cache worker for execution history cache (/home/arenas/AndroidStudioProjects/multimoney-nextgen-android/.gradle/7.4.2/executionHistory)" [_thread_blocked, id=5972, stack(0x00007f43ea200000,0x00007f43ea300000)]
  0x00007f442401f800 JavaThread "Execution worker for ':' Thread 4" [_thread_blocked, id=5973, stack(0x00007f43ea100000,0x00007f43ea200000)]
  0x00007f4424020000 JavaThread "Execution worker for ':' Thread 5" [_thread_blocked, id=5974, stack(0x00007f43ea000000,0x00007f43ea100000)]
  0x00007f4424021800 JavaThread "Execution worker for ':' Thread 6" [_thread_blocked, id=5975, stack(0x00007f43e9f00000,0x00007f43ea000000)]
  0x00007f4424022800 JavaThread "Execution worker for ':' Thread 7" [_thread_blocked, id=5976, stack(0x00007f43e9e00000,0x00007f43e9f00000)]
  0x00007f4424023800 JavaThread "Execution worker for ':' Thread 8" [_thread_blocked, id=5977, stack(0x00007f43e9d00000,0x00007f43e9e00000)]
  0x00007f4424025000 JavaThread "Execution worker for ':' Thread 9" [_thread_blocked, id=5978, stack(0x00007f43e9c00000,0x00007f43e9d00000)]
  0x00007f4424026000 JavaThread "Execution worker for ':' Thread 10" [_thread_blocked, id=5979, stack(0x00007f43e9b00000,0x00007f43e9c00000)]
  0x00007f4424027800 JavaThread "Execution worker for ':' Thread 11" [_thread_blocked, id=5980, stack(0x00007f43e8cf6000,0x00007f43e8df6000)]
  0x00007f4424048800 JavaThread "WorkerExecutor Queue" [_thread_blocked, id=5983, stack(0x00007f43e8bf6000,0x00007f43e8cf6000)]
  0x00007f4438015000 JavaThread "WorkerExecutor Queue Thread 2" [_thread_blocked, id=5984, stack(0x00007f43e8af6000,0x00007f43e8bf6000)]
  0x00007f4424037000 JavaThread "WorkerExecutor Queue Thread 3" [_thread_blocked, id=5985, stack(0x00007f43e89f6000,0x00007f43e8af6000)]
  0x00007f4438016000 JavaThread "WorkerExecutor Queue Thread 4" [_thread_blocked, id=5986, stack(0x00007f43e88f6000,0x00007f43e89f6000)]
  0x00007f444c041000 JavaThread "WorkerExecutor Queue Thread 5" [_thread_blocked, id=5987, stack(0x00007f43e87f6000,0x00007f43e88f6000)]
  0x00007f4438023800 JavaThread "WorkerExecutor Queue Thread 6" [_thread_blocked, id=5992, stack(0x00007f43e86f6000,0x00007f43e87f6000)]
  0x00007f444c03b000 JavaThread "WorkerExecutor Queue Thread 7" [_thread_blocked, id=5995, stack(0x00007f43e85f6000,0x00007f43e86f6000)]
  0x00007f4428313000 JavaThread "WorkerExecutor Queue Thread 8" [_thread_blocked, id=6002, stack(0x00007f43e84f6000,0x00007f43e85f6000)]
  0x00007f442838a000 JavaThread "WorkerExecutor Queue Thread 10" [_thread_blocked, id=6004, stack(0x00007f43e82f6000,0x00007f43e83f6000)]
  0x00007f443012c800 JavaThread "WorkerExecutor Queue Thread 11" [_thread_blocked, id=6022, stack(0x00007f43e70f6000,0x00007f43e71f6000)]
  0x00007f4444008000 JavaThread "WorkerExecutor Queue Thread 12" [_thread_blocked, id=6024, stack(0x00007f43e6300000,0x00007f43e6400000)]
  0x00007f4478149800 JavaThread "WorkerExecutor Queue Thread 13" [_thread_blocked, id=6027, stack(0x00007f43e81f6000,0x00007f43e82f6000)]
  0x00007f4474008000 JavaThread "pool-7-thread-1" [_thread_blocked, id=6028, stack(0x00007f43e4900000,0x00007f43e4a00000)]
  0x00007f4474008800 JavaThread "stderr" [_thread_in_native, id=6030, stack(0x00007f43e4800000,0x00007f43e4900000)]
  0x00007f4474009800 JavaThread "stdout" [_thread_in_native, id=6031, stack(0x00007f43e4700000,0x00007f43e4800000)]
  0x00007f44c80f9000 JavaThread "RMI TCP Connection(idle)" daemon [_thread_blocked, id=6035, stack(0x00007f43e2700000,0x00007f43e2800000)]
  0x00007f4444081800 JavaThread "Build operations" [_thread_blocked, id=6037, stack(0x00007f43e2600000,0x00007f43e2700000)]
  0x00007f44440ca000 JavaThread "Build operations Thread 2" [_thread_blocked, id=6038, stack(0x00007f43e2500000,0x00007f43e2600000)]
  0x00007f44440cb000 JavaThread "Build operations Thread 3" [_thread_blocked, id=6039, stack(0x00007f43e2400000,0x00007f43e2500000)]
  0x00007f44440cc800 JavaThread "Build operations Thread 4" [_thread_blocked, id=6040, stack(0x00007f43e2300000,0x00007f43e2400000)]
  0x00007f44440ce000 JavaThread "Build operations Thread 5" [_thread_blocked, id=6041, stack(0x00007f43e2200000,0x00007f43e2300000)]
  0x00007f44440cf800 JavaThread "Build operations Thread 6" [_thread_blocked, id=6042, stack(0x00007f43e2100000,0x00007f43e2200000)]
  0x00007f44440da000 JavaThread "Build operations Thread 7" [_thread_blocked, id=6043, stack(0x00007f43e2000000,0x00007f43e2100000)]
  0x00007f44440da800 JavaThread "Build operations Thread 8" [_thread_blocked, id=6044, stack(0x00007f43e1f00000,0x00007f43e2000000)]
  0x00007f44440dc000 JavaThread "Build operations Thread 9" [_thread_blocked, id=6045, stack(0x00007f43e1e00000,0x00007f43e1f00000)]
  0x00007f44440dd800 JavaThread "Build operations Thread 10" [_thread_blocked, id=6046, stack(0x00007f43e1d00000,0x00007f43e1e00000)]
  0x00007f44440df000 JavaThread "Build operations Thread 11" [_thread_blocked, id=6047, stack(0x00007f43e1c00000,0x00007f43e1d00000)]
  0x00007f44440e0800 JavaThread "Build operations Thread 12" [_thread_blocked, id=6048, stack(0x00007f43e1b00000,0x00007f43e1c00000)]
  0x00007f44c80f7800 JavaThread "RMI TCP Connection(idle)" daemon [_thread_blocked, id=6052, stack(0x00007f43e1800000,0x00007f43e1900000)]
  0x00007f44c82fa000 JavaThread "RMI TCP Connection(idle)" daemon [_thread_blocked, id=6054, stack(0x00007f43e1700000,0x00007f43e1800000)]
  0x00007f4488864800 JavaThread "process reaper" daemon [_thread_blocked, id=6060, stack(0x00007f4565e78000,0x00007f4565e9a000)]
  0x00007f44c8708800 JavaThread "RMI TCP Connection(idle)" daemon [_thread_blocked, id=6065, stack(0x00007f43e4400000,0x00007f43e4500000)]
  0x00007f44c8413000 JavaThread "RMI TCP Connection(25)-127.0.0.1" daemon [_thread_in_native, id=6117, stack(0x00007f43e0400000,0x00007f43e0500000)]
  0x00007f446001f800 JavaThread "RMI RenewClean-[127.0.0.1:17615,org.jetbrains.kotlin.daemon.common.LoopbackNetworkInterface$ClientLoopbackSocketFactory@4ad57209]" daemon [_thread_blocked, id=6139, stack(0x00007f445cf00000,0x00007f445d000000)]
  0x00007f45401f0800 JavaThread "C2 CompilerThread1" daemon [_thread_in_native, id=6168, stack(0x00007f445d600000,0x00007f445d700000)]
=>0x00007f45401f1800 JavaThread "C2 CompilerThread2" daemon [_thread_in_native, id=6169, stack(0x00007f43ea500000,0x00007f43ea600000)]

Other Threads:
  0x00007f458c1c4800 VMThread "VM Thread" [stack: 0x00007f4590491000,0x00007f4590591000] [id=4315]
  0x00007f458c2ab000 WatcherThread [stack: 0x00007f4578221000,0x00007f4578321000] [id=4324]
  0x00007f458c02f000 GCTaskThread "GC Thread#0" [stack: 0x00007f459337a000,0x00007f459347a000] [id=4310]
  0x00007f455c001000 GCTaskThread "GC Thread#1" [stack: 0x00007f4565ee0000,0x00007f4565fe0000] [id=4327]
  0x00007f455c002800 GCTaskThread "GC Thread#2" [stack: 0x00007f4565b00000,0x00007f4565c00000] [id=4328]
  0x00007f455c004000 GCTaskThread "GC Thread#3" [stack: 0x00007f45652d6000,0x00007f45653d6000] [id=4329]
  0x00007f455c006000 GCTaskThread "GC Thread#4" [stack: 0x00007f45651d4000,0x00007f45652d4000] [id=4330]
  0x00007f455c007800 GCTaskThread "GC Thread#5" [stack: 0x00007f45650d2000,0x00007f45651d2000] [id=4331]
  0x00007f455c0da000 GCTaskThread "GC Thread#6" [stack: 0x00007f44f7800000,0x00007f44f7900000] [id=4347]
  0x00007f455c0db800 GCTaskThread "GC Thread#7" [stack: 0x00007f44f76fe000,0x00007f44f77fe000] [id=4348]
  0x00007f455c0dd000 GCTaskThread "GC Thread#8" [stack: 0x00007f44f75fc000,0x00007f44f76fc000] [id=4349]
  0x00007f455c0df000 GCTaskThread "GC Thread#9" [stack: 0x00007f44f74fa000,0x00007f44f75fa000] [id=4350]
  0x00007f458c062000 ConcurrentGCThread "G1 Main Marker" [stack: 0x00007f4591be9000,0x00007f4591ce9000] [id=4311]
  0x00007f458c064000 ConcurrentGCThread "G1 Conc#0" [stack: 0x00007f4591ae7000,0x00007f4591be7000] [id=4312]
  0x00007f4568001000 ConcurrentGCThread "G1 Conc#1" [stack: 0x00007f44f73f8000,0x00007f44f74f8000] [id=4351]
  0x00007f4568002800 ConcurrentGCThread "G1 Conc#2" [stack: 0x00007f44f72f6000,0x00007f44f73f6000] [id=4352]
  0x00007f458c15d800 ConcurrentGCThread "G1 Refine#0" [stack: 0x00007f4590fdb000,0x00007f45910db000] [id=4313]
  0x00007f4560006000 ConcurrentGCThread "G1 Refine#1" [stack: 0x00007f43e9400000,0x00007f43e9500000] [id=5009]
  0x00007f4458007800 ConcurrentGCThread "G1 Refine#2" [stack: 0x00007f43e92fe000,0x00007f43e93fe000] [id=5010]
  0x00007f4464008800 ConcurrentGCThread "G1 Refine#3" [stack: 0x00007f43e91fc000,0x00007f43e92fc000] [id=5011]
  0x00007f4460022000 ConcurrentGCThread "G1 Refine#4" [stack: 0x00007f43e90fa000,0x00007f43e91fa000] [id=5012]
  0x00007f446c014800 ConcurrentGCThread "G1 Refine#5" [stack: 0x00007f43e8ff8000,0x00007f43e90f8000] [id=5013]
  0x00007f458c15f000 ConcurrentGCThread "G1 Young RemSet Sampling" [stack: 0x00007f4590ed9000,0x00007f4590fd9000] [id=4314]

Threads with active compile tasks:
C2 CompilerThread0 218022 55070       4       org.objectweb.asm.ClassReader::accept (1412 bytes)
C1 CompilerThread0 218022 55125       3       org.gradle.internal.watch.vfs.impl.WatchingVirtualFileSystem$3$$Lambda$1129/0x0000000100caf440::update (21 bytes)
C2 CompilerThread1 218022 55089       4       jdk.nio.zipfs.ZipCoder$UTF8::getBytes (40 bytes)
C2 CompilerThread2 218022 55063       4       org.objectweb.asm.ClassWriter::toByteArray (1535 bytes)

VM state:not at safepoint (normal execution)

VM Mutex/Monitor currently owned by a thread: None

Heap address: 0x0000000080000000, size: 2048 MB, Compressed Oops mode: 32-bit
Narrow klass base: 0x0000000000000000, Narrow klass shift: 3
Compressed class space size: 1073741824 Address: 0x0000000100000000

Heap:
 garbage-first heap   total 1496064K, used 1114954K [0x0000000080000000, 0x0000000100000000)
  region size 1024K, 617 young (631808K), 19 survivors (19456K)
 Metaspace       used 207268K, capacity 214480K, committed 214600K, reserved 1236992K
  class space    used 24488K, capacity 27178K, committed 27288K, reserved 1048576K
Heap Regions: E=young(eden), S=young(survivor), O=old, HS=humongous(starts), HC=humongous(continues), CS=collection set, F=free, A=archive, TAMS=top-at-mark-start (previous, next)
|   0|0x0000000080000000, 0x0000000080100000, 0x0000000080100000|100%| O|  |TAMS 0x0000000080100000, 0x0000000080000000| Untracked 
|   1|0x0000000080100000, 0x0000000080200000, 0x0000000080200000|100%| O|  |TAMS 0x0000000080200000, 0x0000000080100000| Untracked 
|   2|0x0000000080200000, 0x0000000080300000, 0x0000000080300000|100%| O|  |TAMS 0x0000000080300000, 0x0000000080200000| Untracked 
|   3|0x0000000080300000, 0x0000000080400000, 0x0000000080400000|100%|HS|  |TAMS 0x0000000080400000, 0x0000000080300000| Complete 
|   4|0x0000000080400000, 0x0000000080500000, 0x0000000080500000|100%|HC|  |TAMS 0x0000000080500000, 0x0000000080400000| Complete 
|   5|0x0000000080500000, 0x0000000080600000, 0x0000000080600000|100%|HC|  |TAMS 0x0000000080600000, 0x0000000080500000| Complete 
|   6|0x0000000080600000, 0x0000000080700000, 0x0000000080700000|100%| O|  |TAMS 0x0000000080700000, 0x0000000080600000| Untracked 
|   7|0x0000000080700000, 0x0000000080800000, 0x0000000080800000|100%| O|  |TAMS 0x0000000080800000, 0x0000000080700000| Untracked 
|   8|0x0000000080800000, 0x0000000080900000, 0x0000000080900000|100%| O|  |TAMS 0x0000000080900000, 0x0000000080800000| Untracked 
|   9|0x0000000080900000, 0x0000000080a00000, 0x0000000080a00000|100%| O|  |TAMS 0x0000000080a00000, 0x0000000080900000| Untracked 
|  10|0x0000000080a00000, 0x0000000080b00000, 0x0000000080b00000|100%| O|  |TAMS 0x0000000080b00000, 0x0000000080a00000| Untracked 
|  11|0x0000000080b00000, 0x0000000080c00000, 0x0000000080c00000|100%| O|  |TAMS 0x0000000080c00000, 0x0000000080b00000| Untracked 
|  12|0x0000000080c00000, 0x0000000080d00000, 0x0000000080d00000|100%| O|  |TAMS 0x0000000080d00000, 0x0000000080c00000| Untracked 
|  13|0x0000000080d00000, 0x0000000080e00000, 0x0000000080e00000|100%| O|  |TAMS 0x0000000080e00000, 0x0000000080d00000| Untracked 
|  14|0x0000000080e00000, 0x0000000080f00000, 0x0000000080f00000|100%| O|  |TAMS 0x0000000080f00000, 0x0000000080e00000| Untracked 
|  15|0x0000000080f00000, 0x0000000081000000, 0x0000000081000000|100%| O|  |TAMS 0x0000000081000000, 0x0000000080f00000| Untracked 
|  16|0x0000000081000000, 0x0000000081100000, 0x0000000081100000|100%|HS|  |TAMS 0x0000000081100000, 0x0000000081000000| Complete 
|  17|0x0000000081100000, 0x0000000081200000, 0x0000000081200000|100%|HS|  |TAMS 0x0000000081200000, 0x0000000081100000| Complete 
|  18|0x0000000081200000, 0x0000000081300000, 0x0000000081300000|100%|HS|  |TAMS 0x0000000081300000, 0x0000000081200000| Complete 
|  19|0x0000000081300000, 0x0000000081400000, 0x0000000081400000|100%| O|  |TAMS 0x0000000081400000, 0x0000000081300000| Untracked 
|  20|0x0000000081400000, 0x0000000081500000, 0x0000000081500000|100%| O|  |TAMS 0x0000000081500000, 0x0000000081400000| Untracked 
|  21|0x0000000081500000, 0x0000000081600000, 0x0000000081600000|100%| O|  |TAMS 0x0000000081600000, 0x0000000081500000| Untracked 
|  22|0x0000000081600000, 0x0000000081700000, 0x0000000081700000|100%| O|  |TAMS 0x0000000081700000, 0x0000000081600000| Untracked 
|  23|0x0000000081700000, 0x0000000081800000, 0x0000000081800000|100%| O|  |TAMS 0x0000000081800000, 0x0000000081700000| Untracked 
|  24|0x0000000081800000, 0x0000000081900000, 0x0000000081900000|100%|HS|  |TAMS 0x0000000081900000, 0x0000000081800000| Complete 
|  25|0x0000000081900000, 0x0000000081a00000, 0x0000000081a00000|100%|HS|  |TAMS 0x0000000081a00000, 0x0000000081900000| Complete 
|  26|0x0000000081a00000, 0x0000000081b00000, 0x0000000081b00000|100%|HS|  |TAMS 0x0000000081b00000, 0x0000000081a00000| Complete 
|  27|0x0000000081b00000, 0x0000000081c00000, 0x0000000081c00000|100%|HC|  |TAMS 0x0000000081c00000, 0x0000000081b00000| Complete 
|  28|0x0000000081c00000, 0x0000000081d00000, 0x0000000081d00000|100%|HC|  |TAMS 0x0000000081d00000, 0x0000000081c00000| Complete 
|  29|0x0000000081d00000, 0x0000000081e00000, 0x0000000081e00000|100%|HS|  |TAMS 0x0000000081e00000, 0x0000000081d00000| Complete 
|  30|0x0000000081e00000, 0x0000000081f00000, 0x0000000081f00000|100%|HC|  |TAMS 0x0000000081f00000, 0x0000000081e00000| Complete 
|  31|0x0000000081f00000, 0x0000000082000000, 0x0000000082000000|100%| O|  |TAMS 0x0000000082000000, 0x0000000081f00000| Untracked 
|  32|0x0000000082000000, 0x0000000082100000, 0x0000000082100000|100%| O|  |TAMS 0x0000000082100000, 0x0000000082000000| Untracked 
|  33|0x0000000082100000, 0x0000000082200000, 0x0000000082200000|100%| O|  |TAMS 0x0000000082200000, 0x0000000082100000| Untracked 
|  34|0x0000000082200000, 0x0000000082300000, 0x0000000082300000|100%| O|  |TAMS 0x0000000082300000, 0x0000000082200000| Untracked 
|  35|0x0000000082300000, 0x0000000082400000, 0x0000000082400000|100%| O|  |TAMS 0x0000000082400000, 0x0000000082300000| Untracked 
|  36|0x0000000082400000, 0x0000000082500000, 0x0000000082500000|100%| O|  |TAMS 0x0000000082500000, 0x0000000082400000| Untracked 
|  37|0x0000000082500000, 0x0000000082600000, 0x0000000082600000|100%| O|  |TAMS 0x0000000082600000, 0x0000000082500000| Untracked 
|  38|0x0000000082600000, 0x0000000082700000, 0x0000000082700000|100%| O|  |TAMS 0x0000000082700000, 0x0000000082600000| Untracked 
|  39|0x0000000082700000, 0x0000000082800000, 0x0000000082800000|100%| O|  |TAMS 0x0000000082800000, 0x0000000082700000| Untracked 
|  40|0x0000000082800000, 0x0000000082900000, 0x0000000082900000|100%| O|  |TAMS 0x0000000082900000, 0x0000000082800000| Untracked 
|  41|0x0000000082900000, 0x0000000082a00000, 0x0000000082a00000|100%| O|  |TAMS 0x0000000082a00000, 0x0000000082900000| Untracked 
|  42|0x0000000082a00000, 0x0000000082b00000, 0x0000000082b00000|100%| O|  |TAMS 0x0000000082b00000, 0x0000000082a00000| Untracked 
|  43|0x0000000082b00000, 0x0000000082c00000, 0x0000000082c00000|100%| O|  |TAMS 0x0000000082c00000, 0x0000000082b00000| Untracked 
|  44|0x0000000082c00000, 0x0000000082d00000, 0x0000000082d00000|100%| O|  |TAMS 0x0000000082d00000, 0x0000000082c00000| Untracked 
|  45|0x0000000082d00000, 0x0000000082e00000, 0x0000000082e00000|100%| O|  |TAMS 0x0000000082e00000, 0x0000000082d00000| Untracked 
|  46|0x0000000082e00000, 0x0000000082f00000, 0x0000000082f00000|100%| O|  |TAMS 0x0000000082f00000, 0x0000000082e00000| Untracked 
|  47|0x0000000082f00000, 0x0000000083000000, 0x0000000083000000|100%| O|  |TAMS 0x0000000083000000, 0x0000000082f00000| Untracked 
|  48|0x0000000083000000, 0x0000000083100000, 0x0000000083100000|100%| O|  |TAMS 0x0000000083100000, 0x0000000083000000| Untracked 
|  49|0x0000000083100000, 0x0000000083200000, 0x0000000083200000|100%| O|  |TAMS 0x0000000083200000, 0x0000000083100000| Untracked 
|  50|0x0000000083200000, 0x0000000083300000, 0x0000000083300000|100%| O|  |TAMS 0x0000000083300000, 0x0000000083200000| Untracked 
|  51|0x0000000083300000, 0x0000000083400000, 0x0000000083400000|100%| O|  |TAMS 0x0000000083400000, 0x0000000083300000| Untracked 
|  52|0x0000000083400000, 0x0000000083500000, 0x0000000083500000|100%| O|  |TAMS 0x0000000083500000, 0x0000000083400000| Untracked 
|  53|0x0000000083500000, 0x0000000083600000, 0x0000000083600000|100%| O|  |TAMS 0x0000000083600000, 0x0000000083500000| Untracked 
|  54|0x0000000083600000, 0x0000000083700000, 0x0000000083700000|100%| O|  |TAMS 0x0000000083700000, 0x0000000083600000| Untracked 
|  55|0x0000000083700000, 0x0000000083800000, 0x0000000083800000|100%| O|  |TAMS 0x0000000083800000, 0x0000000083700000| Untracked 
|  56|0x0000000083800000, 0x0000000083900000, 0x0000000083900000|100%| O|  |TAMS 0x0000000083900000, 0x0000000083800000| Untracked 
|  57|0x0000000083900000, 0x0000000083a00000, 0x0000000083a00000|100%| O|  |TAMS 0x0000000083a00000, 0x0000000083900000| Untracked 
|  58|0x0000000083a00000, 0x0000000083b00000, 0x0000000083b00000|100%| O|  |TAMS 0x0000000083b00000, 0x0000000083a00000| Untracked 
|  59|0x0000000083b00000, 0x0000000083c00000, 0x0000000083c00000|100%| O|  |TAMS 0x0000000083c00000, 0x0000000083b00000| Untracked 
|  60|0x0000000083c00000, 0x0000000083d00000, 0x0000000083d00000|100%| O|  |TAMS 0x0000000083d00000, 0x0000000083c00000| Untracked 
|  61|0x0000000083d00000, 0x0000000083e00000, 0x0000000083e00000|100%| O|  |TAMS 0x0000000083e00000, 0x0000000083d00000| Untracked 
|  62|0x0000000083e00000, 0x0000000083f00000, 0x0000000083f00000|100%| O|  |TAMS 0x0000000083f00000, 0x0000000083e00000| Untracked 
|  63|0x0000000083f00000, 0x0000000084000000, 0x0000000084000000|100%| O|  |TAMS 0x0000000084000000, 0x0000000083f00000| Untracked 
|  64|0x0000000084000000, 0x0000000084100000, 0x0000000084100000|100%| O|  |TAMS 0x0000000084100000, 0x0000000084000000| Untracked 
|  65|0x0000000084100000, 0x0000000084200000, 0x0000000084200000|100%| O|  |TAMS 0x0000000084200000, 0x0000000084100000| Untracked 
|  66|0x0000000084200000, 0x0000000084300000, 0x0000000084300000|100%| O|  |TAMS 0x0000000084300000, 0x0000000084200000| Untracked 
|  67|0x0000000084300000, 0x0000000084400000, 0x0000000084400000|100%| O|  |TAMS 0x0000000084400000, 0x0000000084300000| Untracked 
|  68|0x0000000084400000, 0x0000000084500000, 0x0000000084500000|100%| O|  |TAMS 0x0000000084500000, 0x0000000084400000| Untracked 
|  69|0x0000000084500000, 0x0000000084600000, 0x0000000084600000|100%| O|  |TAMS 0x0000000084600000, 0x0000000084500000| Untracked 
|  70|0x0000000084600000, 0x0000000084700000, 0x0000000084700000|100%| O|  |TAMS 0x0000000084700000, 0x0000000084600000| Untracked 
|  71|0x0000000084700000, 0x0000000084800000, 0x0000000084800000|100%| O|  |TAMS 0x0000000084800000, 0x0000000084700000| Untracked 
|  72|0x0000000084800000, 0x0000000084900000, 0x0000000084900000|100%| O|  |TAMS 0x0000000084900000, 0x0000000084800000| Untracked 
|  73|0x0000000084900000, 0x0000000084a00000, 0x0000000084a00000|100%| O|  |TAMS 0x0000000084a00000, 0x0000000084900000| Untracked 
|  74|0x0000000084a00000, 0x0000000084b00000, 0x0000000084b00000|100%| O|  |TAMS 0x0000000084b00000, 0x0000000084a00000| Untracked 
|  75|0x0000000084b00000, 0x0000000084c00000, 0x0000000084c00000|100%| O|  |TAMS 0x0000000084c00000, 0x0000000084b00000| Untracked 
|  76|0x0000000084c00000, 0x0000000084d00000, 0x0000000084d00000|100%| O|  |TAMS 0x0000000084d00000, 0x0000000084c00000| Untracked 
|  77|0x0000000084d00000, 0x0000000084e00000, 0x0000000084e00000|100%| O|  |TAMS 0x0000000084e00000, 0x0000000084d00000| Untracked 
|  78|0x0000000084e00000, 0x0000000084f00000, 0x0000000084f00000|100%| O|  |TAMS 0x0000000084f00000, 0x0000000084e00000| Untracked 
|  79|0x0000000084f00000, 0x0000000085000000, 0x0000000085000000|100%| O|  |TAMS 0x0000000085000000, 0x0000000084f00000| Untracked 
|  80|0x0000000085000000, 0x0000000085100000, 0x0000000085100000|100%| O|  |TAMS 0x0000000085100000, 0x0000000085000000| Untracked 
|  81|0x0000000085100000, 0x0000000085200000, 0x0000000085200000|100%| O|  |TAMS 0x0000000085200000, 0x0000000085100000| Untracked 
|  82|0x0000000085200000, 0x0000000085300000, 0x0000000085300000|100%| O|  |TAMS 0x0000000085300000, 0x0000000085200000| Untracked 
|  83|0x0000000085300000, 0x0000000085400000, 0x0000000085400000|100%| O|  |TAMS 0x0000000085400000, 0x0000000085300000| Untracked 
|  84|0x0000000085400000, 0x0000000085500000, 0x0000000085500000|100%| O|  |TAMS 0x0000000085500000, 0x0000000085400000| Untracked 
|  85|0x0000000085500000, 0x0000000085600000, 0x0000000085600000|100%| O|  |TAMS 0x0000000085500000, 0x0000000085500000| Untracked 
|  86|0x0000000085600000, 0x0000000085700000, 0x0000000085700000|100%| O|  |TAMS 0x0000000085700000, 0x0000000085600000| Untracked 
|  87|0x0000000085700000, 0x0000000085800000, 0x0000000085800000|100%| O|  |TAMS 0x0000000085800000, 0x0000000085700000| Untracked 
|  88|0x0000000085800000, 0x0000000085900000, 0x0000000085900000|100%| O|  |TAMS 0x0000000085900000, 0x0000000085800000| Untracked 
|  89|0x0000000085900000, 0x0000000085a00000, 0x0000000085a00000|100%| O|  |TAMS 0x0000000085a00000, 0x0000000085900000| Untracked 
|  90|0x0000000085a00000, 0x0000000085b00000, 0x0000000085b00000|100%| O|  |TAMS 0x0000000085b00000, 0x0000000085a00000| Untracked 
|  91|0x0000000085b00000, 0x0000000085c00000, 0x0000000085c00000|100%| O|  |TAMS 0x0000000085c00000, 0x0000000085b00000| Untracked 
|  92|0x0000000085c00000, 0x0000000085d00000, 0x0000000085d00000|100%| O|  |TAMS 0x0000000085d00000, 0x0000000085c00000| Untracked 
|  93|0x0000000085d00000, 0x0000000085e00000, 0x0000000085e00000|100%| O|  |TAMS 0x0000000085e00000, 0x0000000085d00000| Untracked 
|  94|0x0000000085e00000, 0x0000000085f00000, 0x0000000085f00000|100%| O|  |TAMS 0x0000000085f00000, 0x0000000085e00000| Untracked 
|  95|0x0000000085f00000, 0x0000000086000000, 0x0000000086000000|100%| O|  |TAMS 0x0000000086000000, 0x0000000085f00000| Untracked 
|  96|0x0000000086000000, 0x0000000086100000, 0x0000000086100000|100%| O|  |TAMS 0x0000000086000000, 0x0000000086000000| Untracked 
|  97|0x0000000086100000, 0x0000000086200000, 0x0000000086200000|100%| O|  |TAMS 0x0000000086200000, 0x0000000086100000| Untracked 
|  98|0x0000000086200000, 0x0000000086300000, 0x0000000086300000|100%| O|  |TAMS 0x0000000086200000, 0x0000000086200000| Untracked 
|  99|0x0000000086300000, 0x0000000086400000, 0x0000000086400000|100%| O|  |TAMS 0x0000000086400000, 0x0000000086300000| Untracked 
| 100|0x0000000086400000, 0x0000000086500000, 0x0000000086500000|100%| O|  |TAMS 0x0000000086500000, 0x0000000086400000| Untracked 
| 101|0x0000000086500000, 0x0000000086600000, 0x0000000086600000|100%| O|  |TAMS 0x0000000086600000, 0x0000000086500000| Untracked 
| 102|0x0000000086600000, 0x0000000086700000, 0x0000000086700000|100%| O|  |TAMS 0x0000000086700000, 0x0000000086600000| Untracked 
| 103|0x0000000086700000, 0x0000000086800000, 0x0000000086800000|100%| O|  |TAMS 0x0000000086800000, 0x0000000086700000| Untracked 
| 104|0x0000000086800000, 0x0000000086900000, 0x0000000086900000|100%| O|  |TAMS 0x0000000086800000, 0x0000000086800000| Untracked 
| 105|0x0000000086900000, 0x0000000086a00000, 0x0000000086a00000|100%| O|  |TAMS 0x0000000086900000, 0x0000000086900000| Untracked 
| 106|0x0000000086a00000, 0x0000000086b00000, 0x0000000086b00000|100%| O|  |TAMS 0x0000000086b00000, 0x0000000086a00000| Untracked 
| 107|0x0000000086b00000, 0x0000000086c00000, 0x0000000086c00000|100%| O|  |TAMS 0x0000000086c00000, 0x0000000086b00000| Untracked 
| 108|0x0000000086c00000, 0x0000000086d00000, 0x0000000086d00000|100%| O|  |TAMS 0x0000000086d00000, 0x0000000086c00000| Untracked 
| 109|0x0000000086d00000, 0x0000000086e00000, 0x0000000086e00000|100%| O|  |TAMS 0x0000000086e00000, 0x0000000086d00000| Untracked 
| 110|0x0000000086e00000, 0x0000000086f00000, 0x0000000086f00000|100%| O|  |TAMS 0x0000000086f00000, 0x0000000086e00000| Untracked 
| 111|0x0000000086f00000, 0x0000000087000000, 0x0000000087000000|100%| O|  |TAMS 0x0000000087000000, 0x0000000086f00000| Untracked 
| 112|0x0000000087000000, 0x0000000087100000, 0x0000000087100000|100%| O|  |TAMS 0x0000000087100000, 0x0000000087000000| Untracked 
| 113|0x0000000087100000, 0x0000000087200000, 0x0000000087200000|100%| O|  |TAMS 0x0000000087200000, 0x0000000087100000| Untracked 
| 114|0x0000000087200000, 0x0000000087300000, 0x0000000087300000|100%| O|  |TAMS 0x0000000087300000, 0x0000000087200000| Untracked 
| 115|0x0000000087300000, 0x0000000087400000, 0x0000000087400000|100%| O|  |TAMS 0x0000000087400000, 0x0000000087300000| Untracked 
| 116|0x0000000087400000, 0x0000000087500000, 0x0000000087500000|100%| O|  |TAMS 0x0000000087500000, 0x0000000087400000| Untracked 
| 117|0x0000000087500000, 0x0000000087600000, 0x0000000087600000|100%| O|  |TAMS 0x0000000087600000, 0x0000000087500000| Untracked 
| 118|0x0000000087600000, 0x0000000087700000, 0x0000000087700000|100%| O|  |TAMS 0x0000000087700000, 0x0000000087600000| Untracked 
| 119|0x0000000087700000, 0x0000000087800000, 0x0000000087800000|100%| O|  |TAMS 0x0000000087800000, 0x0000000087700000| Untracked 
| 120|0x0000000087800000, 0x0000000087900000, 0x0000000087900000|100%| O|  |TAMS 0x0000000087900000, 0x0000000087800000| Untracked 
| 121|0x0000000087900000, 0x0000000087a00000, 0x0000000087a00000|100%| O|  |TAMS 0x0000000087a00000, 0x0000000087900000| Untracked 
| 122|0x0000000087a00000, 0x0000000087b00000, 0x0000000087b00000|100%|HS|  |TAMS 0x0000000087b00000, 0x0000000087a00000| Complete 
| 123|0x0000000087b00000, 0x0000000087c00000, 0x0000000087c00000|100%|HC|  |TAMS 0x0000000087c00000, 0x0000000087b00000| Complete 
| 124|0x0000000087c00000, 0x0000000087d00000, 0x0000000087d00000|100%| O|  |TAMS 0x0000000087d00000, 0x0000000087c00000| Untracked 
| 125|0x0000000087d00000, 0x0000000087e00000, 0x0000000087e00000|100%| O|  |TAMS 0x0000000087e00000, 0x0000000087d00000| Untracked 
| 126|0x0000000087e00000, 0x0000000087f00000, 0x0000000087f00000|100%| O|  |TAMS 0x0000000087f00000, 0x0000000087e00000| Untracked 
| 127|0x0000000087f00000, 0x0000000088000000, 0x0000000088000000|100%| O|  |TAMS 0x0000000088000000, 0x0000000087f00000| Untracked 
| 128|0x0000000088000000, 0x0000000088100000, 0x0000000088100000|100%| O|  |TAMS 0x0000000088000000, 0x0000000088000000| Untracked 
| 129|0x0000000088100000, 0x0000000088200000, 0x0000000088200000|100%| O|  |TAMS 0x0000000088200000, 0x0000000088100000| Untracked 
| 130|0x0000000088200000, 0x0000000088300000, 0x0000000088300000|100%| O|  |TAMS 0x0000000088200000, 0x0000000088200000| Untracked 
| 131|0x0000000088300000, 0x0000000088400000, 0x0000000088400000|100%| O|  |TAMS 0x0000000088400000, 0x0000000088300000| Untracked 
| 132|0x0000000088400000, 0x0000000088500000, 0x0000000088500000|100%| O|  |TAMS 0x0000000088500000, 0x0000000088400000| Untracked 
| 133|0x0000000088500000, 0x0000000088600000, 0x0000000088600000|100%| O|  |TAMS 0x0000000088500000, 0x0000000088500000| Untracked 
| 134|0x0000000088600000, 0x0000000088700000, 0x0000000088700000|100%| O|  |TAMS 0x0000000088700000, 0x0000000088600000| Untracked 
| 135|0x0000000088700000, 0x0000000088800000, 0x0000000088800000|100%| O|  |TAMS 0x0000000088700000, 0x0000000088700000| Untracked 
| 136|0x0000000088800000, 0x0000000088900000, 0x0000000088900000|100%| O|  |TAMS 0x0000000088900000, 0x0000000088800000| Untracked 
| 137|0x0000000088900000, 0x0000000088a00000, 0x0000000088a00000|100%| O|  |TAMS 0x0000000088a00000, 0x0000000088900000| Untracked 
| 138|0x0000000088a00000, 0x0000000088b00000, 0x0000000088b00000|100%| O|  |TAMS 0x0000000088b00000, 0x0000000088a00000| Untracked 
| 139|0x0000000088b00000, 0x0000000088c00000, 0x0000000088c00000|100%| O|  |TAMS 0x0000000088c00000, 0x0000000088b00000| Untracked 
| 140|0x0000000088c00000, 0x0000000088d00000, 0x0000000088d00000|100%| O|  |TAMS 0x0000000088d00000, 0x0000000088c00000| Untracked 
| 141|0x0000000088d00000, 0x0000000088e00000, 0x0000000088e00000|100%| O|  |TAMS 0x0000000088e00000, 0x0000000088d00000| Untracked 
| 142|0x0000000088e00000, 0x0000000088f00000, 0x0000000088f00000|100%| O|  |TAMS 0x0000000088f00000, 0x0000000088e00000| Untracked 
| 143|0x0000000088f00000, 0x0000000089000000, 0x0000000089000000|100%| O|  |TAMS 0x0000000089000000, 0x0000000088f00000| Untracked 
| 144|0x0000000089000000, 0x0000000089100000, 0x0000000089100000|100%| O|  |TAMS 0x0000000089000000, 0x0000000089000000| Untracked 
| 145|0x0000000089100000, 0x0000000089200000, 0x0000000089200000|100%| O|  |TAMS 0x0000000089200000, 0x0000000089100000| Untracked 
| 146|0x0000000089200000, 0x0000000089300000, 0x0000000089300000|100%| O|  |TAMS 0x0000000089200000, 0x0000000089200000| Untracked 
| 147|0x0000000089300000, 0x0000000089400000, 0x0000000089400000|100%| O|  |TAMS 0x0000000089400000, 0x0000000089300000| Untracked 
| 148|0x0000000089400000, 0x0000000089500000, 0x0000000089500000|100%| O|  |TAMS 0x0000000089400000, 0x0000000089400000| Untracked 
| 149|0x0000000089500000, 0x0000000089600000, 0x0000000089600000|100%| O|  |TAMS 0x0000000089600000, 0x0000000089500000| Untracked 
| 150|0x0000000089600000, 0x0000000089700000, 0x0000000089700000|100%| O|  |TAMS 0x0000000089700000, 0x0000000089600000| Untracked 
| 151|0x0000000089700000, 0x0000000089800000, 0x0000000089800000|100%| O|  |TAMS 0x0000000089800000, 0x0000000089700000| Untracked 
| 152|0x0000000089800000, 0x0000000089900000, 0x0000000089900000|100%| O|  |TAMS 0x0000000089900000, 0x0000000089800000| Untracked 
| 153|0x0000000089900000, 0x0000000089a00000, 0x0000000089a00000|100%| O|  |TAMS 0x0000000089a00000, 0x0000000089900000| Untracked 
| 154|0x0000000089a00000, 0x0000000089b00000, 0x0000000089b00000|100%|HS|  |TAMS 0x0000000089b00000, 0x0000000089a00000| Complete 
| 155|0x0000000089b00000, 0x0000000089c00000, 0x0000000089c00000|100%|HC|  |TAMS 0x0000000089c00000, 0x0000000089b00000| Complete 
| 156|0x0000000089c00000, 0x0000000089d00000, 0x0000000089d00000|100%|HC|  |TAMS 0x0000000089d00000, 0x0000000089c00000| Complete 
| 157|0x0000000089d00000, 0x0000000089e00000, 0x0000000089e00000|100%| O|  |TAMS 0x0000000089e00000, 0x0000000089d00000| Untracked 
| 158|0x0000000089e00000, 0x0000000089f00000, 0x0000000089f00000|100%|HS|  |TAMS 0x0000000089f00000, 0x0000000089e00000| Complete 
| 159|0x0000000089f00000, 0x000000008a000000, 0x000000008a000000|100%|HC|  |TAMS 0x000000008a000000, 0x0000000089f00000| Complete 
| 160|0x000000008a000000, 0x000000008a100000, 0x000000008a100000|100%| O|  |TAMS 0x000000008a100000, 0x000000008a000000| Untracked 
| 161|0x000000008a100000, 0x000000008a200000, 0x000000008a200000|100%| O|  |TAMS 0x000000008a200000, 0x000000008a100000| Untracked 
| 162|0x000000008a200000, 0x000000008a300000, 0x000000008a300000|100%| O|  |TAMS 0x000000008a300000, 0x000000008a200000| Untracked 
| 163|0x000000008a300000, 0x000000008a400000, 0x000000008a400000|100%| O|  |TAMS 0x000000008a400000, 0x000000008a300000| Untracked 
| 164|0x000000008a400000, 0x000000008a500000, 0x000000008a500000|100%| O|  |TAMS 0x000000008a500000, 0x000000008a400000| Untracked 
| 165|0x000000008a500000, 0x000000008a600000, 0x000000008a600000|100%| O|  |TAMS 0x000000008a600000, 0x000000008a500000| Untracked 
| 166|0x000000008a600000, 0x000000008a700000, 0x000000008a700000|100%| O|  |TAMS 0x000000008a700000, 0x000000008a600000| Untracked 
| 167|0x000000008a700000, 0x000000008a800000, 0x000000008a800000|100%| O|  |TAMS 0x000000008a800000, 0x000000008a700000| Untracked 
| 168|0x000000008a800000, 0x000000008a900000, 0x000000008a900000|100%| O|  |TAMS 0x000000008a900000, 0x000000008a800000| Untracked 
| 169|0x000000008a900000, 0x000000008aa00000, 0x000000008aa00000|100%| O|  |TAMS 0x000000008aa00000, 0x000000008a900000| Untracked 
| 170|0x000000008aa00000, 0x000000008ab00000, 0x000000008ab00000|100%| O|  |TAMS 0x000000008ab00000, 0x000000008aa00000| Untracked 
| 171|0x000000008ab00000, 0x000000008ac00000, 0x000000008ac00000|100%| O|  |TAMS 0x000000008ac00000, 0x000000008ab00000| Untracked 
| 172|0x000000008ac00000, 0x000000008ad00000, 0x000000008ad00000|100%| O|  |TAMS 0x000000008ad00000, 0x000000008ac00000| Untracked 
| 173|0x000000008ad00000, 0x000000008ae00000, 0x000000008ae00000|100%| O|  |TAMS 0x000000008ae00000, 0x000000008ad00000| Untracked 
| 174|0x000000008ae00000, 0x000000008af00000, 0x000000008af00000|100%| O|  |TAMS 0x000000008af00000, 0x000000008ae00000| Untracked 
| 175|0x000000008af00000, 0x000000008b000000, 0x000000008b000000|100%| O|  |TAMS 0x000000008b000000, 0x000000008af00000| Untracked 
| 176|0x000000008b000000, 0x000000008b100000, 0x000000008b100000|100%| O|  |TAMS 0x000000008b100000, 0x000000008b000000| Untracked 
| 177|0x000000008b100000, 0x000000008b200000, 0x000000008b200000|100%| O|  |TAMS 0x000000008b200000, 0x000000008b100000| Untracked 
| 178|0x000000008b200000, 0x000000008b300000, 0x000000008b300000|100%| O|  |TAMS 0x000000008b200000, 0x000000008b200000| Untracked 
| 179|0x000000008b300000, 0x000000008b400000, 0x000000008b400000|100%| O|  |TAMS 0x000000008b300000, 0x000000008b300000| Untracked 
| 180|0x000000008b400000, 0x000000008b500000, 0x000000008b500000|100%| O|  |TAMS 0x000000008b500000, 0x000000008b400000| Untracked 
| 181|0x000000008b500000, 0x000000008b600000, 0x000000008b600000|100%| O|  |TAMS 0x000000008b600000, 0x000000008b500000| Untracked 
| 182|0x000000008b600000, 0x000000008b700000, 0x000000008b700000|100%| O|  |TAMS 0x000000008b700000, 0x000000008b600000| Untracked 
| 183|0x000000008b700000, 0x000000008b800000, 0x000000008b800000|100%| O|  |TAMS 0x000000008b800000, 0x000000008b700000| Untracked 
| 184|0x000000008b800000, 0x000000008b900000, 0x000000008b900000|100%| O|  |TAMS 0x000000008b800000, 0x000000008b800000| Untracked 
| 185|0x000000008b900000, 0x000000008ba00000, 0x000000008ba00000|100%| O|  |TAMS 0x000000008b900000, 0x000000008b900000| Untracked 
| 186|0x000000008ba00000, 0x000000008bb00000, 0x000000008bb00000|100%| O|  |TAMS 0x000000008ba00000, 0x000000008ba00000| Untracked 
| 187|0x000000008bb00000, 0x000000008bc00000, 0x000000008bc00000|100%| O|  |TAMS 0x000000008bc00000, 0x000000008bb00000| Untracked 
| 188|0x000000008bc00000, 0x000000008bd00000, 0x000000008bd00000|100%| O|  |TAMS 0x000000008bc00000, 0x000000008bc00000| Untracked 
| 189|0x000000008bd00000, 0x000000008be00000, 0x000000008be00000|100%| O|  |TAMS 0x000000008bd00000, 0x000000008bd00000| Untracked 
| 190|0x000000008be00000, 0x000000008bf00000, 0x000000008bf00000|100%| O|  |TAMS 0x000000008bf00000, 0x000000008be00000| Untracked 
| 191|0x000000008bf00000, 0x000000008c000000, 0x000000008c000000|100%| O|  |TAMS 0x000000008bf00000, 0x000000008bf00000| Untracked 
| 192|0x000000008c000000, 0x000000008c100000, 0x000000008c100000|100%| O|  |TAMS 0x000000008c100000, 0x000000008c000000| Untracked 
| 193|0x000000008c100000, 0x000000008c200000, 0x000000008c200000|100%| O|  |TAMS 0x000000008c100000, 0x000000008c100000| Untracked 
| 194|0x000000008c200000, 0x000000008c300000, 0x000000008c300000|100%| O|  |TAMS 0x000000008c300000, 0x000000008c200000| Untracked 
| 195|0x000000008c300000, 0x000000008c400000, 0x000000008c400000|100%| O|  |TAMS 0x000000008c400000, 0x000000008c300000| Untracked 
| 196|0x000000008c400000, 0x000000008c500000, 0x000000008c500000|100%| O|  |TAMS 0x000000008c500000, 0x000000008c400000| Untracked 
| 197|0x000000008c500000, 0x000000008c600000, 0x000000008c600000|100%| O|  |TAMS 0x000000008c600000, 0x000000008c500000| Untracked 
| 198|0x000000008c600000, 0x000000008c700000, 0x000000008c700000|100%| O|  |TAMS 0x000000008c600000, 0x000000008c600000| Untracked 
| 199|0x000000008c700000, 0x000000008c800000, 0x000000008c800000|100%| O|  |TAMS 0x000000008c700000, 0x000000008c700000| Untracked 
| 200|0x000000008c800000, 0x000000008c900000, 0x000000008c900000|100%| O|  |TAMS 0x000000008c900000, 0x000000008c800000| Untracked 
| 201|0x000000008c900000, 0x000000008ca00000, 0x000000008ca00000|100%| O|  |TAMS 0x000000008ca00000, 0x000000008c900000| Untracked 
| 202|0x000000008ca00000, 0x000000008caffff8, 0x000000008cb00000| 99%| O|  |TAMS 0x000000008caffff8, 0x000000008ca00000| Untracked 
| 203|0x000000008cb00000, 0x000000008cc00000, 0x000000008cc00000|100%| O|  |TAMS 0x000000008cc00000, 0x000000008cb00000| Untracked 
| 204|0x000000008cc00000, 0x000000008cd00000, 0x000000008cd00000|100%| O|  |TAMS 0x000000008cd00000, 0x000000008cc00000| Untracked 
| 205|0x000000008cd00000, 0x000000008ce00000, 0x000000008ce00000|100%| O|  |TAMS 0x000000008ce00000, 0x000000008cd00000| Untracked 
| 206|0x000000008ce00000, 0x000000008cf00000, 0x000000008cf00000|100%| O|  |TAMS 0x000000008cf00000, 0x000000008ce00000| Untracked 
| 207|0x000000008cf00000, 0x000000008d000000, 0x000000008d000000|100%| O|  |TAMS 0x000000008d000000, 0x000000008cf00000| Untracked 
| 208|0x000000008d000000, 0x000000008d100000, 0x000000008d100000|100%| O|  |TAMS 0x000000008d100000, 0x000000008d000000| Untracked 
| 209|0x000000008d100000, 0x000000008d200000, 0x000000008d200000|100%| O|  |TAMS 0x000000008d200000, 0x000000008d100000| Untracked 
| 210|0x000000008d200000, 0x000000008d300000, 0x000000008d300000|100%| O|  |TAMS 0x000000008d300000, 0x000000008d200000| Untracked 
| 211|0x000000008d300000, 0x000000008d400000, 0x000000008d400000|100%| O|  |TAMS 0x000000008d400000, 0x000000008d300000| Untracked 
| 212|0x000000008d400000, 0x000000008d500000, 0x000000008d500000|100%| O|  |TAMS 0x000000008d500000, 0x000000008d400000| Untracked 
| 213|0x000000008d500000, 0x000000008d600000, 0x000000008d600000|100%| O|  |TAMS 0x000000008d600000, 0x000000008d500000| Untracked 
| 214|0x000000008d600000, 0x000000008d700000, 0x000000008d700000|100%| O|  |TAMS 0x000000008d600000, 0x000000008d600000| Untracked 
| 215|0x000000008d700000, 0x000000008d800000, 0x000000008d800000|100%| O|  |TAMS 0x000000008d800000, 0x000000008d700000| Untracked 
| 216|0x000000008d800000, 0x000000008d900000, 0x000000008d900000|100%| O|  |TAMS 0x000000008d800000, 0x000000008d800000| Untracked 
| 217|0x000000008d900000, 0x000000008da00000, 0x000000008da00000|100%| O|  |TAMS 0x000000008da00000, 0x000000008d900000| Untracked 
| 218|0x000000008da00000, 0x000000008db00000, 0x000000008db00000|100%| O|  |TAMS 0x000000008db00000, 0x000000008da00000| Untracked 
| 219|0x000000008db00000, 0x000000008dc00000, 0x000000008dc00000|100%| O|  |TAMS 0x000000008dc00000, 0x000000008db00000| Untracked 
| 220|0x000000008dc00000, 0x000000008dd00000, 0x000000008dd00000|100%| O|  |TAMS 0x000000008dd00000, 0x000000008dc00000| Untracked 
| 221|0x000000008dd00000, 0x000000008de00000, 0x000000008de00000|100%| O|  |TAMS 0x000000008de00000, 0x000000008dd00000| Untracked 
| 222|0x000000008de00000, 0x000000008df00000, 0x000000008df00000|100%| O|  |TAMS 0x000000008df00000, 0x000000008de00000| Untracked 
| 223|0x000000008df00000, 0x000000008e000000, 0x000000008e000000|100%| O|  |TAMS 0x000000008e000000, 0x000000008df00000| Untracked 
| 224|0x000000008e000000, 0x000000008e100000, 0x000000008e100000|100%| O|  |TAMS 0x000000008e100000, 0x000000008e000000| Untracked 
| 225|0x000000008e100000, 0x000000008e200000, 0x000000008e200000|100%| O|  |TAMS 0x000000008e200000, 0x000000008e100000| Untracked 
| 226|0x000000008e200000, 0x000000008e300000, 0x000000008e300000|100%| O|  |TAMS 0x000000008e300000, 0x000000008e200000| Untracked 
| 227|0x000000008e300000, 0x000000008e400000, 0x000000008e400000|100%| O|  |TAMS 0x000000008e400000, 0x000000008e300000| Untracked 
| 228|0x000000008e400000, 0x000000008e500000, 0x000000008e500000|100%| O|  |TAMS 0x000000008e500000, 0x000000008e400000| Untracked 
| 229|0x000000008e500000, 0x000000008e600000, 0x000000008e600000|100%| O|  |TAMS 0x000000008e600000, 0x000000008e500000| Untracked 
| 230|0x000000008e600000, 0x000000008e700000, 0x000000008e700000|100%| O|  |TAMS 0x000000008e700000, 0x000000008e600000| Untracked 
| 231|0x000000008e700000, 0x000000008e800000, 0x000000008e800000|100%| O|  |TAMS 0x000000008e700000, 0x000000008e700000| Untracked 
| 232|0x000000008e800000, 0x000000008e900000, 0x000000008e900000|100%| O|  |TAMS 0x000000008e900000, 0x000000008e800000| Untracked 
| 233|0x000000008e900000, 0x000000008ea00000, 0x000000008ea00000|100%| O|  |TAMS 0x000000008e900000, 0x000000008e900000| Untracked 
| 234|0x000000008ea00000, 0x000000008eb00000, 0x000000008eb00000|100%| O|  |TAMS 0x000000008eb00000, 0x000000008ea00000| Untracked 
| 235|0x000000008eb00000, 0x000000008ec00000, 0x000000008ec00000|100%| O|  |TAMS 0x000000008ec00000, 0x000000008eb00000| Untracked 
| 236|0x000000008ec00000, 0x000000008ed00000, 0x000000008ed00000|100%| O|  |TAMS 0x000000008ed00000, 0x000000008ec00000| Untracked 
| 237|0x000000008ed00000, 0x000000008ee00000, 0x000000008ee00000|100%| O|  |TAMS 0x000000008ee00000, 0x000000008ed00000| Untracked 
| 238|0x000000008ee00000, 0x000000008ef00000, 0x000000008ef00000|100%| O|  |TAMS 0x000000008ee00000, 0x000000008ee00000| Untracked 
| 239|0x000000008ef00000, 0x000000008f000000, 0x000000008f000000|100%| O|  |TAMS 0x000000008f000000, 0x000000008ef00000| Untracked 
| 240|0x000000008f000000, 0x000000008f100000, 0x000000008f100000|100%|HS|  |TAMS 0x000000008f100000, 0x000000008f000000| Complete 
| 241|0x000000008f100000, 0x000000008f200000, 0x000000008f200000|100%|HC|  |TAMS 0x000000008f200000, 0x000000008f100000| Complete 
| 242|0x000000008f200000, 0x000000008f300000, 0x000000008f300000|100%|HC|  |TAMS 0x000000008f300000, 0x000000008f200000| Complete 
| 243|0x000000008f300000, 0x000000008f400000, 0x000000008f400000|100%| O|  |TAMS 0x000000008f300000, 0x000000008f300000| Untracked 
| 244|0x000000008f400000, 0x000000008f500000, 0x000000008f500000|100%| O|  |TAMS 0x000000008f500000, 0x000000008f400000| Untracked 
| 245|0x000000008f500000, 0x000000008f600000, 0x000000008f600000|100%| O|  |TAMS 0x000000008f600000, 0x000000008f500000| Untracked 
| 246|0x000000008f600000, 0x000000008f700000, 0x000000008f700000|100%| O|  |TAMS 0x000000008f700000, 0x000000008f600000| Untracked 
| 247|0x000000008f700000, 0x000000008f800000, 0x000000008f800000|100%| O|  |TAMS 0x000000008f800000, 0x000000008f700000| Untracked 
| 248|0x000000008f800000, 0x000000008f900000, 0x000000008f900000|100%| O|  |TAMS 0x000000008f900000, 0x000000008f800000| Untracked 
| 249|0x000000008f900000, 0x000000008fa00000, 0x000000008fa00000|100%| O|  |TAMS 0x000000008f900000, 0x000000008f900000| Untracked 
| 250|0x000000008fa00000, 0x000000008fb00000, 0x000000008fb00000|100%| O|  |TAMS 0x000000008fa00000, 0x000000008fa00000| Untracked 
| 251|0x000000008fb00000, 0x000000008fc00000, 0x000000008fc00000|100%| O|  |TAMS 0x000000008fc00000, 0x000000008fb00000| Untracked 
| 252|0x000000008fc00000, 0x000000008fd00000, 0x000000008fd00000|100%| O|  |TAMS 0x000000008fc00000, 0x000000008fc00000| Untracked 
| 253|0x000000008fd00000, 0x000000008fe00000, 0x000000008fe00000|100%| O|  |TAMS 0x000000008fd00000, 0x000000008fd00000| Untracked 
| 254|0x000000008fe00000, 0x000000008ff00000, 0x000000008ff00000|100%| O|  |TAMS 0x000000008ff00000, 0x000000008fe00000| Untracked 
| 255|0x000000008ff00000, 0x0000000090000000, 0x0000000090000000|100%| O|  |TAMS 0x000000008ff00000, 0x000000008ff00000| Untracked 
| 256|0x0000000090000000, 0x0000000090100000, 0x0000000090100000|100%| O|  |TAMS 0x0000000090000000, 0x0000000090000000| Untracked 
| 257|0x0000000090100000, 0x0000000090200000, 0x0000000090200000|100%| O|  |TAMS 0x0000000090100000, 0x0000000090100000| Untracked 
| 258|0x0000000090200000, 0x0000000090300000, 0x0000000090300000|100%| O|  |TAMS 0x0000000090300000, 0x0000000090200000| Untracked 
| 259|0x0000000090300000, 0x0000000090400000, 0x0000000090400000|100%| O|  |TAMS 0x0000000090400000, 0x0000000090300000| Untracked 
| 260|0x0000000090400000, 0x0000000090500000, 0x0000000090500000|100%| O|  |TAMS 0x0000000090500000, 0x0000000090400000| Untracked 
| 261|0x0000000090500000, 0x0000000090600000, 0x0000000090600000|100%| O|  |TAMS 0x0000000090600000, 0x0000000090500000| Untracked 
| 262|0x0000000090600000, 0x0000000090700000, 0x0000000090700000|100%| O|  |TAMS 0x0000000090700000, 0x0000000090600000| Untracked 
| 263|0x0000000090700000, 0x0000000090800000, 0x0000000090800000|100%| O|  |TAMS 0x0000000090800000, 0x0000000090700000| Untracked 
| 264|0x0000000090800000, 0x0000000090900000, 0x0000000090900000|100%| O|  |TAMS 0x0000000090800000, 0x0000000090800000| Untracked 
| 265|0x0000000090900000, 0x0000000090a00000, 0x0000000090a00000|100%| O|  |TAMS 0x0000000090900000, 0x0000000090900000| Untracked 
| 266|0x0000000090a00000, 0x0000000090b00000, 0x0000000090b00000|100%| O|  |TAMS 0x0000000090a00000, 0x0000000090a00000| Untracked 
| 267|0x0000000090b00000, 0x0000000090c00000, 0x0000000090c00000|100%| O|  |TAMS 0x0000000090b00000, 0x0000000090b00000| Untracked 
| 268|0x0000000090c00000, 0x0000000090d00000, 0x0000000090d00000|100%| O|  |TAMS 0x0000000090c00000, 0x0000000090c00000| Untracked 
| 269|0x0000000090d00000, 0x0000000090e00000, 0x0000000090e00000|100%| O|  |TAMS 0x0000000090d00000, 0x0000000090d00000| Untracked 
| 270|0x0000000090e00000, 0x0000000090f00000, 0x0000000090f00000|100%| O|  |TAMS 0x0000000090e00000, 0x0000000090e00000| Untracked 
| 271|0x0000000090f00000, 0x0000000091000000, 0x0000000091000000|100%| O|  |TAMS 0x0000000091000000, 0x0000000090f00000| Untracked 
| 272|0x0000000091000000, 0x0000000091100000, 0x0000000091100000|100%| O|  |TAMS 0x0000000091100000, 0x0000000091000000| Untracked 
| 273|0x0000000091100000, 0x0000000091200000, 0x0000000091200000|100%| O|  |TAMS 0x0000000091200000, 0x0000000091100000| Untracked 
| 274|0x0000000091200000, 0x0000000091300000, 0x0000000091300000|100%| O|  |TAMS 0x0000000091200000, 0x0000000091200000| Untracked 
| 275|0x0000000091300000, 0x0000000091400000, 0x0000000091400000|100%| O|  |TAMS 0x0000000091400000, 0x0000000091300000| Untracked 
| 276|0x0000000091400000, 0x0000000091500000, 0x0000000091500000|100%| O|  |TAMS 0x0000000091400000, 0x0000000091400000| Untracked 
| 277|0x0000000091500000, 0x0000000091600000, 0x0000000091600000|100%| O|  |TAMS 0x0000000091500000, 0x0000000091500000| Untracked 
| 278|0x0000000091600000, 0x0000000091700000, 0x0000000091700000|100%| O|  |TAMS 0x0000000091600000, 0x0000000091600000| Untracked 
| 279|0x0000000091700000, 0x0000000091800000, 0x0000000091800000|100%| O|  |TAMS 0x0000000091800000, 0x0000000091700000| Untracked 
| 280|0x0000000091800000, 0x0000000091900000, 0x0000000091900000|100%| O|  |TAMS 0x0000000091800000, 0x0000000091800000| Untracked 
| 281|0x0000000091900000, 0x0000000091a00000, 0x0000000091a00000|100%| O|  |TAMS 0x0000000091a00000, 0x0000000091900000| Untracked 
| 282|0x0000000091a00000, 0x0000000091b00000, 0x0000000091b00000|100%| O|  |TAMS 0x0000000091a00000, 0x0000000091a00000| Untracked 
| 283|0x0000000091b00000, 0x0000000091c00000, 0x0000000091c00000|100%| O|  |TAMS 0x0000000091b00000, 0x0000000091b00000| Untracked 
| 284|0x0000000091c00000, 0x0000000091d00000, 0x0000000091d00000|100%| O|  |TAMS 0x0000000091c00000, 0x0000000091c00000| Untracked 
| 285|0x0000000091d00000, 0x0000000091e00000, 0x0000000091e00000|100%| O|  |TAMS 0x0000000091e00000, 0x0000000091d00000| Untracked 
| 286|0x0000000091e00000, 0x0000000091f00000, 0x0000000091f00000|100%| O|  |TAMS 0x0000000091f00000, 0x0000000091e00000| Untracked 
| 287|0x0000000091f00000, 0x0000000092000000, 0x0000000092000000|100%| O|  |TAMS 0x0000000092000000, 0x0000000091f00000| Untracked 
| 288|0x0000000092000000, 0x0000000092100000, 0x0000000092100000|100%| O|  |TAMS 0x0000000092000000, 0x0000000092000000| Untracked 
| 289|0x0000000092100000, 0x0000000092200000, 0x0000000092200000|100%| O|  |TAMS 0x0000000092100000, 0x0000000092100000| Untracked 
| 290|0x0000000092200000, 0x0000000092300000, 0x0000000092300000|100%| O|  |TAMS 0x0000000092200000, 0x0000000092200000| Untracked 
| 291|0x0000000092300000, 0x0000000092400000, 0x0000000092400000|100%| O|  |TAMS 0x0000000092400000, 0x0000000092300000| Untracked 
| 292|0x0000000092400000, 0x0000000092500000, 0x0000000092500000|100%| O|  |TAMS 0x0000000092400000, 0x0000000092400000| Untracked 
| 293|0x0000000092500000, 0x0000000092600000, 0x0000000092600000|100%| O|  |TAMS 0x0000000092500000, 0x0000000092500000| Untracked 
| 294|0x0000000092600000, 0x0000000092700000, 0x0000000092700000|100%| O|  |TAMS 0x0000000092700000, 0x0000000092600000| Untracked 
| 295|0x0000000092700000, 0x0000000092800000, 0x0000000092800000|100%| O|  |TAMS 0x0000000092800000, 0x0000000092700000| Untracked 
| 296|0x0000000092800000, 0x0000000092900000, 0x0000000092900000|100%| O|  |TAMS 0x0000000092800000, 0x0000000092800000| Untracked 
| 297|0x0000000092900000, 0x0000000092a00000, 0x0000000092a00000|100%| O|  |TAMS 0x0000000092900000, 0x0000000092900000| Untracked 
| 298|0x0000000092a00000, 0x0000000092b00000, 0x0000000092b00000|100%| O|  |TAMS 0x0000000092a00000, 0x0000000092a00000| Untracked 
| 299|0x0000000092b00000, 0x0000000092c00000, 0x0000000092c00000|100%| O|  |TAMS 0x0000000092b00000, 0x0000000092b00000| Untracked 
| 300|0x0000000092c00000, 0x0000000092d00000, 0x0000000092d00000|100%| O|  |TAMS 0x0000000092c00000, 0x0000000092c00000| Untracked 
| 301|0x0000000092d00000, 0x0000000092e00000, 0x0000000092e00000|100%| O|  |TAMS 0x0000000092d00000, 0x0000000092d00000| Untracked 
| 302|0x0000000092e00000, 0x0000000092f00000, 0x0000000092f00000|100%| O|  |TAMS 0x0000000092e00000, 0x0000000092e00000| Untracked 
| 303|0x0000000092f00000, 0x0000000093000000, 0x0000000093000000|100%| O|  |TAMS 0x0000000092f00000, 0x0000000092f00000| Untracked 
| 304|0x0000000093000000, 0x0000000093100000, 0x0000000093100000|100%| O|  |TAMS 0x0000000093000000, 0x0000000093000000| Untracked 
| 305|0x0000000093100000, 0x0000000093200000, 0x0000000093200000|100%| O|  |TAMS 0x0000000093100000, 0x0000000093100000| Untracked 
| 306|0x0000000093200000, 0x0000000093300000, 0x0000000093300000|100%| O|  |TAMS 0x0000000093200000, 0x0000000093200000| Untracked 
| 307|0x0000000093300000, 0x0000000093400000, 0x0000000093400000|100%| O|  |TAMS 0x0000000093300000, 0x0000000093300000| Untracked 
| 308|0x0000000093400000, 0x0000000093500000, 0x0000000093500000|100%| O|  |TAMS 0x0000000093400000, 0x0000000093400000| Untracked 
| 309|0x0000000093500000, 0x0000000093600000, 0x0000000093600000|100%| O|  |TAMS 0x0000000093500000, 0x0000000093500000| Untracked 
| 310|0x0000000093600000, 0x0000000093700000, 0x0000000093700000|100%| O|  |TAMS 0x0000000093600000, 0x0000000093600000| Untracked 
| 311|0x0000000093700000, 0x0000000093800000, 0x0000000093800000|100%| O|  |TAMS 0x0000000093700000, 0x0000000093700000| Untracked 
| 312|0x0000000093800000, 0x0000000093900000, 0x0000000093900000|100%| O|  |TAMS 0x0000000093800000, 0x0000000093800000| Untracked 
| 313|0x0000000093900000, 0x0000000093a00000, 0x0000000093a00000|100%|HS|  |TAMS 0x0000000093900000, 0x0000000093900000| Complete 
| 314|0x0000000093a00000, 0x0000000093b00000, 0x0000000093b00000|100%|HC|  |TAMS 0x0000000093a00000, 0x0000000093a00000| Complete 
| 315|0x0000000093b00000, 0x0000000093c00000, 0x0000000093c00000|100%| O|  |TAMS 0x0000000093c00000, 0x0000000093b00000| Untracked 
| 316|0x0000000093c00000, 0x0000000093d00000, 0x0000000093d00000|100%| O|  |TAMS 0x0000000093d00000, 0x0000000093c00000| Untracked 
| 317|0x0000000093d00000, 0x0000000093e00000, 0x0000000093e00000|100%| O|  |TAMS 0x0000000093d00000, 0x0000000093d00000| Untracked 
| 318|0x0000000093e00000, 0x0000000093f00000, 0x0000000093f00000|100%| O|  |TAMS 0x0000000093e00000, 0x0000000093e00000| Untracked 
| 319|0x0000000093f00000, 0x0000000094000000, 0x0000000094000000|100%|HS|  |TAMS 0x0000000093f00000, 0x0000000093f00000| Complete 
| 320|0x0000000094000000, 0x0000000094100000, 0x0000000094100000|100%|HC|  |TAMS 0x0000000094000000, 0x0000000094000000| Complete 
| 321|0x0000000094100000, 0x0000000094200000, 0x0000000094200000|100%| O|  |TAMS 0x0000000094100000, 0x0000000094100000| Untracked 
| 322|0x0000000094200000, 0x0000000094300000, 0x0000000094300000|100%|HS|  |TAMS 0x0000000094200000, 0x0000000094200000| Complete 
| 323|0x0000000094300000, 0x0000000094400000, 0x0000000094400000|100%|HC|  |TAMS 0x0000000094300000, 0x0000000094300000| Complete 
| 324|0x0000000094400000, 0x0000000094500000, 0x0000000094500000|100%| O|  |TAMS 0x0000000094400000, 0x0000000094400000| Untracked 
| 325|0x0000000094500000, 0x0000000094600000, 0x0000000094600000|100%| O|  |TAMS 0x0000000094500000, 0x0000000094500000| Untracked 
| 326|0x0000000094600000, 0x0000000094700000, 0x0000000094700000|100%| O|  |TAMS 0x0000000094600000, 0x0000000094600000| Untracked 
| 327|0x0000000094700000, 0x0000000094800000, 0x0000000094800000|100%| O|  |TAMS 0x0000000094800000, 0x0000000094700000| Untracked 
| 328|0x0000000094800000, 0x0000000094900000, 0x0000000094900000|100%| O|  |TAMS 0x0000000094900000, 0x0000000094800000| Untracked 
| 329|0x0000000094900000, 0x0000000094a00000, 0x0000000094a00000|100%| O|  |TAMS 0x0000000094a00000, 0x0000000094900000| Untracked 
| 330|0x0000000094a00000, 0x0000000094b00000, 0x0000000094b00000|100%| O|  |TAMS 0x0000000094b00000, 0x0000000094a00000| Untracked 
| 331|0x0000000094b00000, 0x0000000094c00000, 0x0000000094c00000|100%| O|  |TAMS 0x0000000094b00000, 0x0000000094b00000| Untracked 
| 332|0x0000000094c00000, 0x0000000094d00000, 0x0000000094d00000|100%| O|  |TAMS 0x0000000094c00000, 0x0000000094c00000| Untracked 
| 333|0x0000000094d00000, 0x0000000094e00000, 0x0000000094e00000|100%| O|  |TAMS 0x0000000094e00000, 0x0000000094d00000| Untracked 
| 334|0x0000000094e00000, 0x0000000094f00000, 0x0000000094f00000|100%| O|  |TAMS 0x0000000094f00000, 0x0000000094e00000| Untracked 
| 335|0x0000000094f00000, 0x0000000095000000, 0x0000000095000000|100%| O|  |TAMS 0x0000000095000000, 0x0000000094f00000| Untracked 
| 336|0x0000000095000000, 0x0000000095100000, 0x0000000095100000|100%| O|  |TAMS 0x0000000095000000, 0x0000000095000000| Untracked 
| 337|0x0000000095100000, 0x0000000095200000, 0x0000000095200000|100%| O|  |TAMS 0x0000000095100000, 0x0000000095100000| Untracked 
| 338|0x0000000095200000, 0x0000000095300000, 0x0000000095300000|100%| O|  |TAMS 0x0000000095200000, 0x0000000095200000| Untracked 
| 339|0x0000000095300000, 0x0000000095400000, 0x0000000095400000|100%| O|  |TAMS 0x0000000095300000, 0x0000000095300000| Untracked 
| 340|0x0000000095400000, 0x0000000095500000, 0x0000000095500000|100%| O|  |TAMS 0x0000000095400000, 0x0000000095400000| Untracked 
| 341|0x0000000095500000, 0x0000000095600000, 0x0000000095600000|100%| O|  |TAMS 0x0000000095500000, 0x0000000095500000| Untracked 
| 342|0x0000000095600000, 0x0000000095700000, 0x0000000095700000|100%| O|  |TAMS 0x0000000095600000, 0x0000000095600000| Untracked 
| 343|0x0000000095700000, 0x0000000095800000, 0x0000000095800000|100%| O|  |TAMS 0x0000000095800000, 0x0000000095700000| Untracked 
| 344|0x0000000095800000, 0x0000000095900000, 0x0000000095900000|100%| O|  |TAMS 0x0000000095900000, 0x0000000095800000| Untracked 
| 345|0x0000000095900000, 0x0000000095a00000, 0x0000000095a00000|100%| O|  |TAMS 0x0000000095900000, 0x0000000095900000| Untracked 
| 346|0x0000000095a00000, 0x0000000095b00000, 0x0000000095b00000|100%| O|  |TAMS 0x0000000095b00000, 0x0000000095a00000| Untracked 
| 347|0x0000000095b00000, 0x0000000095c00000, 0x0000000095c00000|100%| O|  |TAMS 0x0000000095c00000, 0x0000000095b00000| Untracked 
| 348|0x0000000095c00000, 0x0000000095d00000, 0x0000000095d00000|100%| O|  |TAMS 0x0000000095c00000, 0x0000000095c00000| Untracked 
| 349|0x0000000095d00000, 0x0000000095e00000, 0x0000000095e00000|100%| O|  |TAMS 0x0000000095e00000, 0x0000000095d00000| Untracked 
| 350|0x0000000095e00000, 0x0000000095f00000, 0x0000000095f00000|100%| O|  |TAMS 0x0000000095e00000, 0x0000000095e00000| Untracked 
| 351|0x0000000095f00000, 0x0000000096000000, 0x0000000096000000|100%| O|  |TAMS 0x0000000095f00000, 0x0000000095f00000| Untracked 
| 352|0x0000000096000000, 0x0000000096100000, 0x0000000096100000|100%| O|  |TAMS 0x0000000096100000, 0x0000000096000000| Untracked 
| 353|0x0000000096100000, 0x0000000096200000, 0x0000000096200000|100%| O|  |TAMS 0x0000000096200000, 0x0000000096100000| Untracked 
| 354|0x0000000096200000, 0x0000000096300000, 0x0000000096300000|100%| O|  |TAMS 0x0000000096200000, 0x0000000096200000| Untracked 
| 355|0x0000000096300000, 0x0000000096400000, 0x0000000096400000|100%| O|  |TAMS 0x0000000096300000, 0x0000000096300000| Untracked 
| 356|0x0000000096400000, 0x0000000096500000, 0x0000000096500000|100%| O|  |TAMS 0x0000000096500000, 0x0000000096400000| Untracked 
| 357|0x0000000096500000, 0x0000000096600000, 0x0000000096600000|100%| O|  |TAMS 0x0000000096600000, 0x0000000096500000| Untracked 
| 358|0x0000000096600000, 0x0000000096700000, 0x0000000096700000|100%| O|  |TAMS 0x0000000096700000, 0x0000000096600000| Untracked 
| 359|0x0000000096700000, 0x0000000096800000, 0x0000000096800000|100%| O|  |TAMS 0x0000000096800000, 0x0000000096700000| Untracked 
| 360|0x0000000096800000, 0x0000000096900000, 0x0000000096900000|100%| O|  |TAMS 0x0000000096900000, 0x0000000096800000| Untracked 
| 361|0x0000000096900000, 0x0000000096a00000, 0x0000000096a00000|100%| O|  |TAMS 0x0000000096a00000, 0x0000000096900000| Untracked 
| 362|0x0000000096a00000, 0x0000000096b00000, 0x0000000096b00000|100%| O|  |TAMS 0x0000000096b00000, 0x0000000096a00000| Untracked 
| 363|0x0000000096b00000, 0x0000000096c00000, 0x0000000096c00000|100%| O|  |TAMS 0x0000000096c00000, 0x0000000096b00000| Untracked 
| 364|0x0000000096c00000, 0x0000000096d00000, 0x0000000096d00000|100%| O|  |TAMS 0x0000000096d00000, 0x0000000096c00000| Untracked 
| 365|0x0000000096d00000, 0x0000000096e00000, 0x0000000096e00000|100%| O|  |TAMS 0x0000000096e00000, 0x0000000096d00000| Untracked 
| 366|0x0000000096e00000, 0x0000000096f00000, 0x0000000096f00000|100%| O|  |TAMS 0x0000000096f00000, 0x0000000096e00000| Untracked 
| 367|0x0000000096f00000, 0x0000000097000000, 0x0000000097000000|100%| O|  |TAMS 0x0000000096f00000, 0x0000000096f00000| Untracked 
| 368|0x0000000097000000, 0x0000000097100000, 0x0000000097100000|100%| O|  |TAMS 0x0000000097000000, 0x0000000097000000| Untracked 
| 369|0x0000000097100000, 0x0000000097200000, 0x0000000097200000|100%| O|  |TAMS 0x0000000097100000, 0x0000000097100000| Untracked 
| 370|0x0000000097200000, 0x0000000097300000, 0x0000000097300000|100%| O|  |TAMS 0x0000000097200000, 0x0000000097200000| Untracked 
| 371|0x0000000097300000, 0x0000000097400000, 0x0000000097400000|100%| O|  |TAMS 0x0000000097300000, 0x0000000097300000| Untracked 
| 372|0x0000000097400000, 0x0000000097500000, 0x0000000097500000|100%| O|  |TAMS 0x0000000097400000, 0x0000000097400000| Untracked 
| 373|0x0000000097500000, 0x0000000097600000, 0x0000000097600000|100%| O|  |TAMS 0x0000000097600000, 0x0000000097500000| Untracked 
| 374|0x0000000097600000, 0x0000000097700000, 0x0000000097700000|100%| O|  |TAMS 0x0000000097700000, 0x0000000097600000| Untracked 
| 375|0x0000000097700000, 0x0000000097800000, 0x0000000097800000|100%| O|  |TAMS 0x0000000097800000, 0x0000000097700000| Untracked 
| 376|0x0000000097800000, 0x0000000097900000, 0x0000000097900000|100%| O|  |TAMS 0x0000000097900000, 0x0000000097800000| Untracked 
| 377|0x0000000097900000, 0x0000000097a00000, 0x0000000097a00000|100%| O|  |TAMS 0x0000000097900000, 0x0000000097900000| Untracked 
| 378|0x0000000097a00000, 0x0000000097b00000, 0x0000000097b00000|100%| O|  |TAMS 0x0000000097b00000, 0x0000000097a00000| Untracked 
| 379|0x0000000097b00000, 0x0000000097c00000, 0x0000000097c00000|100%| O|  |TAMS 0x0000000097c00000, 0x0000000097b00000| Untracked 
| 380|0x0000000097c00000, 0x0000000097d00000, 0x0000000097d00000|100%| O|  |TAMS 0x0000000097d00000, 0x0000000097c00000| Untracked 
| 381|0x0000000097d00000, 0x0000000097e00000, 0x0000000097e00000|100%| O|  |TAMS 0x0000000097d00000, 0x0000000097d00000| Untracked 
| 382|0x0000000097e00000, 0x0000000097f00000, 0x0000000097f00000|100%| O|  |TAMS 0x0000000097e00000, 0x0000000097e00000| Untracked 
| 383|0x0000000097f00000, 0x0000000098000000, 0x0000000098000000|100%| O|  |TAMS 0x0000000097f00000, 0x0000000097f00000| Untracked 
| 384|0x0000000098000000, 0x0000000098100000, 0x0000000098100000|100%| O|  |TAMS 0x0000000098000000, 0x0000000098000000| Untracked 
| 385|0x0000000098100000, 0x0000000098200000, 0x0000000098200000|100%| O|  |TAMS 0x0000000098100000, 0x0000000098100000| Untracked 
| 386|0x0000000098200000, 0x0000000098300000, 0x0000000098300000|100%| O|  |TAMS 0x0000000098200000, 0x0000000098200000| Untracked 
| 387|0x0000000098300000, 0x0000000098400000, 0x0000000098400000|100%| O|  |TAMS 0x0000000098400000, 0x0000000098300000| Untracked 
| 388|0x0000000098400000, 0x0000000098500000, 0x0000000098500000|100%| O|  |TAMS 0x0000000098400000, 0x0000000098400000| Untracked 
| 389|0x0000000098500000, 0x0000000098600000, 0x0000000098600000|100%| O|  |TAMS 0x0000000098500000, 0x0000000098500000| Untracked 
| 390|0x0000000098600000, 0x0000000098700000, 0x0000000098700000|100%| O|  |TAMS 0x0000000098700000, 0x0000000098600000| Untracked 
| 391|0x0000000098700000, 0x0000000098800000, 0x0000000098800000|100%| O|  |TAMS 0x0000000098700000, 0x0000000098700000| Untracked 
| 392|0x0000000098800000, 0x0000000098900000, 0x0000000098900000|100%| O|  |TAMS 0x0000000098800000, 0x0000000098800000| Untracked 
| 393|0x0000000098900000, 0x0000000098a00000, 0x0000000098a00000|100%| O|  |TAMS 0x0000000098900000, 0x0000000098900000| Untracked 
| 394|0x0000000098a00000, 0x0000000098b00000, 0x0000000098b00000|100%| O|  |TAMS 0x0000000098a00000, 0x0000000098a00000| Untracked 
| 395|0x0000000098b00000, 0x0000000098c00000, 0x0000000098c00000|100%| O|  |TAMS 0x0000000098c00000, 0x0000000098b00000| Untracked 
| 396|0x0000000098c00000, 0x0000000098d00000, 0x0000000098d00000|100%| O|  |TAMS 0x0000000098c00000, 0x0000000098c00000| Untracked 
| 397|0x0000000098d00000, 0x0000000098e00000, 0x0000000098e00000|100%| O|  |TAMS 0x0000000098d00000, 0x0000000098d00000| Untracked 
| 398|0x0000000098e00000, 0x0000000098f00000, 0x0000000098f00000|100%| O|  |TAMS 0x0000000098e00000, 0x0000000098e00000| Untracked 
| 399|0x0000000098f00000, 0x0000000099000000, 0x0000000099000000|100%| O|  |TAMS 0x0000000098f00000, 0x0000000098f00000| Untracked 
| 400|0x0000000099000000, 0x0000000099100000, 0x0000000099100000|100%| O|  |TAMS 0x0000000099100000, 0x0000000099000000| Untracked 
| 401|0x0000000099100000, 0x0000000099200000, 0x0000000099200000|100%| O|  |TAMS 0x0000000099100000, 0x0000000099100000| Untracked 
| 402|0x0000000099200000, 0x0000000099300000, 0x0000000099300000|100%| O|  |TAMS 0x0000000099200000, 0x0000000099200000| Untracked 
| 403|0x0000000099300000, 0x0000000099400000, 0x0000000099400000|100%| O|  |TAMS 0x0000000099300000, 0x0000000099300000| Untracked 
| 404|0x0000000099400000, 0x0000000099500000, 0x0000000099500000|100%| O|  |TAMS 0x0000000099500000, 0x0000000099400000| Untracked 
| 405|0x0000000099500000, 0x0000000099600000, 0x0000000099600000|100%| O|  |TAMS 0x0000000099600000, 0x0000000099500000| Untracked 
| 406|0x0000000099600000, 0x0000000099700000, 0x0000000099700000|100%| O|  |TAMS 0x0000000099700000, 0x0000000099600000| Untracked 
| 407|0x0000000099700000, 0x0000000099800000, 0x0000000099800000|100%| O|  |TAMS 0x0000000099800000, 0x0000000099700000| Untracked 
| 408|0x0000000099800000, 0x0000000099900000, 0x0000000099900000|100%| O|  |TAMS 0x0000000099900000, 0x0000000099800000| Untracked 
| 409|0x0000000099900000, 0x0000000099a00000, 0x0000000099a00000|100%| O|  |TAMS 0x0000000099a00000, 0x0000000099900000| Untracked 
| 410|0x0000000099a00000, 0x0000000099b00000, 0x0000000099b00000|100%| O|  |TAMS 0x0000000099b00000, 0x0000000099a00000| Untracked 
| 411|0x0000000099b00000, 0x0000000099c00000, 0x0000000099c00000|100%| O|  |TAMS 0x0000000099c00000, 0x0000000099b00000| Untracked 
| 412|0x0000000099c00000, 0x0000000099d00000, 0x0000000099d00000|100%| O|  |TAMS 0x0000000099d00000, 0x0000000099c00000| Untracked 
| 413|0x0000000099d00000, 0x0000000099e00000, 0x0000000099e00000|100%| O|  |TAMS 0x0000000099e00000, 0x0000000099d00000| Untracked 
| 414|0x0000000099e00000, 0x0000000099f00000, 0x0000000099f00000|100%| O|  |TAMS 0x0000000099e00000, 0x0000000099e00000| Untracked 
| 415|0x0000000099f00000, 0x000000009a000000, 0x000000009a000000|100%| O|  |TAMS 0x000000009a000000, 0x0000000099f00000| Untracked 
| 416|0x000000009a000000, 0x000000009a100000, 0x000000009a100000|100%| O|  |TAMS 0x000000009a100000, 0x000000009a000000| Untracked 
| 417|0x000000009a100000, 0x000000009a200000, 0x000000009a200000|100%| O|  |TAMS 0x000000009a200000, 0x000000009a100000| Untracked 
| 418|0x000000009a200000, 0x000000009a300000, 0x000000009a300000|100%| O|  |TAMS 0x000000009a300000, 0x000000009a200000| Untracked 
| 419|0x000000009a300000, 0x000000009a400000, 0x000000009a400000|100%| O|  |TAMS 0x000000009a400000, 0x000000009a300000| Untracked 
| 420|0x000000009a400000, 0x000000009a500000, 0x000000009a500000|100%| O|  |TAMS 0x000000009a500000, 0x000000009a400000| Untracked 
| 421|0x000000009a500000, 0x000000009a600000, 0x000000009a600000|100%| O|  |TAMS 0x000000009a600000, 0x000000009a500000| Untracked 
| 422|0x000000009a600000, 0x000000009a700000, 0x000000009a700000|100%| O|  |TAMS 0x000000009a600000, 0x000000009a600000| Untracked 
| 423|0x000000009a700000, 0x000000009a800000, 0x000000009a800000|100%| O|  |TAMS 0x000000009a700000, 0x000000009a700000| Untracked 
| 424|0x000000009a800000, 0x000000009a900000, 0x000000009a900000|100%| O|  |TAMS 0x000000009a800000, 0x000000009a800000| Untracked 
| 425|0x000000009a900000, 0x000000009aa00000, 0x000000009aa00000|100%| O|  |TAMS 0x000000009a900000, 0x000000009a900000| Untracked 
| 426|0x000000009aa00000, 0x000000009ab00000, 0x000000009ab00000|100%| O|  |TAMS 0x000000009aa00000, 0x000000009aa00000| Untracked 
| 427|0x000000009ab00000, 0x000000009ac00000, 0x000000009ac00000|100%| O|  |TAMS 0x000000009ab00000, 0x000000009ab00000| Untracked 
| 428|0x000000009ac00000, 0x000000009ad00000, 0x000000009ad00000|100%| O|  |TAMS 0x000000009ac00000, 0x000000009ac00000| Untracked 
| 429|0x000000009ad00000, 0x000000009ae00000, 0x000000009ae00000|100%| O|  |TAMS 0x000000009ad00000, 0x000000009ad00000| Untracked 
| 430|0x000000009ae00000, 0x000000009af00000, 0x000000009af00000|100%| O|  |TAMS 0x000000009ae00000, 0x000000009ae00000| Untracked 
| 431|0x000000009af00000, 0x000000009b000000, 0x000000009b000000|100%| O|  |TAMS 0x000000009af00000, 0x000000009af00000| Untracked 
| 432|0x000000009b000000, 0x000000009b052a00, 0x000000009b100000| 32%| O|  |TAMS 0x000000009b000000, 0x000000009b000000| Untracked 
| 433|0x000000009b100000, 0x000000009b200000, 0x000000009b200000|100%|HS|  |TAMS 0x000000009b100000, 0x000000009b100000| Complete 
| 434|0x000000009b200000, 0x000000009b300000, 0x000000009b300000|100%|HS|  |TAMS 0x000000009b200000, 0x000000009b200000| Complete 
| 435|0x000000009b300000, 0x000000009b400000, 0x000000009b400000|100%|HS|  |TAMS 0x000000009b300000, 0x000000009b300000| Complete 
| 436|0x000000009b400000, 0x000000009b500000, 0x000000009b500000|100%|HC|  |TAMS 0x000000009b400000, 0x000000009b400000| Complete 
| 437|0x000000009b500000, 0x000000009b600000, 0x000000009b600000|100%|HS|  |TAMS 0x000000009b500000, 0x000000009b500000| Complete 
| 438|0x000000009b600000, 0x000000009b700000, 0x000000009b700000|100%|HC|  |TAMS 0x000000009b600000, 0x000000009b600000| Complete 
| 439|0x000000009b700000, 0x000000009b800000, 0x000000009b800000|100%|HS|  |TAMS 0x000000009b700000, 0x000000009b700000| Complete 
| 440|0x000000009b800000, 0x000000009b900000, 0x000000009b900000|100%|HC|  |TAMS 0x000000009b800000, 0x000000009b800000| Complete 
| 441|0x000000009b900000, 0x000000009b900000, 0x000000009ba00000|  0%| F|  |TAMS 0x000000009b900000, 0x000000009b900000| Untracked 
| 442|0x000000009ba00000, 0x000000009ba00000, 0x000000009bb00000|  0%| F|  |TAMS 0x000000009ba00000, 0x000000009ba00000| Untracked 
| 443|0x000000009bb00000, 0x000000009bb00000, 0x000000009bc00000|  0%| F|  |TAMS 0x000000009bb00000, 0x000000009bb00000| Untracked 
| 444|0x000000009bc00000, 0x000000009bc00000, 0x000000009bd00000|  0%| F|  |TAMS 0x000000009bc00000, 0x000000009bc00000| Untracked 
| 445|0x000000009bd00000, 0x000000009bd00000, 0x000000009be00000|  0%| F|  |TAMS 0x000000009bd00000, 0x000000009bd00000| Untracked 
| 446|0x000000009be00000, 0x000000009be00000, 0x000000009bf00000|  0%| F|  |TAMS 0x000000009be00000, 0x000000009be00000| Untracked 
| 447|0x000000009bf00000, 0x000000009bf00000, 0x000000009c000000|  0%| F|  |TAMS 0x000000009bf00000, 0x000000009bf00000| Untracked 
| 448|0x000000009c000000, 0x000000009c000000, 0x000000009c100000|  0%| F|  |TAMS 0x000000009c000000, 0x000000009c000000| Untracked 
| 449|0x000000009c100000, 0x000000009c100000, 0x000000009c200000|  0%| F|  |TAMS 0x000000009c100000, 0x000000009c100000| Untracked 
| 450|0x000000009c200000, 0x000000009c200000, 0x000000009c300000|  0%| F|  |TAMS 0x000000009c200000, 0x000000009c200000| Untracked 
| 451|0x000000009c300000, 0x000000009c300000, 0x000000009c400000|  0%| F|  |TAMS 0x000000009c300000, 0x000000009c300000| Untracked 
| 452|0x000000009c400000, 0x000000009c400000, 0x000000009c500000|  0%| F|  |TAMS 0x000000009c400000, 0x000000009c400000| Untracked 
| 453|0x000000009c500000, 0x000000009c500000, 0x000000009c600000|  0%| F|  |TAMS 0x000000009c500000, 0x000000009c500000| Untracked 
| 454|0x000000009c600000, 0x000000009c600000, 0x000000009c700000|  0%| F|  |TAMS 0x000000009c600000, 0x000000009c600000| Untracked 
| 455|0x000000009c700000, 0x000000009c700000, 0x000000009c800000|  0%| F|  |TAMS 0x000000009c700000, 0x000000009c700000| Untracked 
| 456|0x000000009c800000, 0x000000009c800000, 0x000000009c900000|  0%| F|  |TAMS 0x000000009c800000, 0x000000009c800000| Untracked 
| 457|0x000000009c900000, 0x000000009c900000, 0x000000009ca00000|  0%| F|  |TAMS 0x000000009c900000, 0x000000009c900000| Untracked 
| 458|0x000000009ca00000, 0x000000009ca00000, 0x000000009cb00000|  0%| F|  |TAMS 0x000000009ca00000, 0x000000009ca00000| Untracked 
| 459|0x000000009cb00000, 0x000000009cb00000, 0x000000009cc00000|  0%| F|  |TAMS 0x000000009cb00000, 0x000000009cb00000| Untracked 
| 460|0x000000009cc00000, 0x000000009cc00000, 0x000000009cd00000|  0%| F|  |TAMS 0x000000009cc00000, 0x000000009cc00000| Untracked 
| 461|0x000000009cd00000, 0x000000009cd00000, 0x000000009ce00000|  0%| F|  |TAMS 0x000000009cd00000, 0x000000009cd00000| Untracked 
| 462|0x000000009ce00000, 0x000000009ce00000, 0x000000009cf00000|  0%| F|  |TAMS 0x000000009ce00000, 0x000000009ce00000| Untracked 
| 463|0x000000009cf00000, 0x000000009cf00000, 0x000000009d000000|  0%| F|  |TAMS 0x000000009cf00000, 0x000000009cf00000| Untracked 
| 464|0x000000009d000000, 0x000000009d000000, 0x000000009d100000|  0%| F|  |TAMS 0x000000009d000000, 0x000000009d000000| Untracked 
| 465|0x000000009d100000, 0x000000009d100000, 0x000000009d200000|  0%| F|  |TAMS 0x000000009d100000, 0x000000009d100000| Untracked 
| 466|0x000000009d200000, 0x000000009d200000, 0x000000009d300000|  0%| F|  |TAMS 0x000000009d200000, 0x000000009d200000| Untracked 
| 467|0x000000009d300000, 0x000000009d300000, 0x000000009d400000|  0%| F|  |TAMS 0x000000009d300000, 0x000000009d300000| Untracked 
| 468|0x000000009d400000, 0x000000009d400000, 0x000000009d500000|  0%| F|  |TAMS 0x000000009d400000, 0x000000009d400000| Untracked 
| 469|0x000000009d500000, 0x000000009d500000, 0x000000009d600000|  0%| F|  |TAMS 0x000000009d500000, 0x000000009d500000| Untracked 
| 470|0x000000009d600000, 0x000000009d600000, 0x000000009d700000|  0%| F|  |TAMS 0x000000009d600000, 0x000000009d600000| Untracked 
| 471|0x000000009d700000, 0x000000009d700000, 0x000000009d800000|  0%| F|  |TAMS 0x000000009d700000, 0x000000009d700000| Untracked 
| 472|0x000000009d800000, 0x000000009d800000, 0x000000009d900000|  0%| F|  |TAMS 0x000000009d800000, 0x000000009d800000| Untracked 
| 473|0x000000009d900000, 0x000000009d900000, 0x000000009da00000|  0%| F|  |TAMS 0x000000009d900000, 0x000000009d900000| Untracked 
| 474|0x000000009da00000, 0x000000009da00000, 0x000000009db00000|  0%| F|  |TAMS 0x000000009da00000, 0x000000009da00000| Untracked 
| 475|0x000000009db00000, 0x000000009db00000, 0x000000009dc00000|  0%| F|  |TAMS 0x000000009db00000, 0x000000009db00000| Untracked 
| 476|0x000000009dc00000, 0x000000009dc00000, 0x000000009dd00000|  0%| F|  |TAMS 0x000000009dc00000, 0x000000009dc00000| Untracked 
| 477|0x000000009dd00000, 0x000000009dd00000, 0x000000009de00000|  0%| F|  |TAMS 0x000000009dd00000, 0x000000009dd00000| Untracked 
| 478|0x000000009de00000, 0x000000009de00000, 0x000000009df00000|  0%| F|  |TAMS 0x000000009de00000, 0x000000009de00000| Untracked 
| 479|0x000000009df00000, 0x000000009df00000, 0x000000009e000000|  0%| F|  |TAMS 0x000000009df00000, 0x000000009df00000| Untracked 
| 480|0x000000009e000000, 0x000000009e100000, 0x000000009e100000|100%| O|  |TAMS 0x000000009e100000, 0x000000009e000000| Untracked 
| 481|0x000000009e100000, 0x000000009e200000, 0x000000009e200000|100%| O|  |TAMS 0x000000009e200000, 0x000000009e100000| Untracked 
| 482|0x000000009e200000, 0x000000009e300000, 0x000000009e300000|100%| O|  |TAMS 0x000000009e300000, 0x000000009e200000| Untracked 
| 483|0x000000009e300000, 0x000000009e300000, 0x000000009e400000|  0%| F|  |TAMS 0x000000009e300000, 0x000000009e300000| Untracked 
| 484|0x000000009e400000, 0x000000009e400000, 0x000000009e500000|  0%| F|  |TAMS 0x000000009e400000, 0x000000009e400000| Untracked 
| 485|0x000000009e500000, 0x000000009e500000, 0x000000009e600000|  0%| F|  |TAMS 0x000000009e500000, 0x000000009e500000| Untracked 
| 486|0x000000009e600000, 0x000000009e600000, 0x000000009e700000|  0%| F|  |TAMS 0x000000009e600000, 0x000000009e600000| Untracked 
| 487|0x000000009e700000, 0x000000009e800000, 0x000000009e800000|100%| O|  |TAMS 0x000000009e800000, 0x000000009e700000| Untracked 
| 488|0x000000009e800000, 0x000000009e800000, 0x000000009e900000|  0%| F|  |TAMS 0x000000009e800000, 0x000000009e800000| Untracked 
| 489|0x000000009e900000, 0x000000009ea00000, 0x000000009ea00000|100%| O|  |TAMS 0x000000009ea00000, 0x000000009e900000| Untracked 
| 490|0x000000009ea00000, 0x000000009ea00000, 0x000000009eb00000|  0%| F|  |TAMS 0x000000009ea00000, 0x000000009ea00000| Untracked 
| 491|0x000000009eb00000, 0x000000009eb00000, 0x000000009ec00000|  0%| F|  |TAMS 0x000000009eb00000, 0x000000009eb00000| Untracked 
| 492|0x000000009ec00000, 0x000000009ec00000, 0x000000009ed00000|  0%| F|  |TAMS 0x000000009ec00000, 0x000000009ec00000| Untracked 
| 493|0x000000009ed00000, 0x000000009ed00000, 0x000000009ee00000|  0%| F|  |TAMS 0x000000009ed00000, 0x000000009ed00000| Untracked 
| 494|0x000000009ee00000, 0x000000009ee00000, 0x000000009ef00000|  0%| F|  |TAMS 0x000000009ee00000, 0x000000009ee00000| Untracked 
| 495|0x000000009ef00000, 0x000000009ef00000, 0x000000009f000000|  0%| F|  |TAMS 0x000000009ef00000, 0x000000009ef00000| Untracked 
| 496|0x000000009f000000, 0x000000009f000000, 0x000000009f100000|  0%| F|  |TAMS 0x000000009f000000, 0x000000009f000000| Untracked 
| 497|0x000000009f100000, 0x000000009f100000, 0x000000009f200000|  0%| F|  |TAMS 0x000000009f100000, 0x000000009f100000| Untracked 
| 498|0x000000009f200000, 0x000000009f200000, 0x000000009f300000|  0%| F|  |TAMS 0x000000009f200000, 0x000000009f200000| Untracked 
| 499|0x000000009f300000, 0x000000009f300000, 0x000000009f400000|  0%| F|  |TAMS 0x000000009f300000, 0x000000009f300000| Untracked 
| 500|0x000000009f400000, 0x000000009f400000, 0x000000009f500000|  0%| F|  |TAMS 0x000000009f400000, 0x000000009f400000| Untracked 
| 501|0x000000009f500000, 0x000000009f500000, 0x000000009f600000|  0%| F|  |TAMS 0x000000009f500000, 0x000000009f500000| Untracked 
| 502|0x000000009f600000, 0x000000009f600000, 0x000000009f700000|  0%| F|  |TAMS 0x000000009f600000, 0x000000009f600000| Untracked 
| 503|0x000000009f700000, 0x000000009f700000, 0x000000009f800000|  0%| F|  |TAMS 0x000000009f700000, 0x000000009f700000| Untracked 
| 504|0x000000009f800000, 0x000000009f800000, 0x000000009f900000|  0%| F|  |TAMS 0x000000009f800000, 0x000000009f800000| Untracked 
| 505|0x000000009f900000, 0x000000009f900000, 0x000000009fa00000|  0%| F|  |TAMS 0x000000009f900000, 0x000000009f900000| Untracked 
| 506|0x000000009fa00000, 0x000000009fa00000, 0x000000009fb00000|  0%| F|  |TAMS 0x000000009fa00000, 0x000000009fa00000| Untracked 
| 507|0x000000009fb00000, 0x000000009fb00000, 0x000000009fc00000|  0%| F|  |TAMS 0x000000009fb00000, 0x000000009fb00000| Untracked 
| 508|0x000000009fc00000, 0x000000009fc00000, 0x000000009fd00000|  0%| F|  |TAMS 0x000000009fc00000, 0x000000009fc00000| Untracked 
| 509|0x000000009fd00000, 0x000000009fd00000, 0x000000009fe00000|  0%| F|  |TAMS 0x000000009fd00000, 0x000000009fd00000| Untracked 
| 510|0x000000009fe00000, 0x000000009fe00000, 0x000000009ff00000|  0%| F|  |TAMS 0x000000009fe00000, 0x000000009fe00000| Untracked 
| 511|0x000000009ff00000, 0x000000009ff00000, 0x00000000a0000000|  0%| F|  |TAMS 0x000000009ff00000, 0x000000009ff00000| Untracked 
| 512|0x00000000a0000000, 0x00000000a0000000, 0x00000000a0100000|  0%| F|  |TAMS 0x00000000a0000000, 0x00000000a0000000| Untracked 
| 513|0x00000000a0100000, 0x00000000a0100000, 0x00000000a0200000|  0%| F|  |TAMS 0x00000000a0100000, 0x00000000a0100000| Untracked 
| 514|0x00000000a0200000, 0x00000000a0200000, 0x00000000a0300000|  0%| F|  |TAMS 0x00000000a0200000, 0x00000000a0200000| Untracked 
| 515|0x00000000a0300000, 0x00000000a0300000, 0x00000000a0400000|  0%| F|  |TAMS 0x00000000a0300000, 0x00000000a0300000| Untracked 
| 516|0x00000000a0400000, 0x00000000a0400000, 0x00000000a0500000|  0%| F|  |TAMS 0x00000000a0400000, 0x00000000a0400000| Untracked 
| 517|0x00000000a0500000, 0x00000000a0500000, 0x00000000a0600000|  0%| F|  |TAMS 0x00000000a0500000, 0x00000000a0500000| Untracked 
| 518|0x00000000a0600000, 0x00000000a0600000, 0x00000000a0700000|  0%| F|  |TAMS 0x00000000a0600000, 0x00000000a0600000| Untracked 
| 519|0x00000000a0700000, 0x00000000a0700000, 0x00000000a0800000|  0%| F|  |TAMS 0x00000000a0700000, 0x00000000a0700000| Untracked 
| 520|0x00000000a0800000, 0x00000000a0800000, 0x00000000a0900000|  0%| F|  |TAMS 0x00000000a0800000, 0x00000000a0800000| Untracked 
| 521|0x00000000a0900000, 0x00000000a0a00000, 0x00000000a0a00000|100%| O|  |TAMS 0x00000000a0a00000, 0x00000000a0900000| Untracked 
| 522|0x00000000a0a00000, 0x00000000a0a00000, 0x00000000a0b00000|  0%| F|  |TAMS 0x00000000a0a00000, 0x00000000a0a00000| Untracked 
| 523|0x00000000a0b00000, 0x00000000a0b00000, 0x00000000a0c00000|  0%| F|  |TAMS 0x00000000a0b00000, 0x00000000a0b00000| Untracked 
| 524|0x00000000a0c00000, 0x00000000a0c00000, 0x00000000a0d00000|  0%| F|  |TAMS 0x00000000a0c00000, 0x00000000a0c00000| Untracked 
| 525|0x00000000a0d00000, 0x00000000a0d00000, 0x00000000a0e00000|  0%| F|  |TAMS 0x00000000a0d00000, 0x00000000a0d00000| Untracked 
| 526|0x00000000a0e00000, 0x00000000a0e00000, 0x00000000a0f00000|  0%| F|  |TAMS 0x00000000a0e00000, 0x00000000a0e00000| Untracked 
| 527|0x00000000a0f00000, 0x00000000a0f00000, 0x00000000a1000000|  0%| F|  |TAMS 0x00000000a0f00000, 0x00000000a0f00000| Untracked 
| 528|0x00000000a1000000, 0x00000000a1000000, 0x00000000a1100000|  0%| F|  |TAMS 0x00000000a1000000, 0x00000000a1000000| Untracked 
| 529|0x00000000a1100000, 0x00000000a1100000, 0x00000000a1200000|  0%| F|  |TAMS 0x00000000a1100000, 0x00000000a1100000| Untracked 
| 530|0x00000000a1200000, 0x00000000a1200000, 0x00000000a1300000|  0%| F|  |TAMS 0x00000000a1200000, 0x00000000a1200000| Untracked 
| 531|0x00000000a1300000, 0x00000000a1300000, 0x00000000a1400000|  0%| F|  |TAMS 0x00000000a1300000, 0x00000000a1300000| Untracked 
| 532|0x00000000a1400000, 0x00000000a1400000, 0x00000000a1500000|  0%| F|  |TAMS 0x00000000a1400000, 0x00000000a1400000| Untracked 
| 533|0x00000000a1500000, 0x00000000a1500000, 0x00000000a1600000|  0%| F|  |TAMS 0x00000000a1500000, 0x00000000a1500000| Untracked 
| 534|0x00000000a1600000, 0x00000000a1600000, 0x00000000a1700000|  0%| F|  |TAMS 0x00000000a1600000, 0x00000000a1600000| Untracked 
| 535|0x00000000a1700000, 0x00000000a1700000, 0x00000000a1800000|  0%| F|  |TAMS 0x00000000a1700000, 0x00000000a1700000| Untracked 
| 536|0x00000000a1800000, 0x00000000a1800000, 0x00000000a1900000|  0%| F|  |TAMS 0x00000000a1800000, 0x00000000a1800000| Untracked 
| 537|0x00000000a1900000, 0x00000000a1900000, 0x00000000a1a00000|  0%| F|  |TAMS 0x00000000a1900000, 0x00000000a1900000| Untracked 
| 538|0x00000000a1a00000, 0x00000000a1a00000, 0x00000000a1b00000|  0%| F|  |TAMS 0x00000000a1a00000, 0x00000000a1a00000| Untracked 
| 539|0x00000000a1b00000, 0x00000000a1b00000, 0x00000000a1c00000|  0%| F|  |TAMS 0x00000000a1b00000, 0x00000000a1b00000| Untracked 
| 540|0x00000000a1c00000, 0x00000000a1c00000, 0x00000000a1d00000|  0%| F|  |TAMS 0x00000000a1c00000, 0x00000000a1c00000| Untracked 
| 541|0x00000000a1d00000, 0x00000000a1e00000, 0x00000000a1e00000|100%| O|  |TAMS 0x00000000a1e00000, 0x00000000a1d00000| Untracked 
| 542|0x00000000a1e00000, 0x00000000a1e00000, 0x00000000a1f00000|  0%| F|  |TAMS 0x00000000a1e00000, 0x00000000a1e00000| Untracked 
| 543|0x00000000a1f00000, 0x00000000a1f00000, 0x00000000a2000000|  0%| F|  |TAMS 0x00000000a1f00000, 0x00000000a1f00000| Untracked 
| 544|0x00000000a2000000, 0x00000000a2000000, 0x00000000a2100000|  0%| F|  |TAMS 0x00000000a2000000, 0x00000000a2000000| Untracked 
| 545|0x00000000a2100000, 0x00000000a2200000, 0x00000000a2200000|100%| O|  |TAMS 0x00000000a2200000, 0x00000000a2100000| Untracked 
| 546|0x00000000a2200000, 0x00000000a2300000, 0x00000000a2300000|100%| O|  |TAMS 0x00000000a2300000, 0x00000000a2200000| Untracked 
| 547|0x00000000a2300000, 0x00000000a2300000, 0x00000000a2400000|  0%| F|  |TAMS 0x00000000a2300000, 0x00000000a2300000| Untracked 
| 548|0x00000000a2400000, 0x00000000a2400000, 0x00000000a2500000|  0%| F|  |TAMS 0x00000000a2400000, 0x00000000a2400000| Untracked 
| 549|0x00000000a2500000, 0x00000000a2500000, 0x00000000a2600000|  0%| F|  |TAMS 0x00000000a2500000, 0x00000000a2500000| Untracked 
| 550|0x00000000a2600000, 0x00000000a2600000, 0x00000000a2700000|  0%| F|  |TAMS 0x00000000a2600000, 0x00000000a2600000| Untracked 
| 551|0x00000000a2700000, 0x00000000a2700000, 0x00000000a2800000|  0%| F|  |TAMS 0x00000000a2700000, 0x00000000a2700000| Untracked 
| 552|0x00000000a2800000, 0x00000000a2800000, 0x00000000a2900000|  0%| F|  |TAMS 0x00000000a2800000, 0x00000000a2800000| Untracked 
| 553|0x00000000a2900000, 0x00000000a2900000, 0x00000000a2a00000|  0%| F|  |TAMS 0x00000000a2900000, 0x00000000a2900000| Untracked 
| 554|0x00000000a2a00000, 0x00000000a2a00000, 0x00000000a2b00000|  0%| F|  |TAMS 0x00000000a2a00000, 0x00000000a2a00000| Untracked 
| 555|0x00000000a2b00000, 0x00000000a2b00000, 0x00000000a2c00000|  0%| F|  |TAMS 0x00000000a2b00000, 0x00000000a2b00000| Untracked 
| 556|0x00000000a2c00000, 0x00000000a2c00000, 0x00000000a2d00000|  0%| F|  |TAMS 0x00000000a2c00000, 0x00000000a2c00000| Untracked 
| 557|0x00000000a2d00000, 0x00000000a2d00000, 0x00000000a2e00000|  0%| F|  |TAMS 0x00000000a2d00000, 0x00000000a2d00000| Untracked 
| 558|0x00000000a2e00000, 0x00000000a2e00000, 0x00000000a2f00000|  0%| F|  |TAMS 0x00000000a2e00000, 0x00000000a2e00000| Untracked 
| 559|0x00000000a2f00000, 0x00000000a2f00000, 0x00000000a3000000|  0%| F|  |TAMS 0x00000000a2f00000, 0x00000000a2f00000| Untracked 
| 560|0x00000000a3000000, 0x00000000a3000000, 0x00000000a3100000|  0%| F|  |TAMS 0x00000000a3000000, 0x00000000a3000000| Untracked 
| 561|0x00000000a3100000, 0x00000000a3100000, 0x00000000a3200000|  0%| F|  |TAMS 0x00000000a3100000, 0x00000000a3100000| Untracked 
| 562|0x00000000a3200000, 0x00000000a3200000, 0x00000000a3300000|  0%| F|  |TAMS 0x00000000a3200000, 0x00000000a3200000| Untracked 
| 563|0x00000000a3300000, 0x00000000a3300000, 0x00000000a3400000|  0%| F|  |TAMS 0x00000000a3300000, 0x00000000a3300000| Untracked 
| 564|0x00000000a3400000, 0x00000000a3500000, 0x00000000a3500000|100%| O|  |TAMS 0x00000000a3500000, 0x00000000a3400000| Untracked 
| 565|0x00000000a3500000, 0x00000000a3500000, 0x00000000a3600000|  0%| F|  |TAMS 0x00000000a3500000, 0x00000000a3500000| Untracked 
| 566|0x00000000a3600000, 0x00000000a3600000, 0x00000000a3700000|  0%| F|  |TAMS 0x00000000a3600000, 0x00000000a3600000| Untracked 
| 567|0x00000000a3700000, 0x00000000a3700000, 0x00000000a3800000|  0%| F|  |TAMS 0x00000000a3700000, 0x00000000a3700000| Untracked 
| 568|0x00000000a3800000, 0x00000000a3800000, 0x00000000a3900000|  0%| F|  |TAMS 0x00000000a3800000, 0x00000000a3800000| Untracked 
| 569|0x00000000a3900000, 0x00000000a3900000, 0x00000000a3a00000|  0%| F|  |TAMS 0x00000000a3900000, 0x00000000a3900000| Untracked 
| 570|0x00000000a3a00000, 0x00000000a3a00000, 0x00000000a3b00000|  0%| F|  |TAMS 0x00000000a3a00000, 0x00000000a3a00000| Untracked 
| 571|0x00000000a3b00000, 0x00000000a3b00000, 0x00000000a3c00000|  0%| F|  |TAMS 0x00000000a3b00000, 0x00000000a3b00000| Untracked 
| 572|0x00000000a3c00000, 0x00000000a3c00000, 0x00000000a3d00000|  0%| F|  |TAMS 0x00000000a3c00000, 0x00000000a3c00000| Untracked 
| 573|0x00000000a3d00000, 0x00000000a3d00000, 0x00000000a3e00000|  0%| F|  |TAMS 0x00000000a3d00000, 0x00000000a3d00000| Untracked 
| 574|0x00000000a3e00000, 0x00000000a3e00000, 0x00000000a3f00000|  0%| F|  |TAMS 0x00000000a3e00000, 0x00000000a3e00000| Untracked 
| 575|0x00000000a3f00000, 0x00000000a3f00000, 0x00000000a4000000|  0%| F|  |TAMS 0x00000000a3f00000, 0x00000000a3f00000| Untracked 
| 576|0x00000000a4000000, 0x00000000a4000000, 0x00000000a4100000|  0%| F|  |TAMS 0x00000000a4000000, 0x00000000a4000000| Untracked 
| 577|0x00000000a4100000, 0x00000000a4100000, 0x00000000a4200000|  0%| F|  |TAMS 0x00000000a4100000, 0x00000000a4100000| Untracked 
| 578|0x00000000a4200000, 0x00000000a4200000, 0x00000000a4300000|  0%| F|  |TAMS 0x00000000a4200000, 0x00000000a4200000| Untracked 
| 579|0x00000000a4300000, 0x00000000a4300000, 0x00000000a4400000|  0%| F|  |TAMS 0x00000000a4300000, 0x00000000a4300000| Untracked 
| 580|0x00000000a4400000, 0x00000000a4400000, 0x00000000a4500000|  0%| F|  |TAMS 0x00000000a4400000, 0x00000000a4400000| Untracked 
| 581|0x00000000a4500000, 0x00000000a4500000, 0x00000000a4600000|  0%| F|  |TAMS 0x00000000a4500000, 0x00000000a4500000| Untracked 
| 582|0x00000000a4600000, 0x00000000a4600000, 0x00000000a4700000|  0%| F|  |TAMS 0x00000000a4600000, 0x00000000a4600000| Untracked 
| 583|0x00000000a4700000, 0x00000000a4700000, 0x00000000a4800000|  0%| F|  |TAMS 0x00000000a4700000, 0x00000000a4700000| Untracked 
| 584|0x00000000a4800000, 0x00000000a4800000, 0x00000000a4900000|  0%| F|  |TAMS 0x00000000a4800000, 0x00000000a4800000| Untracked 
| 585|0x00000000a4900000, 0x00000000a4900000, 0x00000000a4a00000|  0%| F|  |TAMS 0x00000000a4900000, 0x00000000a4900000| Untracked 
| 586|0x00000000a4a00000, 0x00000000a4a00000, 0x00000000a4b00000|  0%| F|  |TAMS 0x00000000a4a00000, 0x00000000a4a00000| Untracked 
| 587|0x00000000a4b00000, 0x00000000a4b00000, 0x00000000a4c00000|  0%| F|  |TAMS 0x00000000a4b00000, 0x00000000a4b00000| Untracked 
| 588|0x00000000a4c00000, 0x00000000a4c00000, 0x00000000a4d00000|  0%| F|  |TAMS 0x00000000a4c00000, 0x00000000a4c00000| Untracked 
| 589|0x00000000a4d00000, 0x00000000a4d00000, 0x00000000a4e00000|  0%| F|  |TAMS 0x00000000a4d00000, 0x00000000a4d00000| Untracked 
| 590|0x00000000a4e00000, 0x00000000a4e00000, 0x00000000a4f00000|  0%| F|  |TAMS 0x00000000a4e00000, 0x00000000a4e00000| Untracked 
| 591|0x00000000a4f00000, 0x00000000a4f00000, 0x00000000a5000000|  0%| F|  |TAMS 0x00000000a4f00000, 0x00000000a4f00000| Untracked 
| 592|0x00000000a5000000, 0x00000000a5100000, 0x00000000a5100000|100%| O|  |TAMS 0x00000000a5100000, 0x00000000a5000000| Untracked 
| 593|0x00000000a5100000, 0x00000000a5100000, 0x00000000a5200000|  0%| F|  |TAMS 0x00000000a5100000, 0x00000000a5100000| Untracked 
| 594|0x00000000a5200000, 0x00000000a5200000, 0x00000000a5300000|  0%| F|  |TAMS 0x00000000a5200000, 0x00000000a5200000| Untracked 
| 595|0x00000000a5300000, 0x00000000a5300000, 0x00000000a5400000|  0%| F|  |TAMS 0x00000000a5300000, 0x00000000a5300000| Untracked 
| 596|0x00000000a5400000, 0x00000000a5400000, 0x00000000a5500000|  0%| F|  |TAMS 0x00000000a5400000, 0x00000000a5400000| Untracked 
| 597|0x00000000a5500000, 0x00000000a5500000, 0x00000000a5600000|  0%| F|  |TAMS 0x00000000a5500000, 0x00000000a5500000| Untracked 
| 598|0x00000000a5600000, 0x00000000a5600000, 0x00000000a5700000|  0%| F|  |TAMS 0x00000000a5600000, 0x00000000a5600000| Untracked 
| 599|0x00000000a5700000, 0x00000000a5700000, 0x00000000a5800000|  0%| F|  |TAMS 0x00000000a5700000, 0x00000000a5700000| Untracked 
| 600|0x00000000a5800000, 0x00000000a5800000, 0x00000000a5900000|  0%| F|  |TAMS 0x00000000a5800000, 0x00000000a5800000| Untracked 
| 601|0x00000000a5900000, 0x00000000a5900000, 0x00000000a5a00000|  0%| F|  |TAMS 0x00000000a5900000, 0x00000000a5900000| Untracked 
| 602|0x00000000a5a00000, 0x00000000a5a00000, 0x00000000a5b00000|  0%| F|  |TAMS 0x00000000a5a00000, 0x00000000a5a00000| Untracked 
| 603|0x00000000a5b00000, 0x00000000a5b00000, 0x00000000a5c00000|  0%| F|  |TAMS 0x00000000a5b00000, 0x00000000a5b00000| Untracked 
| 604|0x00000000a5c00000, 0x00000000a5c00000, 0x00000000a5d00000|  0%| F|  |TAMS 0x00000000a5c00000, 0x00000000a5c00000| Untracked 
| 605|0x00000000a5d00000, 0x00000000a5d00000, 0x00000000a5e00000|  0%| F|  |TAMS 0x00000000a5d00000, 0x00000000a5d00000| Untracked 
| 606|0x00000000a5e00000, 0x00000000a5e00000, 0x00000000a5f00000|  0%| F|  |TAMS 0x00000000a5e00000, 0x00000000a5e00000| Untracked 
| 607|0x00000000a5f00000, 0x00000000a5f00000, 0x00000000a6000000|  0%| F|  |TAMS 0x00000000a5f00000, 0x00000000a5f00000| Untracked 
| 608|0x00000000a6000000, 0x00000000a6000000, 0x00000000a6100000|  0%| F|  |TAMS 0x00000000a6000000, 0x00000000a6000000| Untracked 
| 609|0x00000000a6100000, 0x00000000a6100000, 0x00000000a6200000|  0%| F|  |TAMS 0x00000000a6100000, 0x00000000a6100000| Untracked 
| 610|0x00000000a6200000, 0x00000000a6200000, 0x00000000a6300000|  0%| F|  |TAMS 0x00000000a6200000, 0x00000000a6200000| Untracked 
| 611|0x00000000a6300000, 0x00000000a6300000, 0x00000000a6400000|  0%| F|  |TAMS 0x00000000a6300000, 0x00000000a6300000| Untracked 
| 612|0x00000000a6400000, 0x00000000a6400000, 0x00000000a6500000|  0%| F|  |TAMS 0x00000000a6400000, 0x00000000a6400000| Untracked 
| 613|0x00000000a6500000, 0x00000000a6500000, 0x00000000a6600000|  0%| F|  |TAMS 0x00000000a6500000, 0x00000000a6500000| Untracked 
| 614|0x00000000a6600000, 0x00000000a6600000, 0x00000000a6700000|  0%| F|  |TAMS 0x00000000a6600000, 0x00000000a6600000| Untracked 
| 615|0x00000000a6700000, 0x00000000a6800000, 0x00000000a6800000|100%| O|  |TAMS 0x00000000a6800000, 0x00000000a6700000| Untracked 
| 616|0x00000000a6800000, 0x00000000a6800000, 0x00000000a6900000|  0%| F|  |TAMS 0x00000000a6800000, 0x00000000a6800000| Untracked 
| 617|0x00000000a6900000, 0x00000000a6900000, 0x00000000a6a00000|  0%| F|  |TAMS 0x00000000a6900000, 0x00000000a6900000| Untracked 
| 618|0x00000000a6a00000, 0x00000000a6a00000, 0x00000000a6b00000|  0%| F|  |TAMS 0x00000000a6a00000, 0x00000000a6a00000| Untracked 
| 619|0x00000000a6b00000, 0x00000000a6c00000, 0x00000000a6c00000|100%| O|  |TAMS 0x00000000a6c00000, 0x00000000a6b00000| Untracked 
| 620|0x00000000a6c00000, 0x00000000a6c00000, 0x00000000a6d00000|  0%| F|  |TAMS 0x00000000a6c00000, 0x00000000a6c00000| Untracked 
| 621|0x00000000a6d00000, 0x00000000a6d00000, 0x00000000a6e00000|  0%| F|  |TAMS 0x00000000a6d00000, 0x00000000a6d00000| Untracked 
| 622|0x00000000a6e00000, 0x00000000a6e00000, 0x00000000a6f00000|  0%| F|  |TAMS 0x00000000a6e00000, 0x00000000a6e00000| Untracked 
| 623|0x00000000a6f00000, 0x00000000a7000000, 0x00000000a7000000|100%| O|  |TAMS 0x00000000a7000000, 0x00000000a6f00000| Untracked 
| 624|0x00000000a7000000, 0x00000000a7100000, 0x00000000a7100000|100%| O|  |TAMS 0x00000000a7100000, 0x00000000a7000000| Untracked 
| 625|0x00000000a7100000, 0x00000000a7100000, 0x00000000a7200000|  0%| F|  |TAMS 0x00000000a7100000, 0x00000000a7100000| Untracked 
| 626|0x00000000a7200000, 0x00000000a7200000, 0x00000000a7300000|  0%| F|  |TAMS 0x00000000a7200000, 0x00000000a7200000| Untracked 
| 627|0x00000000a7300000, 0x00000000a7300000, 0x00000000a7400000|  0%| F|  |TAMS 0x00000000a7300000, 0x00000000a7300000| Untracked 
| 628|0x00000000a7400000, 0x00000000a7500000, 0x00000000a7500000|100%| O|  |TAMS 0x00000000a7500000, 0x00000000a7400000| Untracked 
| 629|0x00000000a7500000, 0x00000000a7500000, 0x00000000a7600000|  0%| F|  |TAMS 0x00000000a7500000, 0x00000000a7500000| Untracked 
| 630|0x00000000a7600000, 0x00000000a7600000, 0x00000000a7700000|  0%| F|  |TAMS 0x00000000a7600000, 0x00000000a7600000| Untracked 
| 631|0x00000000a7700000, 0x00000000a7700000, 0x00000000a7800000|  0%| F|  |TAMS 0x00000000a7700000, 0x00000000a7700000| Untracked 
| 632|0x00000000a7800000, 0x00000000a7800000, 0x00000000a7900000|  0%| F|  |TAMS 0x00000000a7800000, 0x00000000a7800000| Untracked 
| 633|0x00000000a7900000, 0x00000000a7900000, 0x00000000a7a00000|  0%| F|  |TAMS 0x00000000a7900000, 0x00000000a7900000| Untracked 
| 634|0x00000000a7a00000, 0x00000000a7a00000, 0x00000000a7b00000|  0%| F|  |TAMS 0x00000000a7a00000, 0x00000000a7a00000| Untracked 
| 635|0x00000000a7b00000, 0x00000000a7c00000, 0x00000000a7c00000|100%| O|  |TAMS 0x00000000a7c00000, 0x00000000a7b00000| Untracked 
| 636|0x00000000a7c00000, 0x00000000a7d00000, 0x00000000a7d00000|100%| O|  |TAMS 0x00000000a7d00000, 0x00000000a7c00000| Untracked 
| 637|0x00000000a7d00000, 0x00000000a7e00000, 0x00000000a7e00000|100%| O|  |TAMS 0x00000000a7e00000, 0x00000000a7d00000| Untracked 
| 638|0x00000000a7e00000, 0x00000000a7f00000, 0x00000000a7f00000|100%| O|  |TAMS 0x00000000a7f00000, 0x00000000a7e00000| Untracked 
| 639|0x00000000a7f00000, 0x00000000a7f00000, 0x00000000a8000000|  0%| F|  |TAMS 0x00000000a7f00000, 0x00000000a7f00000| Untracked 
| 640|0x00000000a8000000, 0x00000000a8000000, 0x00000000a8100000|  0%| F|  |TAMS 0x00000000a8000000, 0x00000000a8000000| Untracked 
| 641|0x00000000a8100000, 0x00000000a8100000, 0x00000000a8200000|  0%| F|  |TAMS 0x00000000a8100000, 0x00000000a8100000| Untracked 
| 642|0x00000000a8200000, 0x00000000a8200000, 0x00000000a8300000|  0%| F|  |TAMS 0x00000000a8200000, 0x00000000a8200000| Untracked 
| 643|0x00000000a8300000, 0x00000000a8300000, 0x00000000a8400000|  0%| F|  |TAMS 0x00000000a8300000, 0x00000000a8300000| Untracked 
| 644|0x00000000a8400000, 0x00000000a8400000, 0x00000000a8500000|  0%| F|  |TAMS 0x00000000a8400000, 0x00000000a8400000| Untracked 
| 645|0x00000000a8500000, 0x00000000a8500000, 0x00000000a8600000|  0%| F|  |TAMS 0x00000000a8500000, 0x00000000a8500000| Untracked 
| 646|0x00000000a8600000, 0x00000000a8600000, 0x00000000a8700000|  0%| F|  |TAMS 0x00000000a8600000, 0x00000000a8600000| Untracked 
| 647|0x00000000a8700000, 0x00000000a8700000, 0x00000000a8800000|  0%| F|  |TAMS 0x00000000a8700000, 0x00000000a8700000| Untracked 
| 648|0x00000000a8800000, 0x00000000a8800000, 0x00000000a8900000|  0%| F|  |TAMS 0x00000000a8800000, 0x00000000a8800000| Untracked 
| 649|0x00000000a8900000, 0x00000000a8900000, 0x00000000a8a00000|  0%| F|  |TAMS 0x00000000a8900000, 0x00000000a8900000| Untracked 
| 650|0x00000000a8a00000, 0x00000000a8a00000, 0x00000000a8b00000|  0%| F|  |TAMS 0x00000000a8a00000, 0x00000000a8a00000| Untracked 
| 651|0x00000000a8b00000, 0x00000000a8b00000, 0x00000000a8c00000|  0%| F|  |TAMS 0x00000000a8b00000, 0x00000000a8b00000| Untracked 
| 652|0x00000000a8c00000, 0x00000000a8c00000, 0x00000000a8d00000|  0%| F|  |TAMS 0x00000000a8c00000, 0x00000000a8c00000| Untracked 
| 653|0x00000000a8d00000, 0x00000000a8d00000, 0x00000000a8e00000|  0%| F|  |TAMS 0x00000000a8d00000, 0x00000000a8d00000| Untracked 
| 654|0x00000000a8e00000, 0x00000000a8e00000, 0x00000000a8f00000|  0%| F|  |TAMS 0x00000000a8e00000, 0x00000000a8e00000| Untracked 
| 655|0x00000000a8f00000, 0x00000000a8f00000, 0x00000000a9000000|  0%| F|  |TAMS 0x00000000a8f00000, 0x00000000a8f00000| Untracked 
| 656|0x00000000a9000000, 0x00000000a9000000, 0x00000000a9100000|  0%| F|  |TAMS 0x00000000a9000000, 0x00000000a9000000| Untracked 
| 657|0x00000000a9100000, 0x00000000a9100000, 0x00000000a9200000|  0%| F|  |TAMS 0x00000000a9100000, 0x00000000a9100000| Untracked 
| 658|0x00000000a9200000, 0x00000000a9200000, 0x00000000a9300000|  0%| F|  |TAMS 0x00000000a9200000, 0x00000000a9200000| Untracked 
| 659|0x00000000a9300000, 0x00000000a9300000, 0x00000000a9400000|  0%| F|  |TAMS 0x00000000a9300000, 0x00000000a9300000| Untracked 
| 660|0x00000000a9400000, 0x00000000a9400000, 0x00000000a9500000|  0%| F|  |TAMS 0x00000000a9400000, 0x00000000a9400000| Untracked 
| 661|0x00000000a9500000, 0x00000000a9500000, 0x00000000a9600000|  0%| F|  |TAMS 0x00000000a9500000, 0x00000000a9500000| Untracked 
| 662|0x00000000a9600000, 0x00000000a9600000, 0x00000000a9700000|  0%| F|  |TAMS 0x00000000a9600000, 0x00000000a9600000| Untracked 
| 663|0x00000000a9700000, 0x00000000a9800000, 0x00000000a9800000|100%| O|  |TAMS 0x00000000a9800000, 0x00000000a9700000| Untracked 
| 664|0x00000000a9800000, 0x00000000a9800000, 0x00000000a9900000|  0%| F|  |TAMS 0x00000000a9800000, 0x00000000a9800000| Untracked 
| 665|0x00000000a9900000, 0x00000000a9900000, 0x00000000a9a00000|  0%| F|  |TAMS 0x00000000a9900000, 0x00000000a9900000| Untracked 
| 666|0x00000000a9a00000, 0x00000000a9a00000, 0x00000000a9b00000|  0%| F|  |TAMS 0x00000000a9a00000, 0x00000000a9a00000| Untracked 
| 667|0x00000000a9b00000, 0x00000000a9b00000, 0x00000000a9c00000|  0%| F|  |TAMS 0x00000000a9b00000, 0x00000000a9b00000| Untracked 
| 668|0x00000000a9c00000, 0x00000000a9c00000, 0x00000000a9d00000|  0%| F|  |TAMS 0x00000000a9c00000, 0x00000000a9c00000| Untracked 
| 669|0x00000000a9d00000, 0x00000000a9d00000, 0x00000000a9e00000|  0%| F|  |TAMS 0x00000000a9d00000, 0x00000000a9d00000| Untracked 
| 670|0x00000000a9e00000, 0x00000000a9e00000, 0x00000000a9f00000|  0%| F|  |TAMS 0x00000000a9e00000, 0x00000000a9e00000| Untracked 
| 671|0x00000000a9f00000, 0x00000000a9f00000, 0x00000000aa000000|  0%| F|  |TAMS 0x00000000a9f00000, 0x00000000a9f00000| Untracked 
| 672|0x00000000aa000000, 0x00000000aa000000, 0x00000000aa100000|  0%| F|  |TAMS 0x00000000aa000000, 0x00000000aa000000| Untracked 
| 673|0x00000000aa100000, 0x00000000aa100000, 0x00000000aa200000|  0%| F|  |TAMS 0x00000000aa100000, 0x00000000aa100000| Untracked 
| 674|0x00000000aa200000, 0x00000000aa200000, 0x00000000aa300000|  0%| F|  |TAMS 0x00000000aa200000, 0x00000000aa200000| Untracked 
| 675|0x00000000aa300000, 0x00000000aa400000, 0x00000000aa400000|100%| O|  |TAMS 0x00000000aa400000, 0x00000000aa300000| Untracked 
| 676|0x00000000aa400000, 0x00000000aa500000, 0x00000000aa500000|100%| O|  |TAMS 0x00000000aa500000, 0x00000000aa400000| Untracked 
| 677|0x00000000aa500000, 0x00000000aa500000, 0x00000000aa600000|  0%| F|  |TAMS 0x00000000aa500000, 0x00000000aa500000| Untracked 
| 678|0x00000000aa600000, 0x00000000aa600000, 0x00000000aa700000|  0%| F|  |TAMS 0x00000000aa600000, 0x00000000aa600000| Untracked 
| 679|0x00000000aa700000, 0x00000000aa700000, 0x00000000aa800000|  0%| F|  |TAMS 0x00000000aa700000, 0x00000000aa700000| Untracked 
| 680|0x00000000aa800000, 0x00000000aa800000, 0x00000000aa900000|  0%| F|  |TAMS 0x00000000aa800000, 0x00000000aa800000| Untracked 
| 681|0x00000000aa900000, 0x00000000aa900000, 0x00000000aaa00000|  0%| F|  |TAMS 0x00000000aa900000, 0x00000000aa900000| Untracked 
| 682|0x00000000aaa00000, 0x00000000aaa00000, 0x00000000aab00000|  0%| F|  |TAMS 0x00000000aaa00000, 0x00000000aaa00000| Untracked 
| 683|0x00000000aab00000, 0x00000000aab00000, 0x00000000aac00000|  0%| F|  |TAMS 0x00000000aab00000, 0x00000000aab00000| Untracked 
| 684|0x00000000aac00000, 0x00000000aad00000, 0x00000000aad00000|100%| O|  |TAMS 0x00000000aad00000, 0x00000000aac00000| Untracked 
| 685|0x00000000aad00000, 0x00000000aae00000, 0x00000000aae00000|100%| O|  |TAMS 0x00000000aae00000, 0x00000000aad00000| Untracked 
| 686|0x00000000aae00000, 0x00000000aaf00000, 0x00000000aaf00000|100%| O|  |TAMS 0x00000000aaf00000, 0x00000000aae00000| Untracked 
| 687|0x00000000aaf00000, 0x00000000ab000000, 0x00000000ab000000|100%| O|  |TAMS 0x00000000ab000000, 0x00000000aaf00000| Untracked 
| 688|0x00000000ab000000, 0x00000000ab000000, 0x00000000ab100000|  0%| F|  |TAMS 0x00000000ab000000, 0x00000000ab000000| Untracked 
| 689|0x00000000ab100000, 0x00000000ab200000, 0x00000000ab200000|100%| O|  |TAMS 0x00000000ab200000, 0x00000000ab100000| Untracked 
| 690|0x00000000ab200000, 0x00000000ab200000, 0x00000000ab300000|  0%| F|  |TAMS 0x00000000ab200000, 0x00000000ab200000| Untracked 
| 691|0x00000000ab300000, 0x00000000ab300000, 0x00000000ab400000|  0%| F|  |TAMS 0x00000000ab300000, 0x00000000ab300000| Untracked 
| 692|0x00000000ab400000, 0x00000000ab500000, 0x00000000ab500000|100%| O|  |TAMS 0x00000000ab500000, 0x00000000ab400000| Untracked 
| 693|0x00000000ab500000, 0x00000000ab600000, 0x00000000ab600000|100%| O|  |TAMS 0x00000000ab600000, 0x00000000ab500000| Untracked 
| 694|0x00000000ab600000, 0x00000000ab700000, 0x00000000ab700000|100%| O|  |TAMS 0x00000000ab700000, 0x00000000ab600000| Untracked 
| 695|0x00000000ab700000, 0x00000000ab800000, 0x00000000ab800000|100%| O|  |TAMS 0x00000000ab800000, 0x00000000ab700000| Untracked 
| 696|0x00000000ab800000, 0x00000000ab800000, 0x00000000ab900000|  0%| F|  |TAMS 0x00000000ab800000, 0x00000000ab800000| Untracked 
| 697|0x00000000ab900000, 0x00000000ab900000, 0x00000000aba00000|  0%| F|  |TAMS 0x00000000ab900000, 0x00000000ab900000| Untracked 
| 698|0x00000000aba00000, 0x00000000aba00000, 0x00000000abb00000|  0%| F|  |TAMS 0x00000000aba00000, 0x00000000aba00000| Untracked 
| 699|0x00000000abb00000, 0x00000000abb00000, 0x00000000abc00000|  0%| F|  |TAMS 0x00000000abb00000, 0x00000000abb00000| Untracked 
| 700|0x00000000abc00000, 0x00000000abc00000, 0x00000000abd00000|  0%| F|  |TAMS 0x00000000abc00000, 0x00000000abc00000| Untracked 
| 701|0x00000000abd00000, 0x00000000abd00000, 0x00000000abe00000|  0%| F|  |TAMS 0x00000000abd00000, 0x00000000abd00000| Untracked 
| 702|0x00000000abe00000, 0x00000000abe00000, 0x00000000abf00000|  0%| F|  |TAMS 0x00000000abe00000, 0x00000000abe00000| Untracked 
| 703|0x00000000abf00000, 0x00000000abf00000, 0x00000000ac000000|  0%| F|  |TAMS 0x00000000abf00000, 0x00000000abf00000| Untracked 
| 704|0x00000000ac000000, 0x00000000ac100000, 0x00000000ac100000|100%| O|  |TAMS 0x00000000ac100000, 0x00000000ac000000| Untracked 
| 705|0x00000000ac100000, 0x00000000ac100000, 0x00000000ac200000|  0%| F|  |TAMS 0x00000000ac100000, 0x00000000ac100000| Untracked 
| 706|0x00000000ac200000, 0x00000000ac200000, 0x00000000ac300000|  0%| F|  |TAMS 0x00000000ac200000, 0x00000000ac200000| Untracked 
| 707|0x00000000ac300000, 0x00000000ac300000, 0x00000000ac400000|  0%| F|  |TAMS 0x00000000ac300000, 0x00000000ac300000| Untracked 
| 708|0x00000000ac400000, 0x00000000ac400000, 0x00000000ac500000|  0%| F|  |TAMS 0x00000000ac400000, 0x00000000ac400000| Untracked 
| 709|0x00000000ac500000, 0x00000000ac500000, 0x00000000ac600000|  0%| F|  |TAMS 0x00000000ac500000, 0x00000000ac500000| Untracked 
| 710|0x00000000ac600000, 0x00000000ac600000, 0x00000000ac700000|  0%| F|  |TAMS 0x00000000ac600000, 0x00000000ac600000| Untracked 
| 711|0x00000000ac700000, 0x00000000ac700000, 0x00000000ac800000|  0%| F|  |TAMS 0x00000000ac700000, 0x00000000ac700000| Untracked 
| 712|0x00000000ac800000, 0x00000000ac880000, 0x00000000ac900000| 50%| S|CS|TAMS 0x00000000ac800000, 0x00000000ac800000| Complete 
| 713|0x00000000ac900000, 0x00000000aca00000, 0x00000000aca00000|100%| S|CS|TAMS 0x00000000ac900000, 0x00000000ac900000| Complete 
| 714|0x00000000aca00000, 0x00000000acb00000, 0x00000000acb00000|100%| S|CS|TAMS 0x00000000aca00000, 0x00000000aca00000| Complete 
| 715|0x00000000acb00000, 0x00000000acc00000, 0x00000000acc00000|100%| S|CS|TAMS 0x00000000acb00000, 0x00000000acb00000| Complete 
| 716|0x00000000acc00000, 0x00000000acd00000, 0x00000000acd00000|100%| S|CS|TAMS 0x00000000acc00000, 0x00000000acc00000| Complete 
| 717|0x00000000acd00000, 0x00000000ace00000, 0x00000000ace00000|100%| S|CS|TAMS 0x00000000acd00000, 0x00000000acd00000| Complete 
| 718|0x00000000ace00000, 0x00000000acf00000, 0x00000000acf00000|100%| S|CS|TAMS 0x00000000ace00000, 0x00000000ace00000| Complete 
| 719|0x00000000acf00000, 0x00000000ad000000, 0x00000000ad000000|100%| S|CS|TAMS 0x00000000acf00000, 0x00000000acf00000| Complete 
| 720|0x00000000ad000000, 0x00000000ad100000, 0x00000000ad100000|100%| S|CS|TAMS 0x00000000ad000000, 0x00000000ad000000| Complete 
| 721|0x00000000ad100000, 0x00000000ad200000, 0x00000000ad200000|100%| S|CS|TAMS 0x00000000ad100000, 0x00000000ad100000| Complete 
| 722|0x00000000ad200000, 0x00000000ad300000, 0x00000000ad300000|100%| S|CS|TAMS 0x00000000ad200000, 0x00000000ad200000| Complete 
| 723|0x00000000ad300000, 0x00000000ad400000, 0x00000000ad400000|100%| S|CS|TAMS 0x00000000ad300000, 0x00000000ad300000| Complete 
| 724|0x00000000ad400000, 0x00000000ad500000, 0x00000000ad500000|100%| S|CS|TAMS 0x00000000ad400000, 0x00000000ad400000| Complete 
| 725|0x00000000ad500000, 0x00000000ad600000, 0x00000000ad600000|100%| S|CS|TAMS 0x00000000ad500000, 0x00000000ad500000| Complete 
| 726|0x00000000ad600000, 0x00000000ad700000, 0x00000000ad700000|100%| S|CS|TAMS 0x00000000ad600000, 0x00000000ad600000| Complete 
| 727|0x00000000ad700000, 0x00000000ad800000, 0x00000000ad800000|100%| S|CS|TAMS 0x00000000ad700000, 0x00000000ad700000| Complete 
| 728|0x00000000ad800000, 0x00000000ad900000, 0x00000000ad900000|100%| S|CS|TAMS 0x00000000ad800000, 0x00000000ad800000| Complete 
| 729|0x00000000ad900000, 0x00000000ada00000, 0x00000000ada00000|100%| S|CS|TAMS 0x00000000ad900000, 0x00000000ad900000| Complete 
| 730|0x00000000ada00000, 0x00000000adb00000, 0x00000000adb00000|100%| S|CS|TAMS 0x00000000ada00000, 0x00000000ada00000| Complete 
| 731|0x00000000adb00000, 0x00000000adb00000, 0x00000000adc00000|  0%| F|  |TAMS 0x00000000adb00000, 0x00000000adb00000| Untracked 
| 732|0x00000000adc00000, 0x00000000adc00000, 0x00000000add00000|  0%| F|  |TAMS 0x00000000adc00000, 0x00000000adc00000| Untracked 
| 733|0x00000000add00000, 0x00000000add00000, 0x00000000ade00000|  0%| F|  |TAMS 0x00000000add00000, 0x00000000add00000| Untracked 
| 734|0x00000000ade00000, 0x00000000ade00000, 0x00000000adf00000|  0%| F|  |TAMS 0x00000000ade00000, 0x00000000ade00000| Untracked 
| 735|0x00000000adf00000, 0x00000000adf00000, 0x00000000ae000000|  0%| F|  |TAMS 0x00000000adf00000, 0x00000000adf00000| Untracked 
| 736|0x00000000ae000000, 0x00000000ae000000, 0x00000000ae100000|  0%| F|  |TAMS 0x00000000ae000000, 0x00000000ae000000| Untracked 
| 737|0x00000000ae100000, 0x00000000ae100000, 0x00000000ae200000|  0%| F|  |TAMS 0x00000000ae100000, 0x00000000ae100000| Untracked 
| 738|0x00000000ae200000, 0x00000000ae200000, 0x00000000ae300000|  0%| F|  |TAMS 0x00000000ae200000, 0x00000000ae200000| Untracked 
| 739|0x00000000ae300000, 0x00000000ae300000, 0x00000000ae400000|  0%| F|  |TAMS 0x00000000ae300000, 0x00000000ae300000| Untracked 
| 740|0x00000000ae400000, 0x00000000ae400000, 0x00000000ae500000|  0%| F|  |TAMS 0x00000000ae400000, 0x00000000ae400000| Untracked 
| 741|0x00000000ae500000, 0x00000000ae500000, 0x00000000ae600000|  0%| F|  |TAMS 0x00000000ae500000, 0x00000000ae500000| Untracked 
| 742|0x00000000ae600000, 0x00000000ae600000, 0x00000000ae700000|  0%| F|  |TAMS 0x00000000ae600000, 0x00000000ae600000| Untracked 
| 743|0x00000000ae700000, 0x00000000ae700000, 0x00000000ae800000|  0%| F|  |TAMS 0x00000000ae700000, 0x00000000ae700000| Untracked 
| 744|0x00000000ae800000, 0x00000000ae800000, 0x00000000ae900000|  0%| F|  |TAMS 0x00000000ae800000, 0x00000000ae800000| Untracked 
| 745|0x00000000ae900000, 0x00000000ae900000, 0x00000000aea00000|  0%| F|  |TAMS 0x00000000ae900000, 0x00000000ae900000| Untracked 
| 746|0x00000000aea00000, 0x00000000aea00000, 0x00000000aeb00000|  0%| F|  |TAMS 0x00000000aea00000, 0x00000000aea00000| Untracked 
| 747|0x00000000aeb00000, 0x00000000aeb00000, 0x00000000aec00000|  0%| F|  |TAMS 0x00000000aeb00000, 0x00000000aeb00000| Untracked 
| 748|0x00000000aec00000, 0x00000000aec00000, 0x00000000aed00000|  0%| F|  |TAMS 0x00000000aec00000, 0x00000000aec00000| Untracked 
| 749|0x00000000aed00000, 0x00000000aed00000, 0x00000000aee00000|  0%| F|  |TAMS 0x00000000aed00000, 0x00000000aed00000| Untracked 
| 750|0x00000000aee00000, 0x00000000aee00000, 0x00000000aef00000|  0%| F|  |TAMS 0x00000000aee00000, 0x00000000aee00000| Untracked 
| 751|0x00000000aef00000, 0x00000000aef00000, 0x00000000af000000|  0%| F|  |TAMS 0x00000000aef00000, 0x00000000aef00000| Untracked 
| 752|0x00000000af000000, 0x00000000af000000, 0x00000000af100000|  0%| F|  |TAMS 0x00000000af000000, 0x00000000af000000| Untracked 
| 753|0x00000000af100000, 0x00000000af100000, 0x00000000af200000|  0%| F|  |TAMS 0x00000000af100000, 0x00000000af100000| Untracked 
| 754|0x00000000af200000, 0x00000000af200000, 0x00000000af300000|  0%| F|  |TAMS 0x00000000af200000, 0x00000000af200000| Untracked 
| 755|0x00000000af300000, 0x00000000af300000, 0x00000000af400000|  0%| F|  |TAMS 0x00000000af300000, 0x00000000af300000| Untracked 
| 756|0x00000000af400000, 0x00000000af400000, 0x00000000af500000|  0%| F|  |TAMS 0x00000000af400000, 0x00000000af400000| Untracked 
| 757|0x00000000af500000, 0x00000000af500000, 0x00000000af600000|  0%| F|  |TAMS 0x00000000af500000, 0x00000000af500000| Untracked 
| 758|0x00000000af600000, 0x00000000af600000, 0x00000000af700000|  0%| F|  |TAMS 0x00000000af600000, 0x00000000af600000| Untracked 
| 759|0x00000000af700000, 0x00000000af700000, 0x00000000af800000|  0%| F|  |TAMS 0x00000000af700000, 0x00000000af700000| Untracked 
| 760|0x00000000af800000, 0x00000000af800000, 0x00000000af900000|  0%| F|  |TAMS 0x00000000af800000, 0x00000000af800000| Untracked 
| 761|0x00000000af900000, 0x00000000af900000, 0x00000000afa00000|  0%| F|  |TAMS 0x00000000af900000, 0x00000000af900000| Untracked 
| 762|0x00000000afa00000, 0x00000000afa00000, 0x00000000afb00000|  0%| F|  |TAMS 0x00000000afa00000, 0x00000000afa00000| Untracked 
| 763|0x00000000afb00000, 0x00000000afb00000, 0x00000000afc00000|  0%| F|  |TAMS 0x00000000afb00000, 0x00000000afb00000| Untracked 
| 764|0x00000000afc00000, 0x00000000afc00000, 0x00000000afd00000|  0%| F|  |TAMS 0x00000000afc00000, 0x00000000afc00000| Untracked 
| 765|0x00000000afd00000, 0x00000000afd00000, 0x00000000afe00000|  0%| F|  |TAMS 0x00000000afd00000, 0x00000000afd00000| Untracked 
| 766|0x00000000afe00000, 0x00000000afe00000, 0x00000000aff00000|  0%| F|  |TAMS 0x00000000afe00000, 0x00000000afe00000| Untracked 
| 767|0x00000000aff00000, 0x00000000aff00000, 0x00000000b0000000|  0%| F|  |TAMS 0x00000000aff00000, 0x00000000aff00000| Untracked 
| 768|0x00000000b0000000, 0x00000000b0000000, 0x00000000b0100000|  0%| F|  |TAMS 0x00000000b0000000, 0x00000000b0000000| Untracked 
| 769|0x00000000b0100000, 0x00000000b0100000, 0x00000000b0200000|  0%| F|  |TAMS 0x00000000b0100000, 0x00000000b0100000| Untracked 
| 770|0x00000000b0200000, 0x00000000b0200000, 0x00000000b0300000|  0%| F|  |TAMS 0x00000000b0200000, 0x00000000b0200000| Untracked 
| 771|0x00000000b0300000, 0x00000000b0300000, 0x00000000b0400000|  0%| F|  |TAMS 0x00000000b0300000, 0x00000000b0300000| Untracked 
| 772|0x00000000b0400000, 0x00000000b0400000, 0x00000000b0500000|  0%| F|  |TAMS 0x00000000b0400000, 0x00000000b0400000| Untracked 
| 773|0x00000000b0500000, 0x00000000b0500000, 0x00000000b0600000|  0%| F|  |TAMS 0x00000000b0500000, 0x00000000b0500000| Untracked 
| 774|0x00000000b0600000, 0x00000000b0600000, 0x00000000b0700000|  0%| F|  |TAMS 0x00000000b0600000, 0x00000000b0600000| Untracked 
| 775|0x00000000b0700000, 0x00000000b0700000, 0x00000000b0800000|  0%| F|  |TAMS 0x00000000b0700000, 0x00000000b0700000| Untracked 
| 776|0x00000000b0800000, 0x00000000b0800000, 0x00000000b0900000|  0%| F|  |TAMS 0x00000000b0800000, 0x00000000b0800000| Untracked 
| 777|0x00000000b0900000, 0x00000000b0900000, 0x00000000b0a00000|  0%| F|  |TAMS 0x00000000b0900000, 0x00000000b0900000| Untracked 
| 778|0x00000000b0a00000, 0x00000000b0a00000, 0x00000000b0b00000|  0%| F|  |TAMS 0x00000000b0a00000, 0x00000000b0a00000| Untracked 
| 779|0x00000000b0b00000, 0x00000000b0b00000, 0x00000000b0c00000|  0%| F|  |TAMS 0x00000000b0b00000, 0x00000000b0b00000| Untracked 
| 780|0x00000000b0c00000, 0x00000000b0c00000, 0x00000000b0d00000|  0%| F|  |TAMS 0x00000000b0c00000, 0x00000000b0c00000| Untracked 
| 781|0x00000000b0d00000, 0x00000000b0d00000, 0x00000000b0e00000|  0%| F|  |TAMS 0x00000000b0d00000, 0x00000000b0d00000| Untracked 
| 782|0x00000000b0e00000, 0x00000000b0e00000, 0x00000000b0f00000|  0%| F|  |TAMS 0x00000000b0e00000, 0x00000000b0e00000| Untracked 
| 783|0x00000000b0f00000, 0x00000000b0f00000, 0x00000000b1000000|  0%| F|  |TAMS 0x00000000b0f00000, 0x00000000b0f00000| Untracked 
| 784|0x00000000b1000000, 0x00000000b1000000, 0x00000000b1100000|  0%| F|  |TAMS 0x00000000b1000000, 0x00000000b1000000| Untracked 
| 785|0x00000000b1100000, 0x00000000b1100000, 0x00000000b1200000|  0%| F|  |TAMS 0x00000000b1100000, 0x00000000b1100000| Untracked 
| 786|0x00000000b1200000, 0x00000000b1200000, 0x00000000b1300000|  0%| F|  |TAMS 0x00000000b1200000, 0x00000000b1200000| Untracked 
| 787|0x00000000b1300000, 0x00000000b1300000, 0x00000000b1400000|  0%| F|  |TAMS 0x00000000b1300000, 0x00000000b1300000| Untracked 
| 788|0x00000000b1400000, 0x00000000b1400000, 0x00000000b1500000|  0%| F|  |TAMS 0x00000000b1400000, 0x00000000b1400000| Untracked 
| 789|0x00000000b1500000, 0x00000000b1500000, 0x00000000b1600000|  0%| F|  |TAMS 0x00000000b1500000, 0x00000000b1500000| Untracked 
| 790|0x00000000b1600000, 0x00000000b1600000, 0x00000000b1700000|  0%| F|  |TAMS 0x00000000b1600000, 0x00000000b1600000| Untracked 
| 791|0x00000000b1700000, 0x00000000b1700000, 0x00000000b1800000|  0%| F|  |TAMS 0x00000000b1700000, 0x00000000b1700000| Untracked 
| 792|0x00000000b1800000, 0x00000000b1800000, 0x00000000b1900000|  0%| F|  |TAMS 0x00000000b1800000, 0x00000000b1800000| Untracked 
| 793|0x00000000b1900000, 0x00000000b1900000, 0x00000000b1a00000|  0%| F|  |TAMS 0x00000000b1900000, 0x00000000b1900000| Untracked 
| 794|0x00000000b1a00000, 0x00000000b1a00000, 0x00000000b1b00000|  0%| F|  |TAMS 0x00000000b1a00000, 0x00000000b1a00000| Untracked 
| 795|0x00000000b1b00000, 0x00000000b1b00000, 0x00000000b1c00000|  0%| F|  |TAMS 0x00000000b1b00000, 0x00000000b1b00000| Untracked 
| 796|0x00000000b1c00000, 0x00000000b1c00000, 0x00000000b1d00000|  0%| F|  |TAMS 0x00000000b1c00000, 0x00000000b1c00000| Untracked 
| 797|0x00000000b1d00000, 0x00000000b1d00000, 0x00000000b1e00000|  0%| F|  |TAMS 0x00000000b1d00000, 0x00000000b1d00000| Untracked 
| 798|0x00000000b1e00000, 0x00000000b1e00000, 0x00000000b1f00000|  0%| F|  |TAMS 0x00000000b1e00000, 0x00000000b1e00000| Untracked 
| 799|0x00000000b1f00000, 0x00000000b1f00000, 0x00000000b2000000|  0%| F|  |TAMS 0x00000000b1f00000, 0x00000000b1f00000| Untracked 
| 800|0x00000000b2000000, 0x00000000b2000000, 0x00000000b2100000|  0%| F|  |TAMS 0x00000000b2000000, 0x00000000b2000000| Untracked 
| 801|0x00000000b2100000, 0x00000000b2100000, 0x00000000b2200000|  0%| F|  |TAMS 0x00000000b2100000, 0x00000000b2100000| Untracked 
| 802|0x00000000b2200000, 0x00000000b2200000, 0x00000000b2300000|  0%| F|  |TAMS 0x00000000b2200000, 0x00000000b2200000| Untracked 
| 803|0x00000000b2300000, 0x00000000b2300000, 0x00000000b2400000|  0%| F|  |TAMS 0x00000000b2300000, 0x00000000b2300000| Untracked 
| 804|0x00000000b2400000, 0x00000000b2400000, 0x00000000b2500000|  0%| F|  |TAMS 0x00000000b2400000, 0x00000000b2400000| Untracked 
| 805|0x00000000b2500000, 0x00000000b2500000, 0x00000000b2600000|  0%| F|  |TAMS 0x00000000b2500000, 0x00000000b2500000| Untracked 
| 806|0x00000000b2600000, 0x00000000b2600000, 0x00000000b2700000|  0%| F|  |TAMS 0x00000000b2600000, 0x00000000b2600000| Untracked 
| 807|0x00000000b2700000, 0x00000000b2700000, 0x00000000b2800000|  0%| F|  |TAMS 0x00000000b2700000, 0x00000000b2700000| Untracked 
| 808|0x00000000b2800000, 0x00000000b2800000, 0x00000000b2900000|  0%| F|  |TAMS 0x00000000b2800000, 0x00000000b2800000| Untracked 
| 809|0x00000000b2900000, 0x00000000b2900000, 0x00000000b2a00000|  0%| F|  |TAMS 0x00000000b2900000, 0x00000000b2900000| Untracked 
| 810|0x00000000b2a00000, 0x00000000b2a00000, 0x00000000b2b00000|  0%| F|  |TAMS 0x00000000b2a00000, 0x00000000b2a00000| Untracked 
| 811|0x00000000b2b00000, 0x00000000b2b00000, 0x00000000b2c00000|  0%| F|  |TAMS 0x00000000b2b00000, 0x00000000b2b00000| Untracked 
| 812|0x00000000b2c00000, 0x00000000b2c00000, 0x00000000b2d00000|  0%| F|  |TAMS 0x00000000b2c00000, 0x00000000b2c00000| Untracked 
| 813|0x00000000b2d00000, 0x00000000b2d00000, 0x00000000b2e00000|  0%| F|  |TAMS 0x00000000b2d00000, 0x00000000b2d00000| Untracked 
| 814|0x00000000b2e00000, 0x00000000b2e00000, 0x00000000b2f00000|  0%| F|  |TAMS 0x00000000b2e00000, 0x00000000b2e00000| Untracked 
| 815|0x00000000b2f00000, 0x00000000b2f00000, 0x00000000b3000000|  0%| F|  |TAMS 0x00000000b2f00000, 0x00000000b2f00000| Untracked 
| 816|0x00000000b3000000, 0x00000000b3000000, 0x00000000b3100000|  0%| F|  |TAMS 0x00000000b3000000, 0x00000000b3000000| Untracked 
| 817|0x00000000b3100000, 0x00000000b3100000, 0x00000000b3200000|  0%| F|  |TAMS 0x00000000b3100000, 0x00000000b3100000| Untracked 
| 818|0x00000000b3200000, 0x00000000b3200000, 0x00000000b3300000|  0%| F|  |TAMS 0x00000000b3200000, 0x00000000b3200000| Untracked 
| 819|0x00000000b3300000, 0x00000000b3300000, 0x00000000b3400000|  0%| F|  |TAMS 0x00000000b3300000, 0x00000000b3300000| Untracked 
| 820|0x00000000b3400000, 0x00000000b3400000, 0x00000000b3500000|  0%| F|  |TAMS 0x00000000b3400000, 0x00000000b3400000| Untracked 
| 821|0x00000000b3500000, 0x00000000b3500000, 0x00000000b3600000|  0%| F|  |TAMS 0x00000000b3500000, 0x00000000b3500000| Untracked 
| 822|0x00000000b3600000, 0x00000000b3600000, 0x00000000b3700000|  0%| F|  |TAMS 0x00000000b3600000, 0x00000000b3600000| Untracked 
| 823|0x00000000b3700000, 0x00000000b3700000, 0x00000000b3800000|  0%| F|  |TAMS 0x00000000b3700000, 0x00000000b3700000| Untracked 
| 824|0x00000000b3800000, 0x00000000b3800000, 0x00000000b3900000|  0%| F|  |TAMS 0x00000000b3800000, 0x00000000b3800000| Untracked 
| 825|0x00000000b3900000, 0x00000000b3900000, 0x00000000b3a00000|  0%| F|  |TAMS 0x00000000b3900000, 0x00000000b3900000| Untracked 
| 826|0x00000000b3a00000, 0x00000000b3a00000, 0x00000000b3b00000|  0%| F|  |TAMS 0x00000000b3a00000, 0x00000000b3a00000| Untracked 
| 827|0x00000000b3b00000, 0x00000000b3b00000, 0x00000000b3c00000|  0%| F|  |TAMS 0x00000000b3b00000, 0x00000000b3b00000| Untracked 
| 828|0x00000000b3c00000, 0x00000000b3c00000, 0x00000000b3d00000|  0%| F|  |TAMS 0x00000000b3c00000, 0x00000000b3c00000| Untracked 
| 829|0x00000000b3d00000, 0x00000000b3d00000, 0x00000000b3e00000|  0%| F|  |TAMS 0x00000000b3d00000, 0x00000000b3d00000| Untracked 
| 830|0x00000000b3e00000, 0x00000000b3e00000, 0x00000000b3f00000|  0%| F|  |TAMS 0x00000000b3e00000, 0x00000000b3e00000| Untracked 
| 831|0x00000000b3f00000, 0x00000000b3f00000, 0x00000000b4000000|  0%| F|  |TAMS 0x00000000b3f00000, 0x00000000b3f00000| Untracked 
| 832|0x00000000b4000000, 0x00000000b4000000, 0x00000000b4100000|  0%| F|  |TAMS 0x00000000b4000000, 0x00000000b4000000| Untracked 
| 833|0x00000000b4100000, 0x00000000b4100000, 0x00000000b4200000|  0%| F|  |TAMS 0x00000000b4100000, 0x00000000b4100000| Untracked 
| 834|0x00000000b4200000, 0x00000000b4200000, 0x00000000b4300000|  0%| F|  |TAMS 0x00000000b4200000, 0x00000000b4200000| Untracked 
| 835|0x00000000b4300000, 0x00000000b4300000, 0x00000000b4400000|  0%| F|  |TAMS 0x00000000b4300000, 0x00000000b4300000| Untracked 
| 836|0x00000000b4400000, 0x00000000b4400000, 0x00000000b4500000|  0%| F|  |TAMS 0x00000000b4400000, 0x00000000b4400000| Untracked 
| 837|0x00000000b4500000, 0x00000000b4500000, 0x00000000b4600000|  0%| F|  |TAMS 0x00000000b4500000, 0x00000000b4500000| Untracked 
| 838|0x00000000b4600000, 0x00000000b4600000, 0x00000000b4700000|  0%| F|  |TAMS 0x00000000b4600000, 0x00000000b4600000| Untracked 
| 839|0x00000000b4700000, 0x00000000b4700000, 0x00000000b4800000|  0%| F|  |TAMS 0x00000000b4700000, 0x00000000b4700000| Untracked 
| 840|0x00000000b4800000, 0x00000000b4800000, 0x00000000b4900000|  0%| F|  |TAMS 0x00000000b4800000, 0x00000000b4800000| Untracked 
| 841|0x00000000b4900000, 0x00000000b4900000, 0x00000000b4a00000|  0%| F|  |TAMS 0x00000000b4900000, 0x00000000b4900000| Untracked 
| 842|0x00000000b4a00000, 0x00000000b4a00000, 0x00000000b4b00000|  0%| F|  |TAMS 0x00000000b4a00000, 0x00000000b4a00000| Untracked 
| 843|0x00000000b4b00000, 0x00000000b4b00000, 0x00000000b4c00000|  0%| F|  |TAMS 0x00000000b4b00000, 0x00000000b4b00000| Untracked 
| 844|0x00000000b4c00000, 0x00000000b4c00000, 0x00000000b4d00000|  0%| F|  |TAMS 0x00000000b4c00000, 0x00000000b4c00000| Untracked 
| 845|0x00000000b4d00000, 0x00000000b4d00000, 0x00000000b4e00000|  0%| F|  |TAMS 0x00000000b4d00000, 0x00000000b4d00000| Untracked 
| 846|0x00000000b4e00000, 0x00000000b4e00000, 0x00000000b4f00000|  0%| F|  |TAMS 0x00000000b4e00000, 0x00000000b4e00000| Untracked 
| 847|0x00000000b4f00000, 0x00000000b4f00000, 0x00000000b5000000|  0%| F|  |TAMS 0x00000000b4f00000, 0x00000000b4f00000| Untracked 
| 848|0x00000000b5000000, 0x00000000b5000000, 0x00000000b5100000|  0%| F|  |TAMS 0x00000000b5000000, 0x00000000b5000000| Untracked 
| 849|0x00000000b5100000, 0x00000000b5100000, 0x00000000b5200000|  0%| F|  |TAMS 0x00000000b5100000, 0x00000000b5100000| Untracked 
| 850|0x00000000b5200000, 0x00000000b5200000, 0x00000000b5300000|  0%| F|  |TAMS 0x00000000b5200000, 0x00000000b5200000| Untracked 
| 851|0x00000000b5300000, 0x00000000b5300000, 0x00000000b5400000|  0%| F|  |TAMS 0x00000000b5300000, 0x00000000b5300000| Untracked 
| 852|0x00000000b5400000, 0x00000000b5400000, 0x00000000b5500000|  0%| F|  |TAMS 0x00000000b5400000, 0x00000000b5400000| Untracked 
| 853|0x00000000b5500000, 0x00000000b5500000, 0x00000000b5600000|  0%| F|  |TAMS 0x00000000b5500000, 0x00000000b5500000| Untracked 
| 854|0x00000000b5600000, 0x00000000b5600000, 0x00000000b5700000|  0%| F|  |TAMS 0x00000000b5600000, 0x00000000b5600000| Untracked 
| 855|0x00000000b5700000, 0x00000000b5700000, 0x00000000b5800000|  0%| F|  |TAMS 0x00000000b5700000, 0x00000000b5700000| Untracked 
| 856|0x00000000b5800000, 0x00000000b5800000, 0x00000000b5900000|  0%| F|  |TAMS 0x00000000b5800000, 0x00000000b5800000| Untracked 
| 857|0x00000000b5900000, 0x00000000b59fc1e0, 0x00000000b5a00000| 98%| E|  |TAMS 0x00000000b5900000, 0x00000000b5900000| Complete 
| 858|0x00000000b5a00000, 0x00000000b5b00000, 0x00000000b5b00000|100%| E|CS|TAMS 0x00000000b5a00000, 0x00000000b5a00000| Complete 
| 859|0x00000000b5b00000, 0x00000000b5c00000, 0x00000000b5c00000|100%| E|CS|TAMS 0x00000000b5b00000, 0x00000000b5b00000| Complete 
| 860|0x00000000b5c00000, 0x00000000b5d00000, 0x00000000b5d00000|100%| E|CS|TAMS 0x00000000b5c00000, 0x00000000b5c00000| Complete 
| 861|0x00000000b5d00000, 0x00000000b5e00000, 0x00000000b5e00000|100%| E|CS|TAMS 0x00000000b5d00000, 0x00000000b5d00000| Complete 
| 862|0x00000000b5e00000, 0x00000000b5f00000, 0x00000000b5f00000|100%| E|CS|TAMS 0x00000000b5e00000, 0x00000000b5e00000| Complete 
| 863|0x00000000b5f00000, 0x00000000b6000000, 0x00000000b6000000|100%| E|CS|TAMS 0x00000000b5f00000, 0x00000000b5f00000| Complete 
| 864|0x00000000b6000000, 0x00000000b6100000, 0x00000000b6100000|100%| E|CS|TAMS 0x00000000b6000000, 0x00000000b6000000| Complete 
| 865|0x00000000b6100000, 0x00000000b6200000, 0x00000000b6200000|100%| E|CS|TAMS 0x00000000b6100000, 0x00000000b6100000| Complete 
| 866|0x00000000b6200000, 0x00000000b6300000, 0x00000000b6300000|100%| E|CS|TAMS 0x00000000b6200000, 0x00000000b6200000| Complete 
| 867|0x00000000b6300000, 0x00000000b6400000, 0x00000000b6400000|100%| E|CS|TAMS 0x00000000b6300000, 0x00000000b6300000| Complete 
| 868|0x00000000b6400000, 0x00000000b6500000, 0x00000000b6500000|100%| E|CS|TAMS 0x00000000b6400000, 0x00000000b6400000| Complete 
| 869|0x00000000b6500000, 0x00000000b6600000, 0x00000000b6600000|100%| E|CS|TAMS 0x00000000b6500000, 0x00000000b6500000| Complete 
| 870|0x00000000b6600000, 0x00000000b6700000, 0x00000000b6700000|100%| E|CS|TAMS 0x00000000b6600000, 0x00000000b6600000| Complete 
| 871|0x00000000b6700000, 0x00000000b6800000, 0x00000000b6800000|100%| E|CS|TAMS 0x00000000b6700000, 0x00000000b6700000| Complete 
| 872|0x00000000b6800000, 0x00000000b6900000, 0x00000000b6900000|100%| E|CS|TAMS 0x00000000b6800000, 0x00000000b6800000| Complete 
| 873|0x00000000b6900000, 0x00000000b6a00000, 0x00000000b6a00000|100%| E|CS|TAMS 0x00000000b6900000, 0x00000000b6900000| Complete 
| 874|0x00000000b6a00000, 0x00000000b6b00000, 0x00000000b6b00000|100%| E|CS|TAMS 0x00000000b6a00000, 0x00000000b6a00000| Complete 
| 875|0x00000000b6b00000, 0x00000000b6c00000, 0x00000000b6c00000|100%| E|CS|TAMS 0x00000000b6b00000, 0x00000000b6b00000| Complete 
| 876|0x00000000b6c00000, 0x00000000b6d00000, 0x00000000b6d00000|100%| E|CS|TAMS 0x00000000b6c00000, 0x00000000b6c00000| Complete 
| 877|0x00000000b6d00000, 0x00000000b6e00000, 0x00000000b6e00000|100%| E|CS|TAMS 0x00000000b6d00000, 0x00000000b6d00000| Complete 
| 878|0x00000000b6e00000, 0x00000000b6f00000, 0x00000000b6f00000|100%| E|CS|TAMS 0x00000000b6e00000, 0x00000000b6e00000| Complete 
| 879|0x00000000b6f00000, 0x00000000b7000000, 0x00000000b7000000|100%| E|CS|TAMS 0x00000000b6f00000, 0x00000000b6f00000| Complete 
| 880|0x00000000b7000000, 0x00000000b7100000, 0x00000000b7100000|100%| E|CS|TAMS 0x00000000b7000000, 0x00000000b7000000| Complete 
| 881|0x00000000b7100000, 0x00000000b7200000, 0x00000000b7200000|100%| E|CS|TAMS 0x00000000b7100000, 0x00000000b7100000| Complete 
| 882|0x00000000b7200000, 0x00000000b7300000, 0x00000000b7300000|100%| E|CS|TAMS 0x00000000b7200000, 0x00000000b7200000| Complete 
| 883|0x00000000b7300000, 0x00000000b7400000, 0x00000000b7400000|100%| E|CS|TAMS 0x00000000b7300000, 0x00000000b7300000| Complete 
| 884|0x00000000b7400000, 0x00000000b7500000, 0x00000000b7500000|100%| E|CS|TAMS 0x00000000b7400000, 0x00000000b7400000| Complete 
| 885|0x00000000b7500000, 0x00000000b7600000, 0x00000000b7600000|100%| E|CS|TAMS 0x00000000b7500000, 0x00000000b7500000| Complete 
| 886|0x00000000b7600000, 0x00000000b7700000, 0x00000000b7700000|100%| E|CS|TAMS 0x00000000b7600000, 0x00000000b7600000| Complete 
| 887|0x00000000b7700000, 0x00000000b7800000, 0x00000000b7800000|100%| E|CS|TAMS 0x00000000b7700000, 0x00000000b7700000| Complete 
| 888|0x00000000b7800000, 0x00000000b7900000, 0x00000000b7900000|100%| E|CS|TAMS 0x00000000b7800000, 0x00000000b7800000| Complete 
| 889|0x00000000b7900000, 0x00000000b7a00000, 0x00000000b7a00000|100%| E|CS|TAMS 0x00000000b7900000, 0x00000000b7900000| Complete 
| 890|0x00000000b7a00000, 0x00000000b7b00000, 0x00000000b7b00000|100%| E|CS|TAMS 0x00000000b7a00000, 0x00000000b7a00000| Complete 
| 891|0x00000000b7b00000, 0x00000000b7c00000, 0x00000000b7c00000|100%| E|CS|TAMS 0x00000000b7b00000, 0x00000000b7b00000| Complete 
| 892|0x00000000b7c00000, 0x00000000b7d00000, 0x00000000b7d00000|100%| E|CS|TAMS 0x00000000b7c00000, 0x00000000b7c00000| Complete 
| 893|0x00000000b7d00000, 0x00000000b7e00000, 0x00000000b7e00000|100%| E|CS|TAMS 0x00000000b7d00000, 0x00000000b7d00000| Complete 
| 894|0x00000000b7e00000, 0x00000000b7f00000, 0x00000000b7f00000|100%| E|CS|TAMS 0x00000000b7e00000, 0x00000000b7e00000| Complete 
| 895|0x00000000b7f00000, 0x00000000b8000000, 0x00000000b8000000|100%| E|CS|TAMS 0x00000000b7f00000, 0x00000000b7f00000| Complete 
| 896|0x00000000b8000000, 0x00000000b8100000, 0x00000000b8100000|100%| E|CS|TAMS 0x00000000b8000000, 0x00000000b8000000| Complete 
| 897|0x00000000b8100000, 0x00000000b8200000, 0x00000000b8200000|100%| E|CS|TAMS 0x00000000b8100000, 0x00000000b8100000| Complete 
| 898|0x00000000b8200000, 0x00000000b8300000, 0x00000000b8300000|100%| E|CS|TAMS 0x00000000b8200000, 0x00000000b8200000| Complete 
| 899|0x00000000b8300000, 0x00000000b8400000, 0x00000000b8400000|100%| E|CS|TAMS 0x00000000b8300000, 0x00000000b8300000| Complete 
| 900|0x00000000b8400000, 0x00000000b8500000, 0x00000000b8500000|100%| E|CS|TAMS 0x00000000b8400000, 0x00000000b8400000| Complete 
| 901|0x00000000b8500000, 0x00000000b8600000, 0x00000000b8600000|100%| E|CS|TAMS 0x00000000b8500000, 0x00000000b8500000| Complete 
| 902|0x00000000b8600000, 0x00000000b8700000, 0x00000000b8700000|100%| E|CS|TAMS 0x00000000b8600000, 0x00000000b8600000| Complete 
| 903|0x00000000b8700000, 0x00000000b8800000, 0x00000000b8800000|100%| E|CS|TAMS 0x00000000b8700000, 0x00000000b8700000| Complete 
| 904|0x00000000b8800000, 0x00000000b8900000, 0x00000000b8900000|100%| E|CS|TAMS 0x00000000b8800000, 0x00000000b8800000| Complete 
| 905|0x00000000b8900000, 0x00000000b8a00000, 0x00000000b8a00000|100%| E|CS|TAMS 0x00000000b8900000, 0x00000000b8900000| Complete 
| 906|0x00000000b8a00000, 0x00000000b8b00000, 0x00000000b8b00000|100%| E|CS|TAMS 0x00000000b8a00000, 0x00000000b8a00000| Complete 
| 907|0x00000000b8b00000, 0x00000000b8c00000, 0x00000000b8c00000|100%| E|CS|TAMS 0x00000000b8b00000, 0x00000000b8b00000| Complete 
| 908|0x00000000b8c00000, 0x00000000b8d00000, 0x00000000b8d00000|100%| E|CS|TAMS 0x00000000b8c00000, 0x00000000b8c00000| Complete 
| 909|0x00000000b8d00000, 0x00000000b8e00000, 0x00000000b8e00000|100%| E|CS|TAMS 0x00000000b8d00000, 0x00000000b8d00000| Complete 
| 910|0x00000000b8e00000, 0x00000000b8f00000, 0x00000000b8f00000|100%| E|CS|TAMS 0x00000000b8e00000, 0x00000000b8e00000| Complete 
| 911|0x00000000b8f00000, 0x00000000b9000000, 0x00000000b9000000|100%| E|CS|TAMS 0x00000000b8f00000, 0x00000000b8f00000| Complete 
| 912|0x00000000b9000000, 0x00000000b9100000, 0x00000000b9100000|100%| E|CS|TAMS 0x00000000b9000000, 0x00000000b9000000| Complete 
| 913|0x00000000b9100000, 0x00000000b9200000, 0x00000000b9200000|100%| E|CS|TAMS 0x00000000b9100000, 0x00000000b9100000| Complete 
| 914|0x00000000b9200000, 0x00000000b9300000, 0x00000000b9300000|100%| E|CS|TAMS 0x00000000b9200000, 0x00000000b9200000| Complete 
| 915|0x00000000b9300000, 0x00000000b9400000, 0x00000000b9400000|100%| E|CS|TAMS 0x00000000b9300000, 0x00000000b9300000| Complete 
| 916|0x00000000b9400000, 0x00000000b9500000, 0x00000000b9500000|100%| E|CS|TAMS 0x00000000b9400000, 0x00000000b9400000| Complete 
| 917|0x00000000b9500000, 0x00000000b9600000, 0x00000000b9600000|100%| E|CS|TAMS 0x00000000b9500000, 0x00000000b9500000| Complete 
| 918|0x00000000b9600000, 0x00000000b9700000, 0x00000000b9700000|100%| E|CS|TAMS 0x00000000b9600000, 0x00000000b9600000| Complete 
| 919|0x00000000b9700000, 0x00000000b9800000, 0x00000000b9800000|100%| E|CS|TAMS 0x00000000b9700000, 0x00000000b9700000| Complete 
| 920|0x00000000b9800000, 0x00000000b9900000, 0x00000000b9900000|100%| E|CS|TAMS 0x00000000b9800000, 0x00000000b9800000| Complete 
| 921|0x00000000b9900000, 0x00000000b9a00000, 0x00000000b9a00000|100%| E|CS|TAMS 0x00000000b9900000, 0x00000000b9900000| Complete 
| 922|0x00000000b9a00000, 0x00000000b9b00000, 0x00000000b9b00000|100%| E|CS|TAMS 0x00000000b9a00000, 0x00000000b9a00000| Complete 
| 923|0x00000000b9b00000, 0x00000000b9c00000, 0x00000000b9c00000|100%| E|CS|TAMS 0x00000000b9b00000, 0x00000000b9b00000| Complete 
| 924|0x00000000b9c00000, 0x00000000b9d00000, 0x00000000b9d00000|100%| E|CS|TAMS 0x00000000b9c00000, 0x00000000b9c00000| Complete 
| 925|0x00000000b9d00000, 0x00000000b9e00000, 0x00000000b9e00000|100%| E|CS|TAMS 0x00000000b9d00000, 0x00000000b9d00000| Complete 
| 926|0x00000000b9e00000, 0x00000000b9f00000, 0x00000000b9f00000|100%| E|CS|TAMS 0x00000000b9e00000, 0x00000000b9e00000| Complete 
| 927|0x00000000b9f00000, 0x00000000ba000000, 0x00000000ba000000|100%| E|CS|TAMS 0x00000000b9f00000, 0x00000000b9f00000| Complete 
| 928|0x00000000ba000000, 0x00000000ba100000, 0x00000000ba100000|100%| E|CS|TAMS 0x00000000ba000000, 0x00000000ba000000| Complete 
| 929|0x00000000ba100000, 0x00000000ba200000, 0x00000000ba200000|100%| E|CS|TAMS 0x00000000ba100000, 0x00000000ba100000| Complete 
| 930|0x00000000ba200000, 0x00000000ba300000, 0x00000000ba300000|100%| E|CS|TAMS 0x00000000ba200000, 0x00000000ba200000| Complete 
| 931|0x00000000ba300000, 0x00000000ba400000, 0x00000000ba400000|100%| E|CS|TAMS 0x00000000ba300000, 0x00000000ba300000| Complete 
| 932|0x00000000ba400000, 0x00000000ba500000, 0x00000000ba500000|100%| E|CS|TAMS 0x00000000ba400000, 0x00000000ba400000| Complete 
| 933|0x00000000ba500000, 0x00000000ba600000, 0x00000000ba600000|100%| E|CS|TAMS 0x00000000ba500000, 0x00000000ba500000| Complete 
| 934|0x00000000ba600000, 0x00000000ba700000, 0x00000000ba700000|100%| E|CS|TAMS 0x00000000ba600000, 0x00000000ba600000| Complete 
| 935|0x00000000ba700000, 0x00000000ba800000, 0x00000000ba800000|100%| E|CS|TAMS 0x00000000ba700000, 0x00000000ba700000| Complete 
| 936|0x00000000ba800000, 0x00000000ba900000, 0x00000000ba900000|100%| E|CS|TAMS 0x00000000ba800000, 0x00000000ba800000| Complete 
| 937|0x00000000ba900000, 0x00000000baa00000, 0x00000000baa00000|100%| E|CS|TAMS 0x00000000ba900000, 0x00000000ba900000| Complete 
| 938|0x00000000baa00000, 0x00000000bab00000, 0x00000000bab00000|100%| E|CS|TAMS 0x00000000baa00000, 0x00000000baa00000| Complete 
| 939|0x00000000bab00000, 0x00000000bac00000, 0x00000000bac00000|100%| E|CS|TAMS 0x00000000bab00000, 0x00000000bab00000| Complete 
| 940|0x00000000bac00000, 0x00000000bad00000, 0x00000000bad00000|100%| E|CS|TAMS 0x00000000bac00000, 0x00000000bac00000| Complete 
| 941|0x00000000bad00000, 0x00000000bae00000, 0x00000000bae00000|100%| E|CS|TAMS 0x00000000bad00000, 0x00000000bad00000| Complete 
| 942|0x00000000bae00000, 0x00000000baf00000, 0x00000000baf00000|100%| E|CS|TAMS 0x00000000bae00000, 0x00000000bae00000| Complete 
| 943|0x00000000baf00000, 0x00000000bb000000, 0x00000000bb000000|100%| E|CS|TAMS 0x00000000baf00000, 0x00000000baf00000| Complete 
| 944|0x00000000bb000000, 0x00000000bb100000, 0x00000000bb100000|100%| E|CS|TAMS 0x00000000bb000000, 0x00000000bb000000| Complete 
| 945|0x00000000bb100000, 0x00000000bb200000, 0x00000000bb200000|100%| E|CS|TAMS 0x00000000bb100000, 0x00000000bb100000| Complete 
| 946|0x00000000bb200000, 0x00000000bb300000, 0x00000000bb300000|100%| E|CS|TAMS 0x00000000bb200000, 0x00000000bb200000| Complete 
| 947|0x00000000bb300000, 0x00000000bb400000, 0x00000000bb400000|100%| E|CS|TAMS 0x00000000bb300000, 0x00000000bb300000| Complete 
| 948|0x00000000bb400000, 0x00000000bb500000, 0x00000000bb500000|100%| E|CS|TAMS 0x00000000bb400000, 0x00000000bb400000| Complete 
| 949|0x00000000bb500000, 0x00000000bb600000, 0x00000000bb600000|100%| E|CS|TAMS 0x00000000bb500000, 0x00000000bb500000| Complete 
| 950|0x00000000bb600000, 0x00000000bb700000, 0x00000000bb700000|100%| E|CS|TAMS 0x00000000bb600000, 0x00000000bb600000| Complete 
| 951|0x00000000bb700000, 0x00000000bb800000, 0x00000000bb800000|100%| E|CS|TAMS 0x00000000bb700000, 0x00000000bb700000| Complete 
| 952|0x00000000bb800000, 0x00000000bb900000, 0x00000000bb900000|100%| E|CS|TAMS 0x00000000bb800000, 0x00000000bb800000| Complete 
| 953|0x00000000bb900000, 0x00000000bba00000, 0x00000000bba00000|100%| E|CS|TAMS 0x00000000bb900000, 0x00000000bb900000| Complete 
| 954|0x00000000bba00000, 0x00000000bbb00000, 0x00000000bbb00000|100%| E|CS|TAMS 0x00000000bba00000, 0x00000000bba00000| Complete 
| 955|0x00000000bbb00000, 0x00000000bbc00000, 0x00000000bbc00000|100%| E|CS|TAMS 0x00000000bbb00000, 0x00000000bbb00000| Complete 
| 956|0x00000000bbc00000, 0x00000000bbd00000, 0x00000000bbd00000|100%| E|CS|TAMS 0x00000000bbc00000, 0x00000000bbc00000| Complete 
| 957|0x00000000bbd00000, 0x00000000bbe00000, 0x00000000bbe00000|100%| E|CS|TAMS 0x00000000bbd00000, 0x00000000bbd00000| Complete 
| 958|0x00000000bbe00000, 0x00000000bbf00000, 0x00000000bbf00000|100%| E|CS|TAMS 0x00000000bbe00000, 0x00000000bbe00000| Complete 
| 959|0x00000000bbf00000, 0x00000000bc000000, 0x00000000bc000000|100%| E|CS|TAMS 0x00000000bbf00000, 0x00000000bbf00000| Complete 
| 960|0x00000000bc000000, 0x00000000bc100000, 0x00000000bc100000|100%| E|CS|TAMS 0x00000000bc000000, 0x00000000bc000000| Complete 
| 961|0x00000000bc100000, 0x00000000bc200000, 0x00000000bc200000|100%| E|CS|TAMS 0x00000000bc100000, 0x00000000bc100000| Complete 
| 962|0x00000000bc200000, 0x00000000bc300000, 0x00000000bc300000|100%| E|CS|TAMS 0x00000000bc200000, 0x00000000bc200000| Complete 
| 963|0x00000000bc300000, 0x00000000bc400000, 0x00000000bc400000|100%| E|CS|TAMS 0x00000000bc300000, 0x00000000bc300000| Complete 
| 964|0x00000000bc400000, 0x00000000bc500000, 0x00000000bc500000|100%| E|CS|TAMS 0x00000000bc400000, 0x00000000bc400000| Complete 
| 965|0x00000000bc500000, 0x00000000bc600000, 0x00000000bc600000|100%| E|CS|TAMS 0x00000000bc500000, 0x00000000bc500000| Complete 
| 966|0x00000000bc600000, 0x00000000bc700000, 0x00000000bc700000|100%| E|CS|TAMS 0x00000000bc600000, 0x00000000bc600000| Complete 
| 967|0x00000000bc700000, 0x00000000bc800000, 0x00000000bc800000|100%| E|CS|TAMS 0x00000000bc700000, 0x00000000bc700000| Complete 
| 968|0x00000000bc800000, 0x00000000bc900000, 0x00000000bc900000|100%| E|CS|TAMS 0x00000000bc800000, 0x00000000bc800000| Complete 
| 969|0x00000000bc900000, 0x00000000bca00000, 0x00000000bca00000|100%| E|CS|TAMS 0x00000000bc900000, 0x00000000bc900000| Complete 
| 970|0x00000000bca00000, 0x00000000bcb00000, 0x00000000bcb00000|100%| E|CS|TAMS 0x00000000bca00000, 0x00000000bca00000| Complete 
| 971|0x00000000bcb00000, 0x00000000bcc00000, 0x00000000bcc00000|100%| E|CS|TAMS 0x00000000bcb00000, 0x00000000bcb00000| Complete 
| 972|0x00000000bcc00000, 0x00000000bcd00000, 0x00000000bcd00000|100%| E|CS|TAMS 0x00000000bcc00000, 0x00000000bcc00000| Complete 
| 973|0x00000000bcd00000, 0x00000000bce00000, 0x00000000bce00000|100%| E|CS|TAMS 0x00000000bcd00000, 0x00000000bcd00000| Complete 
| 974|0x00000000bce00000, 0x00000000bcf00000, 0x00000000bcf00000|100%| E|CS|TAMS 0x00000000bce00000, 0x00000000bce00000| Complete 
| 975|0x00000000bcf00000, 0x00000000bd000000, 0x00000000bd000000|100%| E|CS|TAMS 0x00000000bcf00000, 0x00000000bcf00000| Complete 
| 976|0x00000000bd000000, 0x00000000bd100000, 0x00000000bd100000|100%| E|CS|TAMS 0x00000000bd000000, 0x00000000bd000000| Complete 
| 977|0x00000000bd100000, 0x00000000bd200000, 0x00000000bd200000|100%| E|CS|TAMS 0x00000000bd100000, 0x00000000bd100000| Complete 
| 978|0x00000000bd200000, 0x00000000bd300000, 0x00000000bd300000|100%| E|CS|TAMS 0x00000000bd200000, 0x00000000bd200000| Complete 
| 979|0x00000000bd300000, 0x00000000bd400000, 0x00000000bd400000|100%| E|CS|TAMS 0x00000000bd300000, 0x00000000bd300000| Complete 
| 980|0x00000000bd400000, 0x00000000bd500000, 0x00000000bd500000|100%| E|CS|TAMS 0x00000000bd400000, 0x00000000bd400000| Complete 
| 981|0x00000000bd500000, 0x00000000bd600000, 0x00000000bd600000|100%| E|CS|TAMS 0x00000000bd500000, 0x00000000bd500000| Complete 
| 982|0x00000000bd600000, 0x00000000bd700000, 0x00000000bd700000|100%| E|CS|TAMS 0x00000000bd600000, 0x00000000bd600000| Complete 
| 983|0x00000000bd700000, 0x00000000bd800000, 0x00000000bd800000|100%| E|CS|TAMS 0x00000000bd700000, 0x00000000bd700000| Complete 
| 984|0x00000000bd800000, 0x00000000bd900000, 0x00000000bd900000|100%| E|CS|TAMS 0x00000000bd800000, 0x00000000bd800000| Complete 
| 985|0x00000000bd900000, 0x00000000bda00000, 0x00000000bda00000|100%| E|CS|TAMS 0x00000000bd900000, 0x00000000bd900000| Complete 
| 986|0x00000000bda00000, 0x00000000bdb00000, 0x00000000bdb00000|100%| E|CS|TAMS 0x00000000bda00000, 0x00000000bda00000| Complete 
| 987|0x00000000bdb00000, 0x00000000bdc00000, 0x00000000bdc00000|100%| E|CS|TAMS 0x00000000bdb00000, 0x00000000bdb00000| Complete 
| 988|0x00000000bdc00000, 0x00000000bdd00000, 0x00000000bdd00000|100%| E|CS|TAMS 0x00000000bdc00000, 0x00000000bdc00000| Complete 
| 989|0x00000000bdd00000, 0x00000000bde00000, 0x00000000bde00000|100%| E|CS|TAMS 0x00000000bdd00000, 0x00000000bdd00000| Complete 
| 990|0x00000000bde00000, 0x00000000bdf00000, 0x00000000bdf00000|100%| E|CS|TAMS 0x00000000bde00000, 0x00000000bde00000| Complete 
| 991|0x00000000bdf00000, 0x00000000be000000, 0x00000000be000000|100%| E|CS|TAMS 0x00000000bdf00000, 0x00000000bdf00000| Complete 
| 992|0x00000000be000000, 0x00000000be100000, 0x00000000be100000|100%| E|CS|TAMS 0x00000000be000000, 0x00000000be000000| Complete 
| 993|0x00000000be100000, 0x00000000be200000, 0x00000000be200000|100%| E|CS|TAMS 0x00000000be100000, 0x00000000be100000| Complete 
| 994|0x00000000be200000, 0x00000000be300000, 0x00000000be300000|100%| E|CS|TAMS 0x00000000be200000, 0x00000000be200000| Complete 
| 995|0x00000000be300000, 0x00000000be400000, 0x00000000be400000|100%| E|CS|TAMS 0x00000000be300000, 0x00000000be300000| Complete 
| 996|0x00000000be400000, 0x00000000be500000, 0x00000000be500000|100%| E|CS|TAMS 0x00000000be400000, 0x00000000be400000| Complete 
| 997|0x00000000be500000, 0x00000000be600000, 0x00000000be600000|100%| E|CS|TAMS 0x00000000be500000, 0x00000000be500000| Complete 
| 998|0x00000000be600000, 0x00000000be700000, 0x00000000be700000|100%| E|CS|TAMS 0x00000000be600000, 0x00000000be600000| Complete 
| 999|0x00000000be700000, 0x00000000be800000, 0x00000000be800000|100%| E|CS|TAMS 0x00000000be700000, 0x00000000be700000| Complete 
|1000|0x00000000be800000, 0x00000000be900000, 0x00000000be900000|100%| E|CS|TAMS 0x00000000be800000, 0x00000000be800000| Complete 
|1001|0x00000000be900000, 0x00000000bea00000, 0x00000000bea00000|100%| E|CS|TAMS 0x00000000be900000, 0x00000000be900000| Complete 
|1002|0x00000000bea00000, 0x00000000beb00000, 0x00000000beb00000|100%| E|CS|TAMS 0x00000000bea00000, 0x00000000bea00000| Complete 
|1003|0x00000000beb00000, 0x00000000bec00000, 0x00000000bec00000|100%| E|CS|TAMS 0x00000000beb00000, 0x00000000beb00000| Complete 
|1004|0x00000000bec00000, 0x00000000bed00000, 0x00000000bed00000|100%| E|CS|TAMS 0x00000000bec00000, 0x00000000bec00000| Complete 
|1005|0x00000000bed00000, 0x00000000bee00000, 0x00000000bee00000|100%| E|CS|TAMS 0x00000000bed00000, 0x00000000bed00000| Complete 
|1006|0x00000000bee00000, 0x00000000bef00000, 0x00000000bef00000|100%| E|CS|TAMS 0x00000000bee00000, 0x00000000bee00000| Complete 
|1007|0x00000000bef00000, 0x00000000bf000000, 0x00000000bf000000|100%| E|CS|TAMS 0x00000000bef00000, 0x00000000bef00000| Complete 
|1008|0x00000000bf000000, 0x00000000bf100000, 0x00000000bf100000|100%| E|CS|TAMS 0x00000000bf000000, 0x00000000bf000000| Complete 
|1009|0x00000000bf100000, 0x00000000bf200000, 0x00000000bf200000|100%| E|CS|TAMS 0x00000000bf100000, 0x00000000bf100000| Complete 
|1010|0x00000000bf200000, 0x00000000bf300000, 0x00000000bf300000|100%| E|CS|TAMS 0x00000000bf200000, 0x00000000bf200000| Complete 
|1011|0x00000000bf300000, 0x00000000bf400000, 0x00000000bf400000|100%| E|CS|TAMS 0x00000000bf300000, 0x00000000bf300000| Complete 
|1012|0x00000000bf400000, 0x00000000bf500000, 0x00000000bf500000|100%| E|CS|TAMS 0x00000000bf400000, 0x00000000bf400000| Complete 
|1013|0x00000000bf500000, 0x00000000bf600000, 0x00000000bf600000|100%| E|CS|TAMS 0x00000000bf500000, 0x00000000bf500000| Complete 
|1014|0x00000000bf600000, 0x00000000bf700000, 0x00000000bf700000|100%| E|CS|TAMS 0x00000000bf600000, 0x00000000bf600000| Complete 
|1015|0x00000000bf700000, 0x00000000bf800000, 0x00000000bf800000|100%| E|CS|TAMS 0x00000000bf700000, 0x00000000bf700000| Complete 
|1016|0x00000000bf800000, 0x00000000bf900000, 0x00000000bf900000|100%| E|CS|TAMS 0x00000000bf800000, 0x00000000bf800000| Complete 
|1017|0x00000000bf900000, 0x00000000bfa00000, 0x00000000bfa00000|100%| E|CS|TAMS 0x00000000bf900000, 0x00000000bf900000| Complete 
|1018|0x00000000bfa00000, 0x00000000bfb00000, 0x00000000bfb00000|100%| E|CS|TAMS 0x00000000bfa00000, 0x00000000bfa00000| Complete 
|1019|0x00000000bfb00000, 0x00000000bfc00000, 0x00000000bfc00000|100%| E|CS|TAMS 0x00000000bfb00000, 0x00000000bfb00000| Complete 
|1020|0x00000000bfc00000, 0x00000000bfd00000, 0x00000000bfd00000|100%| E|CS|TAMS 0x00000000bfc00000, 0x00000000bfc00000| Complete 
|1021|0x00000000bfd00000, 0x00000000bfe00000, 0x00000000bfe00000|100%| E|CS|TAMS 0x00000000bfd00000, 0x00000000bfd00000| Complete 
|1022|0x00000000bfe00000, 0x00000000bff00000, 0x00000000bff00000|100%| E|CS|TAMS 0x00000000bfe00000, 0x00000000bfe00000| Complete 
|1023|0x00000000bff00000, 0x00000000c0000000, 0x00000000c0000000|100%| E|CS|TAMS 0x00000000bff00000, 0x00000000bff00000| Complete 
|1024|0x00000000c0000000, 0x00000000c0100000, 0x00000000c0100000|100%| E|CS|TAMS 0x00000000c0000000, 0x00000000c0000000| Complete 
|1025|0x00000000c0100000, 0x00000000c0200000, 0x00000000c0200000|100%| E|CS|TAMS 0x00000000c0100000, 0x00000000c0100000| Complete 
|1026|0x00000000c0200000, 0x00000000c0300000, 0x00000000c0300000|100%| E|CS|TAMS 0x00000000c0200000, 0x00000000c0200000| Complete 
|1027|0x00000000c0300000, 0x00000000c0400000, 0x00000000c0400000|100%| E|CS|TAMS 0x00000000c0300000, 0x00000000c0300000| Complete 
|1028|0x00000000c0400000, 0x00000000c0500000, 0x00000000c0500000|100%| E|CS|TAMS 0x00000000c0400000, 0x00000000c0400000| Complete 
|1029|0x00000000c0500000, 0x00000000c0600000, 0x00000000c0600000|100%| E|CS|TAMS 0x00000000c0500000, 0x00000000c0500000| Complete 
|1030|0x00000000c0600000, 0x00000000c0700000, 0x00000000c0700000|100%| E|CS|TAMS 0x00000000c0600000, 0x00000000c0600000| Complete 
|1031|0x00000000c0700000, 0x00000000c0800000, 0x00000000c0800000|100%| E|CS|TAMS 0x00000000c0700000, 0x00000000c0700000| Complete 
|1032|0x00000000c0800000, 0x00000000c0900000, 0x00000000c0900000|100%| E|CS|TAMS 0x00000000c0800000, 0x00000000c0800000| Complete 
|1033|0x00000000c0900000, 0x00000000c0a00000, 0x00000000c0a00000|100%| E|CS|TAMS 0x00000000c0900000, 0x00000000c0900000| Complete 
|1034|0x00000000c0a00000, 0x00000000c0b00000, 0x00000000c0b00000|100%| E|CS|TAMS 0x00000000c0a00000, 0x00000000c0a00000| Complete 
|1035|0x00000000c0b00000, 0x00000000c0c00000, 0x00000000c0c00000|100%| E|CS|TAMS 0x00000000c0b00000, 0x00000000c0b00000| Complete 
|1036|0x00000000c0c00000, 0x00000000c0d00000, 0x00000000c0d00000|100%| E|CS|TAMS 0x00000000c0c00000, 0x00000000c0c00000| Complete 
|1037|0x00000000c0d00000, 0x00000000c0e00000, 0x00000000c0e00000|100%| E|CS|TAMS 0x00000000c0d00000, 0x00000000c0d00000| Complete 
|1038|0x00000000c0e00000, 0x00000000c0f00000, 0x00000000c0f00000|100%| E|CS|TAMS 0x00000000c0e00000, 0x00000000c0e00000| Complete 
|1039|0x00000000c0f00000, 0x00000000c1000000, 0x00000000c1000000|100%| E|CS|TAMS 0x00000000c0f00000, 0x00000000c0f00000| Complete 
|1040|0x00000000c1000000, 0x00000000c1100000, 0x00000000c1100000|100%| E|CS|TAMS 0x00000000c1000000, 0x00000000c1000000| Complete 
|1041|0x00000000c1100000, 0x00000000c1200000, 0x00000000c1200000|100%| E|CS|TAMS 0x00000000c1100000, 0x00000000c1100000| Complete 
|1042|0x00000000c1200000, 0x00000000c1300000, 0x00000000c1300000|100%| E|CS|TAMS 0x00000000c1200000, 0x00000000c1200000| Complete 
|1043|0x00000000c1300000, 0x00000000c1400000, 0x00000000c1400000|100%| E|CS|TAMS 0x00000000c1300000, 0x00000000c1300000| Complete 
|1044|0x00000000c1400000, 0x00000000c1500000, 0x00000000c1500000|100%| E|CS|TAMS 0x00000000c1400000, 0x00000000c1400000| Complete 
|1045|0x00000000c1500000, 0x00000000c1600000, 0x00000000c1600000|100%| E|CS|TAMS 0x00000000c1500000, 0x00000000c1500000| Complete 
|1046|0x00000000c1600000, 0x00000000c1700000, 0x00000000c1700000|100%| E|CS|TAMS 0x00000000c1600000, 0x00000000c1600000| Complete 
|1047|0x00000000c1700000, 0x00000000c1800000, 0x00000000c1800000|100%| E|CS|TAMS 0x00000000c1700000, 0x00000000c1700000| Complete 
|1048|0x00000000c1800000, 0x00000000c1900000, 0x00000000c1900000|100%| E|CS|TAMS 0x00000000c1800000, 0x00000000c1800000| Complete 
|1049|0x00000000c1900000, 0x00000000c1a00000, 0x00000000c1a00000|100%| E|CS|TAMS 0x00000000c1900000, 0x00000000c1900000| Complete 
|1050|0x00000000c1a00000, 0x00000000c1b00000, 0x00000000c1b00000|100%| E|CS|TAMS 0x00000000c1a00000, 0x00000000c1a00000| Complete 
|1051|0x00000000c1b00000, 0x00000000c1c00000, 0x00000000c1c00000|100%| E|CS|TAMS 0x00000000c1b00000, 0x00000000c1b00000| Complete 
|1052|0x00000000c1c00000, 0x00000000c1d00000, 0x00000000c1d00000|100%| E|CS|TAMS 0x00000000c1c00000, 0x00000000c1c00000| Complete 
|1053|0x00000000c1d00000, 0x00000000c1e00000, 0x00000000c1e00000|100%| E|CS|TAMS 0x00000000c1d00000, 0x00000000c1d00000| Complete 
|1054|0x00000000c1e00000, 0x00000000c1f00000, 0x00000000c1f00000|100%| E|CS|TAMS 0x00000000c1e00000, 0x00000000c1e00000| Complete 
|1055|0x00000000c1f00000, 0x00000000c2000000, 0x00000000c2000000|100%| E|CS|TAMS 0x00000000c1f00000, 0x00000000c1f00000| Complete 
|1056|0x00000000c2000000, 0x00000000c2100000, 0x00000000c2100000|100%| E|CS|TAMS 0x00000000c2000000, 0x00000000c2000000| Complete 
|1057|0x00000000c2100000, 0x00000000c2200000, 0x00000000c2200000|100%| E|CS|TAMS 0x00000000c2100000, 0x00000000c2100000| Complete 
|1058|0x00000000c2200000, 0x00000000c2300000, 0x00000000c2300000|100%| E|CS|TAMS 0x00000000c2200000, 0x00000000c2200000| Complete 
|1059|0x00000000c2300000, 0x00000000c2400000, 0x00000000c2400000|100%| E|CS|TAMS 0x00000000c2300000, 0x00000000c2300000| Complete 
|1060|0x00000000c2400000, 0x00000000c2500000, 0x00000000c2500000|100%| E|CS|TAMS 0x00000000c2400000, 0x00000000c2400000| Complete 
|1061|0x00000000c2500000, 0x00000000c2600000, 0x00000000c2600000|100%| E|CS|TAMS 0x00000000c2500000, 0x00000000c2500000| Complete 
|1062|0x00000000c2600000, 0x00000000c2700000, 0x00000000c2700000|100%| E|CS|TAMS 0x00000000c2600000, 0x00000000c2600000| Complete 
|1063|0x00000000c2700000, 0x00000000c2800000, 0x00000000c2800000|100%| E|CS|TAMS 0x00000000c2700000, 0x00000000c2700000| Complete 
|1064|0x00000000c2800000, 0x00000000c2900000, 0x00000000c2900000|100%| E|CS|TAMS 0x00000000c2800000, 0x00000000c2800000| Complete 
|1065|0x00000000c2900000, 0x00000000c2a00000, 0x00000000c2a00000|100%| E|CS|TAMS 0x00000000c2900000, 0x00000000c2900000| Complete 
|1066|0x00000000c2a00000, 0x00000000c2b00000, 0x00000000c2b00000|100%| E|CS|TAMS 0x00000000c2a00000, 0x00000000c2a00000| Complete 
|1067|0x00000000c2b00000, 0x00000000c2c00000, 0x00000000c2c00000|100%| E|CS|TAMS 0x00000000c2b00000, 0x00000000c2b00000| Complete 
|1068|0x00000000c2c00000, 0x00000000c2d00000, 0x00000000c2d00000|100%| E|CS|TAMS 0x00000000c2c00000, 0x00000000c2c00000| Complete 
|1069|0x00000000c2d00000, 0x00000000c2e00000, 0x00000000c2e00000|100%| E|CS|TAMS 0x00000000c2d00000, 0x00000000c2d00000| Complete 
|1070|0x00000000c2e00000, 0x00000000c2f00000, 0x00000000c2f00000|100%| E|CS|TAMS 0x00000000c2e00000, 0x00000000c2e00000| Complete 
|1071|0x00000000c2f00000, 0x00000000c3000000, 0x00000000c3000000|100%| E|CS|TAMS 0x00000000c2f00000, 0x00000000c2f00000| Complete 
|1072|0x00000000c3000000, 0x00000000c3100000, 0x00000000c3100000|100%| E|CS|TAMS 0x00000000c3000000, 0x00000000c3000000| Complete 
|1073|0x00000000c3100000, 0x00000000c3200000, 0x00000000c3200000|100%| E|CS|TAMS 0x00000000c3100000, 0x00000000c3100000| Complete 
|1074|0x00000000c3200000, 0x00000000c3300000, 0x00000000c3300000|100%| E|CS|TAMS 0x00000000c3200000, 0x00000000c3200000| Complete 
|1075|0x00000000c3300000, 0x00000000c3400000, 0x00000000c3400000|100%| E|CS|TAMS 0x00000000c3300000, 0x00000000c3300000| Complete 
|1076|0x00000000c3400000, 0x00000000c3500000, 0x00000000c3500000|100%| E|CS|TAMS 0x00000000c3400000, 0x00000000c3400000| Complete 
|1077|0x00000000c3500000, 0x00000000c3600000, 0x00000000c3600000|100%| E|CS|TAMS 0x00000000c3500000, 0x00000000c3500000| Complete 
|1078|0x00000000c3600000, 0x00000000c3700000, 0x00000000c3700000|100%| E|CS|TAMS 0x00000000c3600000, 0x00000000c3600000| Complete 
|1079|0x00000000c3700000, 0x00000000c3800000, 0x00000000c3800000|100%| E|CS|TAMS 0x00000000c3700000, 0x00000000c3700000| Complete 
|1080|0x00000000c3800000, 0x00000000c3900000, 0x00000000c3900000|100%| E|CS|TAMS 0x00000000c3800000, 0x00000000c3800000| Complete 
|1081|0x00000000c3900000, 0x00000000c3a00000, 0x00000000c3a00000|100%| E|CS|TAMS 0x00000000c3900000, 0x00000000c3900000| Complete 
|1082|0x00000000c3a00000, 0x00000000c3b00000, 0x00000000c3b00000|100%| E|CS|TAMS 0x00000000c3a00000, 0x00000000c3a00000| Complete 
|1083|0x00000000c3b00000, 0x00000000c3c00000, 0x00000000c3c00000|100%| E|CS|TAMS 0x00000000c3b00000, 0x00000000c3b00000| Complete 
|1084|0x00000000c3c00000, 0x00000000c3d00000, 0x00000000c3d00000|100%| E|CS|TAMS 0x00000000c3c00000, 0x00000000c3c00000| Complete 
|1085|0x00000000c3d00000, 0x00000000c3e00000, 0x00000000c3e00000|100%| E|CS|TAMS 0x00000000c3d00000, 0x00000000c3d00000| Complete 
|1086|0x00000000c3e00000, 0x00000000c3f00000, 0x00000000c3f00000|100%| E|CS|TAMS 0x00000000c3e00000, 0x00000000c3e00000| Complete 
|1087|0x00000000c3f00000, 0x00000000c4000000, 0x00000000c4000000|100%| E|CS|TAMS 0x00000000c3f00000, 0x00000000c3f00000| Complete 
|1088|0x00000000c4000000, 0x00000000c4100000, 0x00000000c4100000|100%| E|CS|TAMS 0x00000000c4000000, 0x00000000c4000000| Complete 
|1089|0x00000000c4100000, 0x00000000c4200000, 0x00000000c4200000|100%| E|CS|TAMS 0x00000000c4100000, 0x00000000c4100000| Complete 
|1090|0x00000000c4200000, 0x00000000c4300000, 0x00000000c4300000|100%| E|CS|TAMS 0x00000000c4200000, 0x00000000c4200000| Complete 
|1091|0x00000000c4300000, 0x00000000c4400000, 0x00000000c4400000|100%| E|CS|TAMS 0x00000000c4300000, 0x00000000c4300000| Complete 
|1092|0x00000000c4400000, 0x00000000c4500000, 0x00000000c4500000|100%| E|CS|TAMS 0x00000000c4400000, 0x00000000c4400000| Complete 
|1093|0x00000000c4500000, 0x00000000c4600000, 0x00000000c4600000|100%| E|CS|TAMS 0x00000000c4500000, 0x00000000c4500000| Complete 
|1094|0x00000000c4600000, 0x00000000c4700000, 0x00000000c4700000|100%| E|CS|TAMS 0x00000000c4600000, 0x00000000c4600000| Complete 
|1095|0x00000000c4700000, 0x00000000c4800000, 0x00000000c4800000|100%| E|CS|TAMS 0x00000000c4700000, 0x00000000c4700000| Complete 
|1096|0x00000000c4800000, 0x00000000c4900000, 0x00000000c4900000|100%| E|CS|TAMS 0x00000000c4800000, 0x00000000c4800000| Complete 
|1097|0x00000000c4900000, 0x00000000c4a00000, 0x00000000c4a00000|100%| E|CS|TAMS 0x00000000c4900000, 0x00000000c4900000| Complete 
|1098|0x00000000c4a00000, 0x00000000c4b00000, 0x00000000c4b00000|100%| E|CS|TAMS 0x00000000c4a00000, 0x00000000c4a00000| Complete 
|1099|0x00000000c4b00000, 0x00000000c4c00000, 0x00000000c4c00000|100%| E|CS|TAMS 0x00000000c4b00000, 0x00000000c4b00000| Complete 
|1100|0x00000000c4c00000, 0x00000000c4d00000, 0x00000000c4d00000|100%| E|CS|TAMS 0x00000000c4c00000, 0x00000000c4c00000| Complete 
|1101|0x00000000c4d00000, 0x00000000c4e00000, 0x00000000c4e00000|100%| E|CS|TAMS 0x00000000c4d00000, 0x00000000c4d00000| Complete 
|1102|0x00000000c4e00000, 0x00000000c4f00000, 0x00000000c4f00000|100%| E|CS|TAMS 0x00000000c4e00000, 0x00000000c4e00000| Complete 
|1103|0x00000000c4f00000, 0x00000000c5000000, 0x00000000c5000000|100%| E|CS|TAMS 0x00000000c4f00000, 0x00000000c4f00000| Complete 
|1104|0x00000000c5000000, 0x00000000c5100000, 0x00000000c5100000|100%| E|CS|TAMS 0x00000000c5000000, 0x00000000c5000000| Complete 
|1105|0x00000000c5100000, 0x00000000c5200000, 0x00000000c5200000|100%| E|CS|TAMS 0x00000000c5100000, 0x00000000c5100000| Complete 
|1106|0x00000000c5200000, 0x00000000c5300000, 0x00000000c5300000|100%| E|CS|TAMS 0x00000000c5200000, 0x00000000c5200000| Complete 
|1107|0x00000000c5300000, 0x00000000c5400000, 0x00000000c5400000|100%| E|CS|TAMS 0x00000000c5300000, 0x00000000c5300000| Complete 
|1108|0x00000000c5400000, 0x00000000c5500000, 0x00000000c5500000|100%| E|CS|TAMS 0x00000000c5400000, 0x00000000c5400000| Complete 
|1109|0x00000000c5500000, 0x00000000c5600000, 0x00000000c5600000|100%| E|CS|TAMS 0x00000000c5500000, 0x00000000c5500000| Complete 
|1110|0x00000000c5600000, 0x00000000c5700000, 0x00000000c5700000|100%| E|CS|TAMS 0x00000000c5600000, 0x00000000c5600000| Complete 
|1111|0x00000000c5700000, 0x00000000c5800000, 0x00000000c5800000|100%| E|CS|TAMS 0x00000000c5700000, 0x00000000c5700000| Complete 
|1112|0x00000000c5800000, 0x00000000c5900000, 0x00000000c5900000|100%| E|CS|TAMS 0x00000000c5800000, 0x00000000c5800000| Complete 
|1113|0x00000000c5900000, 0x00000000c5a00000, 0x00000000c5a00000|100%| E|CS|TAMS 0x00000000c5900000, 0x00000000c5900000| Complete 
|1114|0x00000000c5a00000, 0x00000000c5b00000, 0x00000000c5b00000|100%| E|CS|TAMS 0x00000000c5a00000, 0x00000000c5a00000| Complete 
|1115|0x00000000c5b00000, 0x00000000c5c00000, 0x00000000c5c00000|100%| E|CS|TAMS 0x00000000c5b00000, 0x00000000c5b00000| Complete 
|1116|0x00000000c5c00000, 0x00000000c5d00000, 0x00000000c5d00000|100%| E|CS|TAMS 0x00000000c5c00000, 0x00000000c5c00000| Complete 
|1117|0x00000000c5d00000, 0x00000000c5e00000, 0x00000000c5e00000|100%| E|CS|TAMS 0x00000000c5d00000, 0x00000000c5d00000| Complete 
|1118|0x00000000c5e00000, 0x00000000c5f00000, 0x00000000c5f00000|100%| E|CS|TAMS 0x00000000c5e00000, 0x00000000c5e00000| Complete 
|1119|0x00000000c5f00000, 0x00000000c6000000, 0x00000000c6000000|100%| E|CS|TAMS 0x00000000c5f00000, 0x00000000c5f00000| Complete 
|1120|0x00000000c6000000, 0x00000000c6100000, 0x00000000c6100000|100%| E|CS|TAMS 0x00000000c6000000, 0x00000000c6000000| Complete 
|1121|0x00000000c6100000, 0x00000000c6200000, 0x00000000c6200000|100%| E|CS|TAMS 0x00000000c6100000, 0x00000000c6100000| Complete 
|1122|0x00000000c6200000, 0x00000000c6300000, 0x00000000c6300000|100%| E|CS|TAMS 0x00000000c6200000, 0x00000000c6200000| Complete 
|1123|0x00000000c6300000, 0x00000000c6400000, 0x00000000c6400000|100%| E|CS|TAMS 0x00000000c6300000, 0x00000000c6300000| Complete 
|1124|0x00000000c6400000, 0x00000000c6500000, 0x00000000c6500000|100%| E|CS|TAMS 0x00000000c6400000, 0x00000000c6400000| Complete 
|1125|0x00000000c6500000, 0x00000000c6600000, 0x00000000c6600000|100%| E|CS|TAMS 0x00000000c6500000, 0x00000000c6500000| Complete 
|1126|0x00000000c6600000, 0x00000000c6700000, 0x00000000c6700000|100%| E|CS|TAMS 0x00000000c6600000, 0x00000000c6600000| Complete 
|1127|0x00000000c6700000, 0x00000000c6800000, 0x00000000c6800000|100%| E|CS|TAMS 0x00000000c6700000, 0x00000000c6700000| Complete 
|1128|0x00000000c6800000, 0x00000000c6900000, 0x00000000c6900000|100%| E|CS|TAMS 0x00000000c6800000, 0x00000000c6800000| Complete 
|1129|0x00000000c6900000, 0x00000000c6a00000, 0x00000000c6a00000|100%| E|CS|TAMS 0x00000000c6900000, 0x00000000c6900000| Complete 
|1130|0x00000000c6a00000, 0x00000000c6b00000, 0x00000000c6b00000|100%| E|CS|TAMS 0x00000000c6a00000, 0x00000000c6a00000| Complete 
|1131|0x00000000c6b00000, 0x00000000c6c00000, 0x00000000c6c00000|100%| E|CS|TAMS 0x00000000c6b00000, 0x00000000c6b00000| Complete 
|1132|0x00000000c6c00000, 0x00000000c6d00000, 0x00000000c6d00000|100%| E|CS|TAMS 0x00000000c6c00000, 0x00000000c6c00000| Complete 
|1133|0x00000000c6d00000, 0x00000000c6e00000, 0x00000000c6e00000|100%| E|CS|TAMS 0x00000000c6d00000, 0x00000000c6d00000| Complete 
|1134|0x00000000c6e00000, 0x00000000c6f00000, 0x00000000c6f00000|100%| E|CS|TAMS 0x00000000c6e00000, 0x00000000c6e00000| Complete 
|1135|0x00000000c6f00000, 0x00000000c7000000, 0x00000000c7000000|100%| E|CS|TAMS 0x00000000c6f00000, 0x00000000c6f00000| Complete 
|1136|0x00000000c7000000, 0x00000000c7100000, 0x00000000c7100000|100%| E|CS|TAMS 0x00000000c7000000, 0x00000000c7000000| Complete 
|1137|0x00000000c7100000, 0x00000000c7200000, 0x00000000c7200000|100%| E|CS|TAMS 0x00000000c7100000, 0x00000000c7100000| Complete 
|1138|0x00000000c7200000, 0x00000000c7300000, 0x00000000c7300000|100%| E|CS|TAMS 0x00000000c7200000, 0x00000000c7200000| Complete 
|1139|0x00000000c7300000, 0x00000000c7400000, 0x00000000c7400000|100%| E|CS|TAMS 0x00000000c7300000, 0x00000000c7300000| Complete 
|1140|0x00000000c7400000, 0x00000000c7500000, 0x00000000c7500000|100%| E|CS|TAMS 0x00000000c7400000, 0x00000000c7400000| Complete 
|1141|0x00000000c7500000, 0x00000000c7600000, 0x00000000c7600000|100%| E|CS|TAMS 0x00000000c7500000, 0x00000000c7500000| Complete 
|1142|0x00000000c7600000, 0x00000000c7700000, 0x00000000c7700000|100%| E|CS|TAMS 0x00000000c7600000, 0x00000000c7600000| Complete 
|1143|0x00000000c7700000, 0x00000000c7800000, 0x00000000c7800000|100%| E|CS|TAMS 0x00000000c7700000, 0x00000000c7700000| Complete 
|1144|0x00000000c7800000, 0x00000000c7900000, 0x00000000c7900000|100%| E|CS|TAMS 0x00000000c7800000, 0x00000000c7800000| Complete 
|1145|0x00000000c7900000, 0x00000000c7a00000, 0x00000000c7a00000|100%| E|CS|TAMS 0x00000000c7900000, 0x00000000c7900000| Complete 
|1146|0x00000000c7a00000, 0x00000000c7b00000, 0x00000000c7b00000|100%| E|CS|TAMS 0x00000000c7a00000, 0x00000000c7a00000| Complete 
|1147|0x00000000c7b00000, 0x00000000c7c00000, 0x00000000c7c00000|100%| E|CS|TAMS 0x00000000c7b00000, 0x00000000c7b00000| Complete 
|1148|0x00000000c7c00000, 0x00000000c7d00000, 0x00000000c7d00000|100%| E|CS|TAMS 0x00000000c7c00000, 0x00000000c7c00000| Complete 
|1149|0x00000000c7d00000, 0x00000000c7e00000, 0x00000000c7e00000|100%| E|CS|TAMS 0x00000000c7d00000, 0x00000000c7d00000| Complete 
|1150|0x00000000c7e00000, 0x00000000c7f00000, 0x00000000c7f00000|100%| E|CS|TAMS 0x00000000c7e00000, 0x00000000c7e00000| Complete 
|1151|0x00000000c7f00000, 0x00000000c8000000, 0x00000000c8000000|100%| E|CS|TAMS 0x00000000c7f00000, 0x00000000c7f00000| Complete 
|1152|0x00000000c8000000, 0x00000000c8100000, 0x00000000c8100000|100%| E|CS|TAMS 0x00000000c8000000, 0x00000000c8000000| Complete 
|1153|0x00000000c8100000, 0x00000000c8200000, 0x00000000c8200000|100%| E|CS|TAMS 0x00000000c8100000, 0x00000000c8100000| Complete 
|1154|0x00000000c8200000, 0x00000000c8300000, 0x00000000c8300000|100%| E|CS|TAMS 0x00000000c8200000, 0x00000000c8200000| Complete 
|1155|0x00000000c8300000, 0x00000000c8400000, 0x00000000c8400000|100%| E|CS|TAMS 0x00000000c8300000, 0x00000000c8300000| Complete 
|1156|0x00000000c8400000, 0x00000000c8500000, 0x00000000c8500000|100%| E|CS|TAMS 0x00000000c8400000, 0x00000000c8400000| Complete 
|1157|0x00000000c8500000, 0x00000000c8600000, 0x00000000c8600000|100%| E|CS|TAMS 0x00000000c8500000, 0x00000000c8500000| Complete 
|1158|0x00000000c8600000, 0x00000000c8700000, 0x00000000c8700000|100%| E|CS|TAMS 0x00000000c8600000, 0x00000000c8600000| Complete 
|1159|0x00000000c8700000, 0x00000000c8800000, 0x00000000c8800000|100%| E|CS|TAMS 0x00000000c8700000, 0x00000000c8700000| Complete 
|1160|0x00000000c8800000, 0x00000000c8900000, 0x00000000c8900000|100%| E|CS|TAMS 0x00000000c8800000, 0x00000000c8800000| Complete 
|1161|0x00000000c8900000, 0x00000000c8a00000, 0x00000000c8a00000|100%| E|CS|TAMS 0x00000000c8900000, 0x00000000c8900000| Complete 
|1162|0x00000000c8a00000, 0x00000000c8b00000, 0x00000000c8b00000|100%| E|CS|TAMS 0x00000000c8a00000, 0x00000000c8a00000| Complete 
|1163|0x00000000c8b00000, 0x00000000c8c00000, 0x00000000c8c00000|100%| E|CS|TAMS 0x00000000c8b00000, 0x00000000c8b00000| Complete 
|1164|0x00000000c8c00000, 0x00000000c8d00000, 0x00000000c8d00000|100%| E|CS|TAMS 0x00000000c8c00000, 0x00000000c8c00000| Complete 
|1165|0x00000000c8d00000, 0x00000000c8e00000, 0x00000000c8e00000|100%| E|CS|TAMS 0x00000000c8d00000, 0x00000000c8d00000| Complete 
|1166|0x00000000c8e00000, 0x00000000c8f00000, 0x00000000c8f00000|100%| E|CS|TAMS 0x00000000c8e00000, 0x00000000c8e00000| Complete 
|1167|0x00000000c8f00000, 0x00000000c9000000, 0x00000000c9000000|100%| E|CS|TAMS 0x00000000c8f00000, 0x00000000c8f00000| Complete 
|1168|0x00000000c9000000, 0x00000000c9100000, 0x00000000c9100000|100%| E|CS|TAMS 0x00000000c9000000, 0x00000000c9000000| Complete 
|1169|0x00000000c9100000, 0x00000000c9200000, 0x00000000c9200000|100%| E|CS|TAMS 0x00000000c9100000, 0x00000000c9100000| Complete 
|1170|0x00000000c9200000, 0x00000000c9300000, 0x00000000c9300000|100%| E|CS|TAMS 0x00000000c9200000, 0x00000000c9200000| Complete 
|1171|0x00000000c9300000, 0x00000000c9400000, 0x00000000c9400000|100%| E|CS|TAMS 0x00000000c9300000, 0x00000000c9300000| Complete 
|1172|0x00000000c9400000, 0x00000000c9500000, 0x00000000c9500000|100%| E|CS|TAMS 0x00000000c9400000, 0x00000000c9400000| Complete 
|1173|0x00000000c9500000, 0x00000000c9600000, 0x00000000c9600000|100%| E|CS|TAMS 0x00000000c9500000, 0x00000000c9500000| Complete 
|1174|0x00000000c9600000, 0x00000000c9700000, 0x00000000c9700000|100%| E|CS|TAMS 0x00000000c9600000, 0x00000000c9600000| Complete 
|1175|0x00000000c9700000, 0x00000000c9800000, 0x00000000c9800000|100%| E|CS|TAMS 0x00000000c9700000, 0x00000000c9700000| Complete 
|1176|0x00000000c9800000, 0x00000000c9900000, 0x00000000c9900000|100%| E|CS|TAMS 0x00000000c9800000, 0x00000000c9800000| Complete 
|1177|0x00000000c9900000, 0x00000000c9a00000, 0x00000000c9a00000|100%| E|CS|TAMS 0x00000000c9900000, 0x00000000c9900000| Complete 
|1178|0x00000000c9a00000, 0x00000000c9b00000, 0x00000000c9b00000|100%| E|CS|TAMS 0x00000000c9a00000, 0x00000000c9a00000| Complete 
|1179|0x00000000c9b00000, 0x00000000c9c00000, 0x00000000c9c00000|100%| E|CS|TAMS 0x00000000c9b00000, 0x00000000c9b00000| Complete 
|1180|0x00000000c9c00000, 0x00000000c9d00000, 0x00000000c9d00000|100%| E|CS|TAMS 0x00000000c9c00000, 0x00000000c9c00000| Complete 
|1181|0x00000000c9d00000, 0x00000000c9e00000, 0x00000000c9e00000|100%| E|CS|TAMS 0x00000000c9d00000, 0x00000000c9d00000| Complete 
|1182|0x00000000c9e00000, 0x00000000c9f00000, 0x00000000c9f00000|100%| E|CS|TAMS 0x00000000c9e00000, 0x00000000c9e00000| Complete 
|1183|0x00000000c9f00000, 0x00000000ca000000, 0x00000000ca000000|100%| E|CS|TAMS 0x00000000c9f00000, 0x00000000c9f00000| Complete 
|1184|0x00000000ca000000, 0x00000000ca100000, 0x00000000ca100000|100%| E|CS|TAMS 0x00000000ca000000, 0x00000000ca000000| Complete 
|1185|0x00000000ca100000, 0x00000000ca200000, 0x00000000ca200000|100%| E|CS|TAMS 0x00000000ca100000, 0x00000000ca100000| Complete 
|1186|0x00000000ca200000, 0x00000000ca300000, 0x00000000ca300000|100%| E|CS|TAMS 0x00000000ca200000, 0x00000000ca200000| Complete 
|1187|0x00000000ca300000, 0x00000000ca400000, 0x00000000ca400000|100%| E|CS|TAMS 0x00000000ca300000, 0x00000000ca300000| Complete 
|1188|0x00000000ca400000, 0x00000000ca500000, 0x00000000ca500000|100%| E|CS|TAMS 0x00000000ca400000, 0x00000000ca400000| Complete 
|1189|0x00000000ca500000, 0x00000000ca600000, 0x00000000ca600000|100%| E|CS|TAMS 0x00000000ca500000, 0x00000000ca500000| Complete 
|1190|0x00000000ca600000, 0x00000000ca700000, 0x00000000ca700000|100%| E|CS|TAMS 0x00000000ca600000, 0x00000000ca600000| Complete 
|1191|0x00000000ca700000, 0x00000000ca800000, 0x00000000ca800000|100%| E|CS|TAMS 0x00000000ca700000, 0x00000000ca700000| Complete 
|1192|0x00000000ca800000, 0x00000000ca900000, 0x00000000ca900000|100%| E|CS|TAMS 0x00000000ca800000, 0x00000000ca800000| Complete 
|1193|0x00000000ca900000, 0x00000000caa00000, 0x00000000caa00000|100%| E|CS|TAMS 0x00000000ca900000, 0x00000000ca900000| Complete 
|1194|0x00000000caa00000, 0x00000000cab00000, 0x00000000cab00000|100%| E|CS|TAMS 0x00000000caa00000, 0x00000000caa00000| Complete 
|1195|0x00000000cab00000, 0x00000000cac00000, 0x00000000cac00000|100%| E|CS|TAMS 0x00000000cab00000, 0x00000000cab00000| Complete 
|1196|0x00000000cac00000, 0x00000000cad00000, 0x00000000cad00000|100%| E|CS|TAMS 0x00000000cac00000, 0x00000000cac00000| Complete 
|1197|0x00000000cad00000, 0x00000000cae00000, 0x00000000cae00000|100%| E|CS|TAMS 0x00000000cad00000, 0x00000000cad00000| Complete 
|1198|0x00000000cae00000, 0x00000000caf00000, 0x00000000caf00000|100%| E|CS|TAMS 0x00000000cae00000, 0x00000000cae00000| Complete 
|1199|0x00000000caf00000, 0x00000000cb000000, 0x00000000cb000000|100%| E|CS|TAMS 0x00000000caf00000, 0x00000000caf00000| Complete 
|1200|0x00000000cb000000, 0x00000000cb100000, 0x00000000cb100000|100%| E|CS|TAMS 0x00000000cb000000, 0x00000000cb000000| Complete 
|1201|0x00000000cb100000, 0x00000000cb200000, 0x00000000cb200000|100%| E|CS|TAMS 0x00000000cb100000, 0x00000000cb100000| Complete 
|1202|0x00000000cb200000, 0x00000000cb300000, 0x00000000cb300000|100%| E|CS|TAMS 0x00000000cb200000, 0x00000000cb200000| Complete 
|1203|0x00000000cb300000, 0x00000000cb400000, 0x00000000cb400000|100%| E|CS|TAMS 0x00000000cb300000, 0x00000000cb300000| Complete 
|1204|0x00000000cb400000, 0x00000000cb500000, 0x00000000cb500000|100%| E|CS|TAMS 0x00000000cb400000, 0x00000000cb400000| Complete 
|1205|0x00000000cb500000, 0x00000000cb600000, 0x00000000cb600000|100%| E|CS|TAMS 0x00000000cb500000, 0x00000000cb500000| Complete 
|1206|0x00000000cb600000, 0x00000000cb700000, 0x00000000cb700000|100%| E|CS|TAMS 0x00000000cb600000, 0x00000000cb600000| Complete 
|1207|0x00000000cb700000, 0x00000000cb800000, 0x00000000cb800000|100%| E|CS|TAMS 0x00000000cb700000, 0x00000000cb700000| Complete 
|1208|0x00000000cb800000, 0x00000000cb900000, 0x00000000cb900000|100%| E|CS|TAMS 0x00000000cb800000, 0x00000000cb800000| Complete 
|1209|0x00000000cb900000, 0x00000000cba00000, 0x00000000cba00000|100%| E|CS|TAMS 0x00000000cb900000, 0x00000000cb900000| Complete 
|1210|0x00000000cba00000, 0x00000000cbb00000, 0x00000000cbb00000|100%| E|CS|TAMS 0x00000000cba00000, 0x00000000cba00000| Complete 
|1211|0x00000000cbb00000, 0x00000000cbc00000, 0x00000000cbc00000|100%| E|CS|TAMS 0x00000000cbb00000, 0x00000000cbb00000| Complete 
|1212|0x00000000cbc00000, 0x00000000cbd00000, 0x00000000cbd00000|100%| E|CS|TAMS 0x00000000cbc00000, 0x00000000cbc00000| Complete 
|1213|0x00000000cbd00000, 0x00000000cbe00000, 0x00000000cbe00000|100%| E|CS|TAMS 0x00000000cbd00000, 0x00000000cbd00000| Complete 
|1214|0x00000000cbe00000, 0x00000000cbf00000, 0x00000000cbf00000|100%| E|CS|TAMS 0x00000000cbe00000, 0x00000000cbe00000| Complete 
|1215|0x00000000cbf00000, 0x00000000cc000000, 0x00000000cc000000|100%| E|CS|TAMS 0x00000000cbf00000, 0x00000000cbf00000| Complete 
|1216|0x00000000cc000000, 0x00000000cc100000, 0x00000000cc100000|100%| E|CS|TAMS 0x00000000cc000000, 0x00000000cc000000| Complete 
|1217|0x00000000cc100000, 0x00000000cc200000, 0x00000000cc200000|100%| E|CS|TAMS 0x00000000cc100000, 0x00000000cc100000| Complete 
|1218|0x00000000cc200000, 0x00000000cc300000, 0x00000000cc300000|100%| E|CS|TAMS 0x00000000cc200000, 0x00000000cc200000| Complete 
|1219|0x00000000cc300000, 0x00000000cc400000, 0x00000000cc400000|100%| E|CS|TAMS 0x00000000cc300000, 0x00000000cc300000| Complete 
|1220|0x00000000cc400000, 0x00000000cc500000, 0x00000000cc500000|100%| E|CS|TAMS 0x00000000cc400000, 0x00000000cc400000| Complete 
|1221|0x00000000cc500000, 0x00000000cc600000, 0x00000000cc600000|100%| E|CS|TAMS 0x00000000cc500000, 0x00000000cc500000| Complete 
|1222|0x00000000cc600000, 0x00000000cc700000, 0x00000000cc700000|100%| E|CS|TAMS 0x00000000cc600000, 0x00000000cc600000| Complete 
|1223|0x00000000cc700000, 0x00000000cc800000, 0x00000000cc800000|100%| E|CS|TAMS 0x00000000cc700000, 0x00000000cc700000| Complete 
|1224|0x00000000cc800000, 0x00000000cc900000, 0x00000000cc900000|100%| E|CS|TAMS 0x00000000cc800000, 0x00000000cc800000| Complete 
|1225|0x00000000cc900000, 0x00000000cca00000, 0x00000000cca00000|100%| E|CS|TAMS 0x00000000cc900000, 0x00000000cc900000| Complete 
|1226|0x00000000cca00000, 0x00000000ccb00000, 0x00000000ccb00000|100%| E|CS|TAMS 0x00000000cca00000, 0x00000000cca00000| Complete 
|1227|0x00000000ccb00000, 0x00000000ccc00000, 0x00000000ccc00000|100%| E|CS|TAMS 0x00000000ccb00000, 0x00000000ccb00000| Complete 
|1228|0x00000000ccc00000, 0x00000000ccd00000, 0x00000000ccd00000|100%| E|CS|TAMS 0x00000000ccc00000, 0x00000000ccc00000| Complete 
|1229|0x00000000ccd00000, 0x00000000cce00000, 0x00000000cce00000|100%| E|CS|TAMS 0x00000000ccd00000, 0x00000000ccd00000| Complete 
|1230|0x00000000cce00000, 0x00000000ccf00000, 0x00000000ccf00000|100%| E|CS|TAMS 0x00000000cce00000, 0x00000000cce00000| Complete 
|1231|0x00000000ccf00000, 0x00000000cd000000, 0x00000000cd000000|100%| E|CS|TAMS 0x00000000ccf00000, 0x00000000ccf00000| Complete 
|1232|0x00000000cd000000, 0x00000000cd100000, 0x00000000cd100000|100%| E|CS|TAMS 0x00000000cd000000, 0x00000000cd000000| Complete 
|1233|0x00000000cd100000, 0x00000000cd200000, 0x00000000cd200000|100%| E|CS|TAMS 0x00000000cd100000, 0x00000000cd100000| Complete 
|1234|0x00000000cd200000, 0x00000000cd300000, 0x00000000cd300000|100%| E|CS|TAMS 0x00000000cd200000, 0x00000000cd200000| Complete 
|1235|0x00000000cd300000, 0x00000000cd400000, 0x00000000cd400000|100%| E|CS|TAMS 0x00000000cd300000, 0x00000000cd300000| Complete 
|1236|0x00000000cd400000, 0x00000000cd500000, 0x00000000cd500000|100%| E|CS|TAMS 0x00000000cd400000, 0x00000000cd400000| Complete 
|1237|0x00000000cd500000, 0x00000000cd600000, 0x00000000cd600000|100%| E|CS|TAMS 0x00000000cd500000, 0x00000000cd500000| Complete 
|1238|0x00000000cd600000, 0x00000000cd700000, 0x00000000cd700000|100%| E|CS|TAMS 0x00000000cd600000, 0x00000000cd600000| Complete 
|1239|0x00000000cd700000, 0x00000000cd800000, 0x00000000cd800000|100%| E|CS|TAMS 0x00000000cd700000, 0x00000000cd700000| Complete 
|1240|0x00000000cd800000, 0x00000000cd900000, 0x00000000cd900000|100%| E|CS|TAMS 0x00000000cd800000, 0x00000000cd800000| Complete 
|1241|0x00000000cd900000, 0x00000000cda00000, 0x00000000cda00000|100%| E|CS|TAMS 0x00000000cd900000, 0x00000000cd900000| Complete 
|1242|0x00000000cda00000, 0x00000000cdb00000, 0x00000000cdb00000|100%| E|CS|TAMS 0x00000000cda00000, 0x00000000cda00000| Complete 
|1243|0x00000000cdb00000, 0x00000000cdc00000, 0x00000000cdc00000|100%| E|CS|TAMS 0x00000000cdb00000, 0x00000000cdb00000| Complete 
|1244|0x00000000cdc00000, 0x00000000cdd00000, 0x00000000cdd00000|100%| E|CS|TAMS 0x00000000cdc00000, 0x00000000cdc00000| Complete 
|1245|0x00000000cdd00000, 0x00000000cde00000, 0x00000000cde00000|100%| E|CS|TAMS 0x00000000cdd00000, 0x00000000cdd00000| Complete 
|1246|0x00000000cde00000, 0x00000000cdf00000, 0x00000000cdf00000|100%| E|CS|TAMS 0x00000000cde00000, 0x00000000cde00000| Complete 
|1247|0x00000000cdf00000, 0x00000000ce000000, 0x00000000ce000000|100%| E|CS|TAMS 0x00000000cdf00000, 0x00000000cdf00000| Complete 
|1248|0x00000000ce000000, 0x00000000ce100000, 0x00000000ce100000|100%| E|CS|TAMS 0x00000000ce000000, 0x00000000ce000000| Complete 
|1249|0x00000000ce100000, 0x00000000ce200000, 0x00000000ce200000|100%| E|CS|TAMS 0x00000000ce100000, 0x00000000ce100000| Complete 
|1250|0x00000000ce200000, 0x00000000ce300000, 0x00000000ce300000|100%| E|CS|TAMS 0x00000000ce200000, 0x00000000ce200000| Complete 
|1251|0x00000000ce300000, 0x00000000ce400000, 0x00000000ce400000|100%| E|CS|TAMS 0x00000000ce300000, 0x00000000ce300000| Complete 
|1252|0x00000000ce400000, 0x00000000ce500000, 0x00000000ce500000|100%| E|CS|TAMS 0x00000000ce400000, 0x00000000ce400000| Complete 
|1253|0x00000000ce500000, 0x00000000ce600000, 0x00000000ce600000|100%| E|CS|TAMS 0x00000000ce500000, 0x00000000ce500000| Complete 
|1254|0x00000000ce600000, 0x00000000ce700000, 0x00000000ce700000|100%| E|CS|TAMS 0x00000000ce600000, 0x00000000ce600000| Complete 
|1255|0x00000000ce700000, 0x00000000ce800000, 0x00000000ce800000|100%| E|CS|TAMS 0x00000000ce700000, 0x00000000ce700000| Complete 
|1256|0x00000000ce800000, 0x00000000ce900000, 0x00000000ce900000|100%| E|CS|TAMS 0x00000000ce800000, 0x00000000ce800000| Complete 
|1257|0x00000000ce900000, 0x00000000cea00000, 0x00000000cea00000|100%| E|CS|TAMS 0x00000000ce900000, 0x00000000ce900000| Complete 
|1258|0x00000000cea00000, 0x00000000ceb00000, 0x00000000ceb00000|100%| E|CS|TAMS 0x00000000cea00000, 0x00000000cea00000| Complete 
|1259|0x00000000ceb00000, 0x00000000cec00000, 0x00000000cec00000|100%| E|CS|TAMS 0x00000000ceb00000, 0x00000000ceb00000| Complete 
|1260|0x00000000cec00000, 0x00000000ced00000, 0x00000000ced00000|100%| E|CS|TAMS 0x00000000cec00000, 0x00000000cec00000| Complete 
|1261|0x00000000ced00000, 0x00000000cee00000, 0x00000000cee00000|100%| E|CS|TAMS 0x00000000ced00000, 0x00000000ced00000| Complete 
|1262|0x00000000cee00000, 0x00000000cef00000, 0x00000000cef00000|100%| E|CS|TAMS 0x00000000cee00000, 0x00000000cee00000| Complete 
|1263|0x00000000cef00000, 0x00000000cf000000, 0x00000000cf000000|100%| E|CS|TAMS 0x00000000cef00000, 0x00000000cef00000| Complete 
|1264|0x00000000cf000000, 0x00000000cf100000, 0x00000000cf100000|100%| E|CS|TAMS 0x00000000cf000000, 0x00000000cf000000| Complete 
|1265|0x00000000cf100000, 0x00000000cf200000, 0x00000000cf200000|100%| E|CS|TAMS 0x00000000cf100000, 0x00000000cf100000| Complete 
|1266|0x00000000cf200000, 0x00000000cf300000, 0x00000000cf300000|100%| E|CS|TAMS 0x00000000cf200000, 0x00000000cf200000| Complete 
|1267|0x00000000cf300000, 0x00000000cf400000, 0x00000000cf400000|100%| E|CS|TAMS 0x00000000cf300000, 0x00000000cf300000| Complete 
|1268|0x00000000cf400000, 0x00000000cf500000, 0x00000000cf500000|100%| E|CS|TAMS 0x00000000cf400000, 0x00000000cf400000| Complete 
|1269|0x00000000cf500000, 0x00000000cf600000, 0x00000000cf600000|100%| E|CS|TAMS 0x00000000cf500000, 0x00000000cf500000| Complete 
|1270|0x00000000cf600000, 0x00000000cf700000, 0x00000000cf700000|100%| E|CS|TAMS 0x00000000cf600000, 0x00000000cf600000| Complete 
|1271|0x00000000cf700000, 0x00000000cf800000, 0x00000000cf800000|100%| E|CS|TAMS 0x00000000cf700000, 0x00000000cf700000| Complete 
|1272|0x00000000cf800000, 0x00000000cf900000, 0x00000000cf900000|100%| E|CS|TAMS 0x00000000cf800000, 0x00000000cf800000| Complete 
|1273|0x00000000cf900000, 0x00000000cfa00000, 0x00000000cfa00000|100%| E|CS|TAMS 0x00000000cf900000, 0x00000000cf900000| Complete 
|1274|0x00000000cfa00000, 0x00000000cfb00000, 0x00000000cfb00000|100%| E|CS|TAMS 0x00000000cfa00000, 0x00000000cfa00000| Complete 
|1275|0x00000000cfb00000, 0x00000000cfc00000, 0x00000000cfc00000|100%| E|CS|TAMS 0x00000000cfb00000, 0x00000000cfb00000| Complete 
|1276|0x00000000cfc00000, 0x00000000cfd00000, 0x00000000cfd00000|100%| E|CS|TAMS 0x00000000cfc00000, 0x00000000cfc00000| Complete 
|1277|0x00000000cfd00000, 0x00000000cfe00000, 0x00000000cfe00000|100%| E|CS|TAMS 0x00000000cfd00000, 0x00000000cfd00000| Complete 
|1278|0x00000000cfe00000, 0x00000000cff00000, 0x00000000cff00000|100%| E|CS|TAMS 0x00000000cfe00000, 0x00000000cfe00000| Complete 
|1279|0x00000000cff00000, 0x00000000d0000000, 0x00000000d0000000|100%| E|CS|TAMS 0x00000000cff00000, 0x00000000cff00000| Complete 
|1280|0x00000000d0000000, 0x00000000d0100000, 0x00000000d0100000|100%| E|CS|TAMS 0x00000000d0000000, 0x00000000d0000000| Complete 
|1281|0x00000000d0100000, 0x00000000d0200000, 0x00000000d0200000|100%| E|CS|TAMS 0x00000000d0100000, 0x00000000d0100000| Complete 
|1282|0x00000000d0200000, 0x00000000d0300000, 0x00000000d0300000|100%| E|CS|TAMS 0x00000000d0200000, 0x00000000d0200000| Complete 
|1283|0x00000000d0300000, 0x00000000d0400000, 0x00000000d0400000|100%| E|CS|TAMS 0x00000000d0300000, 0x00000000d0300000| Complete 
|1284|0x00000000d0400000, 0x00000000d0500000, 0x00000000d0500000|100%| E|CS|TAMS 0x00000000d0400000, 0x00000000d0400000| Complete 
|1285|0x00000000d0500000, 0x00000000d0600000, 0x00000000d0600000|100%| E|CS|TAMS 0x00000000d0500000, 0x00000000d0500000| Complete 
|1286|0x00000000d0600000, 0x00000000d0700000, 0x00000000d0700000|100%| E|CS|TAMS 0x00000000d0600000, 0x00000000d0600000| Complete 
|1287|0x00000000d0700000, 0x00000000d0800000, 0x00000000d0800000|100%| E|CS|TAMS 0x00000000d0700000, 0x00000000d0700000| Complete 
|1288|0x00000000d0800000, 0x00000000d0900000, 0x00000000d0900000|100%| E|CS|TAMS 0x00000000d0800000, 0x00000000d0800000| Complete 
|1289|0x00000000d0900000, 0x00000000d0a00000, 0x00000000d0a00000|100%| E|CS|TAMS 0x00000000d0900000, 0x00000000d0900000| Complete 
|1290|0x00000000d0a00000, 0x00000000d0b00000, 0x00000000d0b00000|100%| E|CS|TAMS 0x00000000d0a00000, 0x00000000d0a00000| Complete 
|1291|0x00000000d0b00000, 0x00000000d0c00000, 0x00000000d0c00000|100%| E|CS|TAMS 0x00000000d0b00000, 0x00000000d0b00000| Complete 
|1292|0x00000000d0c00000, 0x00000000d0d00000, 0x00000000d0d00000|100%| E|CS|TAMS 0x00000000d0c00000, 0x00000000d0c00000| Complete 
|1293|0x00000000d0d00000, 0x00000000d0e00000, 0x00000000d0e00000|100%| E|CS|TAMS 0x00000000d0d00000, 0x00000000d0d00000| Complete 
|1294|0x00000000d0e00000, 0x00000000d0f00000, 0x00000000d0f00000|100%| E|CS|TAMS 0x00000000d0e00000, 0x00000000d0e00000| Complete 
|1295|0x00000000d0f00000, 0x00000000d1000000, 0x00000000d1000000|100%| E|CS|TAMS 0x00000000d0f00000, 0x00000000d0f00000| Complete 
|1296|0x00000000d1000000, 0x00000000d1100000, 0x00000000d1100000|100%| E|CS|TAMS 0x00000000d1000000, 0x00000000d1000000| Complete 
|1297|0x00000000d1100000, 0x00000000d1200000, 0x00000000d1200000|100%| E|CS|TAMS 0x00000000d1100000, 0x00000000d1100000| Complete 
|1298|0x00000000d1200000, 0x00000000d1300000, 0x00000000d1300000|100%| E|CS|TAMS 0x00000000d1200000, 0x00000000d1200000| Complete 
|1299|0x00000000d1300000, 0x00000000d1400000, 0x00000000d1400000|100%| E|CS|TAMS 0x00000000d1300000, 0x00000000d1300000| Complete 
|1300|0x00000000d1400000, 0x00000000d1500000, 0x00000000d1500000|100%| E|CS|TAMS 0x00000000d1400000, 0x00000000d1400000| Complete 
|1301|0x00000000d1500000, 0x00000000d1600000, 0x00000000d1600000|100%| E|CS|TAMS 0x00000000d1500000, 0x00000000d1500000| Complete 
|1302|0x00000000d1600000, 0x00000000d1700000, 0x00000000d1700000|100%| E|CS|TAMS 0x00000000d1600000, 0x00000000d1600000| Complete 
|1303|0x00000000d1700000, 0x00000000d1800000, 0x00000000d1800000|100%| E|CS|TAMS 0x00000000d1700000, 0x00000000d1700000| Complete 
|1304|0x00000000d1800000, 0x00000000d1900000, 0x00000000d1900000|100%| E|CS|TAMS 0x00000000d1800000, 0x00000000d1800000| Complete 
|1305|0x00000000d1900000, 0x00000000d1a00000, 0x00000000d1a00000|100%| E|CS|TAMS 0x00000000d1900000, 0x00000000d1900000| Complete 
|1306|0x00000000d1a00000, 0x00000000d1b00000, 0x00000000d1b00000|100%| E|CS|TAMS 0x00000000d1a00000, 0x00000000d1a00000| Complete 
|1307|0x00000000d1b00000, 0x00000000d1c00000, 0x00000000d1c00000|100%| E|CS|TAMS 0x00000000d1b00000, 0x00000000d1b00000| Complete 
|1308|0x00000000d1c00000, 0x00000000d1d00000, 0x00000000d1d00000|100%| E|CS|TAMS 0x00000000d1c00000, 0x00000000d1c00000| Complete 
|1309|0x00000000d1d00000, 0x00000000d1e00000, 0x00000000d1e00000|100%| E|CS|TAMS 0x00000000d1d00000, 0x00000000d1d00000| Complete 
|1310|0x00000000d1e00000, 0x00000000d1f00000, 0x00000000d1f00000|100%| E|CS|TAMS 0x00000000d1e00000, 0x00000000d1e00000| Complete 
|1311|0x00000000d1f00000, 0x00000000d2000000, 0x00000000d2000000|100%| E|CS|TAMS 0x00000000d1f00000, 0x00000000d1f00000| Complete 
|1312|0x00000000d2000000, 0x00000000d2100000, 0x00000000d2100000|100%| E|CS|TAMS 0x00000000d2000000, 0x00000000d2000000| Complete 
|1313|0x00000000d2100000, 0x00000000d2200000, 0x00000000d2200000|100%| E|CS|TAMS 0x00000000d2100000, 0x00000000d2100000| Complete 
|1314|0x00000000d2200000, 0x00000000d2300000, 0x00000000d2300000|100%| E|CS|TAMS 0x00000000d2200000, 0x00000000d2200000| Complete 
|1315|0x00000000d2300000, 0x00000000d2400000, 0x00000000d2400000|100%| E|CS|TAMS 0x00000000d2300000, 0x00000000d2300000| Complete 
|1316|0x00000000d2400000, 0x00000000d2500000, 0x00000000d2500000|100%| E|CS|TAMS 0x00000000d2400000, 0x00000000d2400000| Complete 
|1317|0x00000000d2500000, 0x00000000d2600000, 0x00000000d2600000|100%| E|CS|TAMS 0x00000000d2500000, 0x00000000d2500000| Complete 
|1318|0x00000000d2600000, 0x00000000d2700000, 0x00000000d2700000|100%| E|CS|TAMS 0x00000000d2600000, 0x00000000d2600000| Complete 
|1319|0x00000000d2700000, 0x00000000d2800000, 0x00000000d2800000|100%| E|CS|TAMS 0x00000000d2700000, 0x00000000d2700000| Complete 
|1320|0x00000000d2800000, 0x00000000d2900000, 0x00000000d2900000|100%| E|CS|TAMS 0x00000000d2800000, 0x00000000d2800000| Complete 
|1321|0x00000000d2900000, 0x00000000d2a00000, 0x00000000d2a00000|100%| E|CS|TAMS 0x00000000d2900000, 0x00000000d2900000| Complete 
|1322|0x00000000d2a00000, 0x00000000d2b00000, 0x00000000d2b00000|100%| E|CS|TAMS 0x00000000d2a00000, 0x00000000d2a00000| Complete 
|1323|0x00000000d2b00000, 0x00000000d2c00000, 0x00000000d2c00000|100%| E|CS|TAMS 0x00000000d2b00000, 0x00000000d2b00000| Complete 
|1324|0x00000000d2c00000, 0x00000000d2d00000, 0x00000000d2d00000|100%| E|CS|TAMS 0x00000000d2c00000, 0x00000000d2c00000| Complete 
|1325|0x00000000d2d00000, 0x00000000d2e00000, 0x00000000d2e00000|100%| E|CS|TAMS 0x00000000d2d00000, 0x00000000d2d00000| Complete 
|1326|0x00000000d2e00000, 0x00000000d2f00000, 0x00000000d2f00000|100%| E|CS|TAMS 0x00000000d2e00000, 0x00000000d2e00000| Complete 
|1327|0x00000000d2f00000, 0x00000000d3000000, 0x00000000d3000000|100%| E|CS|TAMS 0x00000000d2f00000, 0x00000000d2f00000| Complete 
|1328|0x00000000d3000000, 0x00000000d3100000, 0x00000000d3100000|100%| E|CS|TAMS 0x00000000d3000000, 0x00000000d3000000| Complete 
|1329|0x00000000d3100000, 0x00000000d3200000, 0x00000000d3200000|100%| E|CS|TAMS 0x00000000d3100000, 0x00000000d3100000| Complete 
|1330|0x00000000d3200000, 0x00000000d3300000, 0x00000000d3300000|100%| E|CS|TAMS 0x00000000d3200000, 0x00000000d3200000| Complete 
|1331|0x00000000d3300000, 0x00000000d3400000, 0x00000000d3400000|100%| E|CS|TAMS 0x00000000d3300000, 0x00000000d3300000| Complete 
|1332|0x00000000d3400000, 0x00000000d3500000, 0x00000000d3500000|100%| E|CS|TAMS 0x00000000d3400000, 0x00000000d3400000| Complete 
|1333|0x00000000d3500000, 0x00000000d3600000, 0x00000000d3600000|100%| E|CS|TAMS 0x00000000d3500000, 0x00000000d3500000| Complete 
|1334|0x00000000d3600000, 0x00000000d3700000, 0x00000000d3700000|100%| E|CS|TAMS 0x00000000d3600000, 0x00000000d3600000| Complete 
|1335|0x00000000d3700000, 0x00000000d3800000, 0x00000000d3800000|100%| E|CS|TAMS 0x00000000d3700000, 0x00000000d3700000| Complete 
|1336|0x00000000d3800000, 0x00000000d3900000, 0x00000000d3900000|100%| E|CS|TAMS 0x00000000d3800000, 0x00000000d3800000| Complete 
|1337|0x00000000d3900000, 0x00000000d3a00000, 0x00000000d3a00000|100%| E|CS|TAMS 0x00000000d3900000, 0x00000000d3900000| Complete 
|1338|0x00000000d3a00000, 0x00000000d3b00000, 0x00000000d3b00000|100%| E|CS|TAMS 0x00000000d3a00000, 0x00000000d3a00000| Complete 
|1339|0x00000000d3b00000, 0x00000000d3c00000, 0x00000000d3c00000|100%| E|CS|TAMS 0x00000000d3b00000, 0x00000000d3b00000| Complete 
|1340|0x00000000d3c00000, 0x00000000d3d00000, 0x00000000d3d00000|100%| E|CS|TAMS 0x00000000d3c00000, 0x00000000d3c00000| Complete 
|1341|0x00000000d3d00000, 0x00000000d3e00000, 0x00000000d3e00000|100%| E|CS|TAMS 0x00000000d3d00000, 0x00000000d3d00000| Complete 
|1342|0x00000000d3e00000, 0x00000000d3f00000, 0x00000000d3f00000|100%| E|CS|TAMS 0x00000000d3e00000, 0x00000000d3e00000| Complete 
|1343|0x00000000d3f00000, 0x00000000d4000000, 0x00000000d4000000|100%| E|CS|TAMS 0x00000000d3f00000, 0x00000000d3f00000| Complete 
|1344|0x00000000d4000000, 0x00000000d4100000, 0x00000000d4100000|100%| E|CS|TAMS 0x00000000d4000000, 0x00000000d4000000| Complete 
|1345|0x00000000d4100000, 0x00000000d4200000, 0x00000000d4200000|100%| E|CS|TAMS 0x00000000d4100000, 0x00000000d4100000| Complete 
|1346|0x00000000d4200000, 0x00000000d4300000, 0x00000000d4300000|100%| E|CS|TAMS 0x00000000d4200000, 0x00000000d4200000| Complete 
|1347|0x00000000d4300000, 0x00000000d4400000, 0x00000000d4400000|100%| E|CS|TAMS 0x00000000d4300000, 0x00000000d4300000| Complete 
|1348|0x00000000d4400000, 0x00000000d4500000, 0x00000000d4500000|100%| E|CS|TAMS 0x00000000d4400000, 0x00000000d4400000| Complete 
|1349|0x00000000d4500000, 0x00000000d4600000, 0x00000000d4600000|100%| E|CS|TAMS 0x00000000d4500000, 0x00000000d4500000| Complete 
|1350|0x00000000d4600000, 0x00000000d4700000, 0x00000000d4700000|100%| E|CS|TAMS 0x00000000d4600000, 0x00000000d4600000| Complete 
|1351|0x00000000d4700000, 0x00000000d4800000, 0x00000000d4800000|100%| E|CS|TAMS 0x00000000d4700000, 0x00000000d4700000| Complete 
|1352|0x00000000d4800000, 0x00000000d4900000, 0x00000000d4900000|100%| E|CS|TAMS 0x00000000d4800000, 0x00000000d4800000| Complete 
|1353|0x00000000d4900000, 0x00000000d4a00000, 0x00000000d4a00000|100%| E|CS|TAMS 0x00000000d4900000, 0x00000000d4900000| Complete 
|1354|0x00000000d4a00000, 0x00000000d4b00000, 0x00000000d4b00000|100%| E|CS|TAMS 0x00000000d4a00000, 0x00000000d4a00000| Complete 
|1355|0x00000000d4b00000, 0x00000000d4c00000, 0x00000000d4c00000|100%| E|CS|TAMS 0x00000000d4b00000, 0x00000000d4b00000| Complete 
|1356|0x00000000d4c00000, 0x00000000d4d00000, 0x00000000d4d00000|100%| E|CS|TAMS 0x00000000d4c00000, 0x00000000d4c00000| Complete 
|1357|0x00000000d4d00000, 0x00000000d4e00000, 0x00000000d4e00000|100%| E|CS|TAMS 0x00000000d4d00000, 0x00000000d4d00000| Complete 
|1358|0x00000000d4e00000, 0x00000000d4f00000, 0x00000000d4f00000|100%| E|CS|TAMS 0x00000000d4e00000, 0x00000000d4e00000| Complete 
|1359|0x00000000d4f00000, 0x00000000d5000000, 0x00000000d5000000|100%| E|CS|TAMS 0x00000000d4f00000, 0x00000000d4f00000| Complete 
|1360|0x00000000d5000000, 0x00000000d5100000, 0x00000000d5100000|100%| E|CS|TAMS 0x00000000d5000000, 0x00000000d5000000| Complete 
|1361|0x00000000d5100000, 0x00000000d5200000, 0x00000000d5200000|100%| E|CS|TAMS 0x00000000d5100000, 0x00000000d5100000| Complete 
|1362|0x00000000d5200000, 0x00000000d5300000, 0x00000000d5300000|100%| E|CS|TAMS 0x00000000d5200000, 0x00000000d5200000| Complete 
|1363|0x00000000d5300000, 0x00000000d5400000, 0x00000000d5400000|100%| E|CS|TAMS 0x00000000d5300000, 0x00000000d5300000| Complete 
|1364|0x00000000d5400000, 0x00000000d5500000, 0x00000000d5500000|100%| E|CS|TAMS 0x00000000d5400000, 0x00000000d5400000| Complete 
|1365|0x00000000d5500000, 0x00000000d5600000, 0x00000000d5600000|100%| E|CS|TAMS 0x00000000d5500000, 0x00000000d5500000| Complete 
|1366|0x00000000d5600000, 0x00000000d5700000, 0x00000000d5700000|100%| E|CS|TAMS 0x00000000d5600000, 0x00000000d5600000| Complete 
|1367|0x00000000d5700000, 0x00000000d5800000, 0x00000000d5800000|100%| E|CS|TAMS 0x00000000d5700000, 0x00000000d5700000| Complete 
|1368|0x00000000d5800000, 0x00000000d5900000, 0x00000000d5900000|100%| E|CS|TAMS 0x00000000d5800000, 0x00000000d5800000| Complete 
|1369|0x00000000d5900000, 0x00000000d5a00000, 0x00000000d5a00000|100%| E|CS|TAMS 0x00000000d5900000, 0x00000000d5900000| Complete 
|1370|0x00000000d5a00000, 0x00000000d5b00000, 0x00000000d5b00000|100%| E|CS|TAMS 0x00000000d5a00000, 0x00000000d5a00000| Complete 
|1371|0x00000000d5b00000, 0x00000000d5c00000, 0x00000000d5c00000|100%| E|CS|TAMS 0x00000000d5b00000, 0x00000000d5b00000| Complete 
|1372|0x00000000d5c00000, 0x00000000d5d00000, 0x00000000d5d00000|100%| E|CS|TAMS 0x00000000d5c00000, 0x00000000d5c00000| Complete 
|1373|0x00000000d5d00000, 0x00000000d5e00000, 0x00000000d5e00000|100%| E|CS|TAMS 0x00000000d5d00000, 0x00000000d5d00000| Complete 
|1374|0x00000000d5e00000, 0x00000000d5f00000, 0x00000000d5f00000|100%| E|CS|TAMS 0x00000000d5e00000, 0x00000000d5e00000| Complete 
|1375|0x00000000d5f00000, 0x00000000d6000000, 0x00000000d6000000|100%| E|CS|TAMS 0x00000000d5f00000, 0x00000000d5f00000| Complete 
|1376|0x00000000d6000000, 0x00000000d6100000, 0x00000000d6100000|100%| E|CS|TAMS 0x00000000d6000000, 0x00000000d6000000| Complete 
|1377|0x00000000d6100000, 0x00000000d6200000, 0x00000000d6200000|100%| E|CS|TAMS 0x00000000d6100000, 0x00000000d6100000| Complete 
|1378|0x00000000d6200000, 0x00000000d6300000, 0x00000000d6300000|100%| E|CS|TAMS 0x00000000d6200000, 0x00000000d6200000| Complete 
|1379|0x00000000d6300000, 0x00000000d6400000, 0x00000000d6400000|100%| E|CS|TAMS 0x00000000d6300000, 0x00000000d6300000| Complete 
|1380|0x00000000d6400000, 0x00000000d6500000, 0x00000000d6500000|100%| E|CS|TAMS 0x00000000d6400000, 0x00000000d6400000| Complete 
|1381|0x00000000d6500000, 0x00000000d6600000, 0x00000000d6600000|100%| E|CS|TAMS 0x00000000d6500000, 0x00000000d6500000| Complete 
|1382|0x00000000d6600000, 0x00000000d6700000, 0x00000000d6700000|100%| E|CS|TAMS 0x00000000d6600000, 0x00000000d6600000| Complete 
|1383|0x00000000d6700000, 0x00000000d6800000, 0x00000000d6800000|100%| E|CS|TAMS 0x00000000d6700000, 0x00000000d6700000| Complete 
|1384|0x00000000d6800000, 0x00000000d6900000, 0x00000000d6900000|100%| E|CS|TAMS 0x00000000d6800000, 0x00000000d6800000| Complete 
|1385|0x00000000d6900000, 0x00000000d6a00000, 0x00000000d6a00000|100%| E|CS|TAMS 0x00000000d6900000, 0x00000000d6900000| Complete 
|1386|0x00000000d6a00000, 0x00000000d6b00000, 0x00000000d6b00000|100%| E|CS|TAMS 0x00000000d6a00000, 0x00000000d6a00000| Complete 
|1387|0x00000000d6b00000, 0x00000000d6c00000, 0x00000000d6c00000|100%| E|CS|TAMS 0x00000000d6b00000, 0x00000000d6b00000| Complete 
|1388|0x00000000d6c00000, 0x00000000d6d00000, 0x00000000d6d00000|100%| E|CS|TAMS 0x00000000d6c00000, 0x00000000d6c00000| Complete 
|1389|0x00000000d6d00000, 0x00000000d6e00000, 0x00000000d6e00000|100%| E|CS|TAMS 0x00000000d6d00000, 0x00000000d6d00000| Complete 
|1390|0x00000000d6e00000, 0x00000000d6f00000, 0x00000000d6f00000|100%| E|CS|TAMS 0x00000000d6e00000, 0x00000000d6e00000| Complete 
|1391|0x00000000d6f00000, 0x00000000d7000000, 0x00000000d7000000|100%| E|CS|TAMS 0x00000000d6f00000, 0x00000000d6f00000| Complete 
|1392|0x00000000d7000000, 0x00000000d7100000, 0x00000000d7100000|100%| E|CS|TAMS 0x00000000d7000000, 0x00000000d7000000| Complete 
|1393|0x00000000d7100000, 0x00000000d7200000, 0x00000000d7200000|100%| E|CS|TAMS 0x00000000d7100000, 0x00000000d7100000| Complete 
|1394|0x00000000d7200000, 0x00000000d7300000, 0x00000000d7300000|100%| E|CS|TAMS 0x00000000d7200000, 0x00000000d7200000| Complete 
|1395|0x00000000d7300000, 0x00000000d7400000, 0x00000000d7400000|100%| E|CS|TAMS 0x00000000d7300000, 0x00000000d7300000| Complete 
|1396|0x00000000d7400000, 0x00000000d7500000, 0x00000000d7500000|100%| E|CS|TAMS 0x00000000d7400000, 0x00000000d7400000| Complete 
|1397|0x00000000d7500000, 0x00000000d7600000, 0x00000000d7600000|100%| E|CS|TAMS 0x00000000d7500000, 0x00000000d7500000| Complete 
|1398|0x00000000d7600000, 0x00000000d7700000, 0x00000000d7700000|100%| E|CS|TAMS 0x00000000d7600000, 0x00000000d7600000| Complete 
|1399|0x00000000d7700000, 0x00000000d7800000, 0x00000000d7800000|100%| E|CS|TAMS 0x00000000d7700000, 0x00000000d7700000| Complete 
|1400|0x00000000d7800000, 0x00000000d7900000, 0x00000000d7900000|100%| E|CS|TAMS 0x00000000d7800000, 0x00000000d7800000| Complete 
|1401|0x00000000d7900000, 0x00000000d7a00000, 0x00000000d7a00000|100%| E|CS|TAMS 0x00000000d7900000, 0x00000000d7900000| Complete 
|1402|0x00000000d7a00000, 0x00000000d7b00000, 0x00000000d7b00000|100%| E|CS|TAMS 0x00000000d7a00000, 0x00000000d7a00000| Complete 
|1403|0x00000000d7b00000, 0x00000000d7c00000, 0x00000000d7c00000|100%| E|CS|TAMS 0x00000000d7b00000, 0x00000000d7b00000| Complete 
|1404|0x00000000d7c00000, 0x00000000d7d00000, 0x00000000d7d00000|100%| E|CS|TAMS 0x00000000d7c00000, 0x00000000d7c00000| Complete 
|1405|0x00000000d7d00000, 0x00000000d7e00000, 0x00000000d7e00000|100%| E|CS|TAMS 0x00000000d7d00000, 0x00000000d7d00000| Complete 
|1406|0x00000000d7e00000, 0x00000000d7f00000, 0x00000000d7f00000|100%| E|CS|TAMS 0x00000000d7e00000, 0x00000000d7e00000| Complete 
|1407|0x00000000d7f00000, 0x00000000d8000000, 0x00000000d8000000|100%| E|CS|TAMS 0x00000000d7f00000, 0x00000000d7f00000| Complete 
|1408|0x00000000d8000000, 0x00000000d8100000, 0x00000000d8100000|100%| E|CS|TAMS 0x00000000d8000000, 0x00000000d8000000| Complete 
|1409|0x00000000d8100000, 0x00000000d8200000, 0x00000000d8200000|100%| E|CS|TAMS 0x00000000d8100000, 0x00000000d8100000| Complete 
|1410|0x00000000d8200000, 0x00000000d8300000, 0x00000000d8300000|100%| E|CS|TAMS 0x00000000d8200000, 0x00000000d8200000| Complete 
|1411|0x00000000d8300000, 0x00000000d8400000, 0x00000000d8400000|100%| E|CS|TAMS 0x00000000d8300000, 0x00000000d8300000| Complete 
|1412|0x00000000d8400000, 0x00000000d8500000, 0x00000000d8500000|100%| E|CS|TAMS 0x00000000d8400000, 0x00000000d8400000| Complete 
|1413|0x00000000d8500000, 0x00000000d8600000, 0x00000000d8600000|100%| E|CS|TAMS 0x00000000d8500000, 0x00000000d8500000| Complete 
|1414|0x00000000d8600000, 0x00000000d8700000, 0x00000000d8700000|100%| E|CS|TAMS 0x00000000d8600000, 0x00000000d8600000| Complete 
|1415|0x00000000d8700000, 0x00000000d8800000, 0x00000000d8800000|100%| E|CS|TAMS 0x00000000d8700000, 0x00000000d8700000| Complete 
|1416|0x00000000d8800000, 0x00000000d8900000, 0x00000000d8900000|100%| E|CS|TAMS 0x00000000d8800000, 0x00000000d8800000| Complete 
|1417|0x00000000d8900000, 0x00000000d8a00000, 0x00000000d8a00000|100%| E|CS|TAMS 0x00000000d8900000, 0x00000000d8900000| Complete 
|1418|0x00000000d8a00000, 0x00000000d8b00000, 0x00000000d8b00000|100%| E|CS|TAMS 0x00000000d8a00000, 0x00000000d8a00000| Complete 
|1419|0x00000000d8b00000, 0x00000000d8c00000, 0x00000000d8c00000|100%| E|CS|TAMS 0x00000000d8b00000, 0x00000000d8b00000| Complete 
|1420|0x00000000d8c00000, 0x00000000d8d00000, 0x00000000d8d00000|100%| E|CS|TAMS 0x00000000d8c00000, 0x00000000d8c00000| Complete 
|1421|0x00000000d8d00000, 0x00000000d8e00000, 0x00000000d8e00000|100%| E|CS|TAMS 0x00000000d8d00000, 0x00000000d8d00000| Complete 
|1422|0x00000000d8e00000, 0x00000000d8f00000, 0x00000000d8f00000|100%| E|CS|TAMS 0x00000000d8e00000, 0x00000000d8e00000| Complete 
|1423|0x00000000d8f00000, 0x00000000d9000000, 0x00000000d9000000|100%| E|CS|TAMS 0x00000000d8f00000, 0x00000000d8f00000| Complete 
|1424|0x00000000d9000000, 0x00000000d9100000, 0x00000000d9100000|100%| E|CS|TAMS 0x00000000d9000000, 0x00000000d9000000| Complete 
|1425|0x00000000d9100000, 0x00000000d9200000, 0x00000000d9200000|100%| E|CS|TAMS 0x00000000d9100000, 0x00000000d9100000| Complete 
|1426|0x00000000d9200000, 0x00000000d9300000, 0x00000000d9300000|100%| E|CS|TAMS 0x00000000d9200000, 0x00000000d9200000| Complete 
|1427|0x00000000d9300000, 0x00000000d9400000, 0x00000000d9400000|100%| E|CS|TAMS 0x00000000d9300000, 0x00000000d9300000| Complete 
|1428|0x00000000d9400000, 0x00000000d9500000, 0x00000000d9500000|100%| E|CS|TAMS 0x00000000d9400000, 0x00000000d9400000| Complete 
|1429|0x00000000d9500000, 0x00000000d9600000, 0x00000000d9600000|100%| E|CS|TAMS 0x00000000d9500000, 0x00000000d9500000| Complete 
|1430|0x00000000d9600000, 0x00000000d9700000, 0x00000000d9700000|100%| E|CS|TAMS 0x00000000d9600000, 0x00000000d9600000| Complete 
|1431|0x00000000d9700000, 0x00000000d9800000, 0x00000000d9800000|100%| E|CS|TAMS 0x00000000d9700000, 0x00000000d9700000| Complete 
|1432|0x00000000d9800000, 0x00000000d9900000, 0x00000000d9900000|100%| E|CS|TAMS 0x00000000d9800000, 0x00000000d9800000| Complete 
|1433|0x00000000d9900000, 0x00000000d9a00000, 0x00000000d9a00000|100%| E|CS|TAMS 0x00000000d9900000, 0x00000000d9900000| Complete 
|1434|0x00000000d9a00000, 0x00000000d9b00000, 0x00000000d9b00000|100%| E|CS|TAMS 0x00000000d9a00000, 0x00000000d9a00000| Complete 
|1435|0x00000000d9b00000, 0x00000000d9c00000, 0x00000000d9c00000|100%| E|CS|TAMS 0x00000000d9b00000, 0x00000000d9b00000| Complete 
|1436|0x00000000d9c00000, 0x00000000d9d00000, 0x00000000d9d00000|100%| E|CS|TAMS 0x00000000d9c00000, 0x00000000d9c00000| Complete 
|1437|0x00000000d9d00000, 0x00000000d9e00000, 0x00000000d9e00000|100%| E|CS|TAMS 0x00000000d9d00000, 0x00000000d9d00000| Complete 
|1438|0x00000000d9e00000, 0x00000000d9f00000, 0x00000000d9f00000|100%| E|CS|TAMS 0x00000000d9e00000, 0x00000000d9e00000| Complete 
|1439|0x00000000d9f00000, 0x00000000da000000, 0x00000000da000000|100%| E|CS|TAMS 0x00000000d9f00000, 0x00000000d9f00000| Complete 
|1440|0x00000000da000000, 0x00000000da100000, 0x00000000da100000|100%| E|CS|TAMS 0x00000000da000000, 0x00000000da000000| Complete 
|1441|0x00000000da100000, 0x00000000da200000, 0x00000000da200000|100%| E|CS|TAMS 0x00000000da100000, 0x00000000da100000| Complete 
|1442|0x00000000da200000, 0x00000000da300000, 0x00000000da300000|100%| E|CS|TAMS 0x00000000da200000, 0x00000000da200000| Complete 
|1443|0x00000000da300000, 0x00000000da400000, 0x00000000da400000|100%| E|CS|TAMS 0x00000000da300000, 0x00000000da300000| Complete 
|1444|0x00000000da400000, 0x00000000da500000, 0x00000000da500000|100%| E|CS|TAMS 0x00000000da400000, 0x00000000da400000| Complete 
|1445|0x00000000da500000, 0x00000000da600000, 0x00000000da600000|100%| E|CS|TAMS 0x00000000da500000, 0x00000000da500000| Complete 
|1446|0x00000000da600000, 0x00000000da700000, 0x00000000da700000|100%| E|CS|TAMS 0x00000000da600000, 0x00000000da600000| Complete 
|1447|0x00000000da700000, 0x00000000da800000, 0x00000000da800000|100%| E|CS|TAMS 0x00000000da700000, 0x00000000da700000| Complete 
|1448|0x00000000da800000, 0x00000000da900000, 0x00000000da900000|100%| E|CS|TAMS 0x00000000da800000, 0x00000000da800000| Complete 
|1449|0x00000000da900000, 0x00000000daa00000, 0x00000000daa00000|100%| E|CS|TAMS 0x00000000da900000, 0x00000000da900000| Complete 
|1450|0x00000000daa00000, 0x00000000dab00000, 0x00000000dab00000|100%| E|CS|TAMS 0x00000000daa00000, 0x00000000daa00000| Complete 
|1451|0x00000000dab00000, 0x00000000dac00000, 0x00000000dac00000|100%| E|CS|TAMS 0x00000000dab00000, 0x00000000dab00000| Complete 
|1452|0x00000000dac00000, 0x00000000dad00000, 0x00000000dad00000|100%| E|CS|TAMS 0x00000000dac00000, 0x00000000dac00000| Complete 
|1453|0x00000000dad00000, 0x00000000dae00000, 0x00000000dae00000|100%| E|CS|TAMS 0x00000000dad00000, 0x00000000dad00000| Complete 
|1454|0x00000000dae00000, 0x00000000daf00000, 0x00000000daf00000|100%| E|CS|TAMS 0x00000000dae00000, 0x00000000dae00000| Complete 
|1455|0x00000000daf00000, 0x00000000db000000, 0x00000000db000000|100%| E|CS|TAMS 0x00000000daf00000, 0x00000000daf00000| Complete 
|1456|0x00000000db000000, 0x00000000db100000, 0x00000000db100000|100%| E|CS|TAMS 0x00000000db000000, 0x00000000db000000| Complete 
|1457|0x00000000db100000, 0x00000000db200000, 0x00000000db200000|100%| E|CS|TAMS 0x00000000db100000, 0x00000000db100000| Complete 
|1458|0x00000000db200000, 0x00000000db300000, 0x00000000db300000|100%| E|CS|TAMS 0x00000000db200000, 0x00000000db200000| Complete 
|1459|0x00000000db300000, 0x00000000db400000, 0x00000000db400000|100%| E|CS|TAMS 0x00000000db300000, 0x00000000db300000| Complete 
|1460|0x00000000db400000, 0x00000000db500000, 0x00000000db500000|100%| E|CS|TAMS 0x00000000db400000, 0x00000000db400000| Complete 

Card table byte_map: [0x00007f459216e000,0x00007f459256e000] _byte_map_base: 0x00007f4591d6e000

Marking Bits (Prev, Next): (CMBitMap*) 0x00007f458c059090, (CMBitMap*) 0x00007f458c059058
 Prev Bits: [0x00007f4570000000, 0x00007f4572000000)
 Next Bits: [0x00007f4572000000, 0x00007f4574000000)

Polling page: 0x00007f4594c12000

Metaspace:

Usage:
  Non-class:    182,91 MB capacity,   178,50 MB ( 98%) used,     3,65 MB (  2%) free+waste,   781,19 KB ( <1%) overhead. 
      Class:     26,54 MB capacity,    23,91 MB ( 90%) used,     2,30 MB (  9%) free+waste,   337,25 KB (  1%) overhead. 
       Both:    209,45 MB capacity,   202,41 MB ( 97%) used,     5,95 MB (  3%) free+waste,     1,09 MB ( <1%) overhead. 

Virtual space:
  Non-class space:      184,00 MB reserved,     182,92 MB (>99%) committed 
      Class space:        1,00 GB reserved,      26,65 MB (  3%) committed 
             Both:        1,18 GB reserved,     209,57 MB ( 17%) committed 

Chunk freelists:
   Non-Class:  10,00 KB
       Class:  22,00 KB
        Both:  32,00 KB

MaxMetaspaceSize: unlimited
CompressedClassSpaceSize: 1,00 GB
Initial GC threshold: 20,80 MB
Current GC threshold: 285,74 MB
CDS: off

CodeHeap 'non-profiled nmethods': size=120032Kb used=40402Kb max_used=40685Kb free=79629Kb
 bounds [0x00007f4580fd0000, 0x00007f45837a0000, 0x00007f4588508000]
CodeHeap 'profiled nmethods': size=120028Kb used=79481Kb max_used=81209Kb free=40546Kb
 bounds [0x00007f4579a99000, 0x00007f457e9f9000, 0x00007f4580fd0000]
CodeHeap 'non-nmethods': size=5700Kb used=2518Kb max_used=2619Kb free=3181Kb
 bounds [0x00007f4579508000, 0x00007f45797a8000, 0x00007f4579a99000]
 total_blobs=37859 nmethods=36792 adapters=977
 compilation: enabled
              stopped_count=0, restarted_count=0
 full_count=0

Compilation events (20 events):
Event: 217,792 Thread 0x00007f45401f1800 nmethod 55068 0x00007f4582623590 code [0x00007f4582623780, 0x00007f4582623b50]
Event: 217,792 Thread 0x00007f45401f1800 55069       4       org.objectweb.asm.FieldWriter::putFieldInfo (269 bytes)
Event: 217,799 Thread 0x00007f458c1ed800 55072       3       org.objectweb.asm.SymbolTable::<init> (41 bytes)
Event: 217,799 Thread 0x00007f458c1ed800 nmethod 55072 0x00007f457b792990 code [0x00007f457b792b80, 0x00007f457b7930d0]
Event: 217,806 Thread 0x00007f45401f1800 nmethod 55069 0x00007f4582aea510 code [0x00007f4582aea840, 0x00007f4582aebb40]
Event: 217,806 Thread 0x00007f45401f1800 55073       4       org.objectweb.asm.MethodWriter::visitMethodInsn (191 bytes)
Event: 217,837 Thread 0x00007f45401f1800 nmethod 55073 0x00007f458174cb90 code [0x00007f458174cde0, 0x00007f458174e1c0]
Event: 217,837 Thread 0x00007f45401f1800 55077       4       java.util.Collections::indexedBinarySearch (83 bytes)
Event: 217,839 Thread 0x00007f45401f1800 nmethod 55077 0x00007f4582622c90 code [0x00007f4582622e40, 0x00007f4582623158]
Event: 217,839 Thread 0x00007f45401f1800 55066       4       org.objectweb.asm.SymbolTable::addConstant (330 bytes)
Event: 217,845 Thread 0x00007f45401f1800 nmethod 55066 0x00007f4581d78190 code [0x00007f4581d78400, 0x00007f4581d78c80]
Event: 217,845 Thread 0x00007f45401f1800 55067       4       org.gradle.internal.normalization.java.impl.ApiMemberSelector::visitField (80 bytes)
Event: 217,850 Thread 0x00007f45401f1800 nmethod 55067 0x00007f4581992710 code [0x00007f4581992900, 0x00007f4581993168]
Event: 217,851 Thread 0x00007f45401f1800 55063       4       org.objectweb.asm.ClassWriter::toByteArray (1535 bytes)
Event: 217,854 Thread 0x00007f458c1ed800 55083       1       org.gradle.api.internal.tasks.compile.DefaultJavaCompileSpec::getCompileOptions (5 bytes)
Event: 217,854 Thread 0x00007f458c1ed800 nmethod 55083 0x00007f4581992210 code [0x00007f45819923c0, 0x00007f4581992470]
Event: 217,880 Thread 0x00007f458c1ed800 55086       3       com.sun.tools.javac.parser.JavacParser::importDeclaration (189 bytes)
Event: 217,882 Thread 0x00007f458c1ed800 nmethod 55086 0x00007f457ab9b690 code [0x00007f457ab9bae0, 0x00007f457ab9da50]
Event: 217,974 Thread 0x00007f45401f0800 nmethod 55062 0x00007f458378b490 code [0x00007f458378ba80, 0x00007f4583793c30]
Event: 217,974 Thread 0x00007f45401f0800 55087 % !   4       com.sun.tools.javac.parser.JavadocTokenizer$JavadocComment::scanDocComment @ 540 (1130 bytes)

GC Heap History (20 events):
Event: 167,116 GC heap before
{Heap before GC invocations=209 (full 0):
 garbage-first heap   total 1496064K, used 696831K [0x0000000080000000, 0x0000000100000000)
  region size 1024K, 125 young (128000K), 35 survivors (35840K)
 Metaspace       used 169478K, capacity 175284K, committed 175560K, reserved 1202176K
  class space    used 20209K, capacity 22441K, committed 22552K, reserved 1048576K
}
Event: 167,146 GC heap after
{Heap after GC invocations=210 (full 0):
 garbage-first heap   total 1496064K, used 619007K [0x0000000080000000, 0x0000000100000000)
  region size 1024K, 48 young (49152K), 48 survivors (49152K)
 Metaspace       used 169478K, capacity 175284K, committed 175560K, reserved 1202176K
  class space    used 20209K, capacity 22441K, committed 22552K, reserved 1048576K
}
Event: 167,837 GC heap before
{Heap before GC invocations=211 (full 0):
 garbage-first heap   total 1496064K, used 1237503K [0x0000000080000000, 0x0000000100000000)
  region size 1024K, 658 young (673792K), 48 survivors (49152K)
 Metaspace       used 169600K, capacity 175496K, committed 175816K, reserved 1202176K
  class space    used 20210K, capacity 22444K, committed 22552K, reserved 1048576K
}
Event: 167,852 GC heap after
{Heap after GC invocations=212 (full 0):
 garbage-first heap   total 1496064K, used 568292K [0x0000000080000000, 0x0000000100000000)
  region size 1024K, 18 young (18432K), 18 survivors (18432K)
 Metaspace       used 169600K, capacity 175496K, committed 175816K, reserved 1202176K
  class space    used 20210K, capacity 22444K, committed 22552K, reserved 1048576K
}
Event: 167,911 GC heap before
{Heap before GC invocations=212 (full 0):
 garbage-first heap   total 1496064K, used 624612K [0x0000000080000000, 0x0000000100000000)
  region size 1024K, 73 young (74752K), 18 survivors (18432K)
 Metaspace       used 169638K, capacity 175560K, committed 175816K, reserved 1202176K
  class space    used 20210K, capacity 22444K, committed 22552K, reserved 1048576K
}
Event: 167,919 GC heap after
{Heap after GC invocations=213 (full 0):
 garbage-first heap   total 1496064K, used 422131K [0x0000000080000000, 0x0000000100000000)
  region size 1024K, 5 young (5120K), 5 survivors (5120K)
 Metaspace       used 169638K, capacity 175560K, committed 175816K, reserved 1202176K
  class space    used 20210K, capacity 22444K, committed 22552K, reserved 1048576K
}
Event: 168,000 GC heap before
{Heap before GC invocations=213 (full 0):
 garbage-first heap   total 1496064K, used 490739K [0x0000000080000000, 0x0000000100000000)
  region size 1024K, 73 young (74752K), 5 survivors (5120K)
 Metaspace       used 170260K, capacity 176281K, committed 176456K, reserved 1204224K
  class space    used 20270K, capacity 22532K, committed 22680K, reserved 1048576K
}
Event: 168,011 GC heap after
{Heap after GC invocations=214 (full 0):
 garbage-first heap   total 1496064K, used 392799K [0x0000000080000000, 0x0000000100000000)
  region size 1024K, 7 young (7168K), 7 survivors (7168K)
 Metaspace       used 170260K, capacity 176281K, committed 176456K, reserved 1204224K
  class space    used 20270K, capacity 22532K, committed 22680K, reserved 1048576K
}
Event: 169,220 GC heap before
{Heap before GC invocations=214 (full 0):
 garbage-first heap   total 1496064K, used 1233503K [0x0000000080000000, 0x0000000100000000)
  region size 1024K, 824 young (843776K), 7 survivors (7168K)
 Metaspace       used 179881K, capacity 186142K, committed 186312K, reserved 1212416K
  class space    used 21345K, capacity 23698K, committed 23832K, reserved 1048576K
}
Event: 169,234 GC heap after
{Heap after GC invocations=215 (full 0):
 garbage-first heap   total 1496064K, used 413477K [0x0000000080000000, 0x0000000100000000)
  region size 1024K, 25 young (25600K), 25 survivors (25600K)
 Metaspace       used 179881K, capacity 186142K, committed 186312K, reserved 1212416K
  class space    used 21345K, capacity 23698K, committed 23832K, reserved 1048576K
}
Event: 171,200 GC heap before
{Heap before GC invocations=215 (full 0):
 garbage-first heap   total 1496064K, used 1252133K [0x0000000080000000, 0x0000000100000000)
  region size 1024K, 840 young (860160K), 25 survivors (25600K)
 Metaspace       used 181584K, capacity 187935K, committed 188232K, reserved 1214464K
  class space    used 21521K, capacity 23907K, committed 23960K, reserved 1048576K
}
Event: 171,227 GC heap after
{Heap after GC invocations=216 (full 0):
 garbage-first heap   total 1496064K, used 417865K [0x0000000080000000, 0x0000000100000000)
  region size 1024K, 29 young (29696K), 29 survivors (29696K)
 Metaspace       used 181584K, capacity 187935K, committed 188232K, reserved 1214464K
  class space    used 21521K, capacity 23907K, committed 23960K, reserved 1048576K
}
Event: 175,990 GC heap before
{Heap before GC invocations=216 (full 0):
 garbage-first heap   total 1496064K, used 1256521K [0x0000000080000000, 0x0000000100000000)
  region size 1024K, 846 young (866304K), 29 survivors (29696K)
 Metaspace       used 196295K, capacity 203046K, committed 203208K, reserved 1226752K
  class space    used 23290K, capacity 25813K, committed 25880K, reserved 1048576K
}
Event: 176,014 GC heap after
{Heap after GC invocations=217 (full 0):
 garbage-first heap   total 1496064K, used 463170K [0x0000000080000000, 0x0000000100000000)
  region size 1024K, 73 young (74752K), 73 survivors (74752K)
 Metaspace       used 196295K, capacity 203046K, committed 203208K, reserved 1226752K
  class space    used 23290K, capacity 25813K, committed 25880K, reserved 1048576K
}
Event: 185,006 GC heap before
{Heap before GC invocations=217 (full 0):
 garbage-first heap   total 1496064K, used 1251650K [0x0000000080000000, 0x0000000100000000)
  region size 1024K, 836 young (856064K), 73 survivors (74752K)
 Metaspace       used 197648K, capacity 204455K, committed 204616K, reserved 1228800K
  class space    used 23411K, capacity 25959K, committed 26008K, reserved 1048576K
}
Event: 185,021 GC heap after
{Heap after GC invocations=218 (full 0):
 garbage-first heap   total 1496064K, used 432593K [0x0000000080000000, 0x0000000100000000)
  region size 1024K, 17 young (17408K), 17 survivors (17408K)
 Metaspace       used 197648K, capacity 204455K, committed 204616K, reserved 1228800K
  class space    used 23411K, capacity 25959K, committed 26008K, reserved 1048576K
}
Event: 189,118 GC heap before
{Heap before GC invocations=218 (full 0):
 garbage-first heap   total 1496064K, used 1269201K [0x0000000080000000, 0x0000000100000000)
  region size 1024K, 820 young (839680K), 17 survivors (17408K)
 Metaspace       used 204414K, capacity 211376K, committed 211528K, reserved 1234944K
  class space    used 24120K, capacity 26731K, committed 26776K, reserved 1048576K
}
Event: 189,136 GC heap after
{Heap after GC invocations=219 (full 0):
 garbage-first heap   total 1496064K, used 484305K [0x0000000080000000, 0x0000000100000000)
  region size 1024K, 66 young (67584K), 66 survivors (67584K)
 Metaspace       used 204414K, capacity 211376K, committed 211528K, reserved 1234944K
  class space    used 24120K, capacity 26731K, committed 26776K, reserved 1048576K
}
Event: 190,524 GC heap before
{Heap before GC invocations=219 (full 0):
 garbage-first heap   total 1496064K, used 1231825K [0x0000000080000000, 0x0000000100000000)
  region size 1024K, 796 young (815104K), 66 survivors (67584K)
 Metaspace       used 207238K, capacity 214410K, committed 214600K, reserved 1236992K
  class space    used 24488K, capacity 27178K, committed 27288K, reserved 1048576K
}
Event: 190,552 GC heap after
{Heap after GC invocations=220 (full 0):
 garbage-first heap   total 1496064K, used 495434K [0x0000000080000000, 0x0000000100000000)
  region size 1024K, 19 young (19456K), 19 survivors (19456K)
 Metaspace       used 207238K, capacity 214410K, committed 214600K, reserved 1236992K
  class space    used 24488K, capacity 27178K, committed 27288K, reserved 1048576K
}

Deoptimization events (20 events):
Event: 217,804 Thread 0x00007f44fa625000 DEOPT PACKING pc=0x00007f457a6f488c sp=0x00007f43ed3fab50
Event: 217,804 Thread 0x00007f44fa625000 DEOPT UNPACKING pc=0x00007f457955264a sp=0x00007f43ed3fa140 mode 0
Event: 217,808 Thread 0x00007f44fa625000 DEOPT PACKING pc=0x00007f457a6f4b75 sp=0x00007f43ed3fab50
Event: 217,808 Thread 0x00007f44fa625000 DEOPT UNPACKING pc=0x00007f457955264a sp=0x00007f43ed3fa140 mode 0
Event: 217,812 Thread 0x00007f44fa625000 DEOPT PACKING pc=0x00007f457a6f488c sp=0x00007f43ed3fab50
Event: 217,812 Thread 0x00007f44fa625000 DEOPT UNPACKING pc=0x00007f457955264a sp=0x00007f43ed3fa140 mode 0
Event: 217,816 Thread 0x00007f44fa625000 DEOPT PACKING pc=0x00007f457c2d5dd5 sp=0x00007f43ed3faaa0
Event: 217,816 Thread 0x00007f44fa625000 DEOPT UNPACKING pc=0x00007f457955264a sp=0x00007f43ed3fa0b0 mode 0
Event: 217,816 Thread 0x00007f44fa625000 DEOPT PACKING pc=0x00007f457a6f488c sp=0x00007f43ed3fab50
Event: 217,816 Thread 0x00007f44fa625000 DEOPT UNPACKING pc=0x00007f457955264a sp=0x00007f43ed3fa140 mode 0
Event: 217,822 Thread 0x00007f44fa625000 DEOPT PACKING pc=0x00007f457a6f488c sp=0x00007f43ed3fab50
Event: 217,822 Thread 0x00007f44fa625000 DEOPT UNPACKING pc=0x00007f457955264a sp=0x00007f43ed3fa140 mode 0
Event: 217,822 Thread 0x00007f44fa625000 Uncommon trap: trap_request=0xffffffd6 fr.pc=0x00007f458361ffec relative=0x00000000000017ac
Event: 217,822 Thread 0x00007f44fa625000 Uncommon trap: reason=array_check action=maybe_recompile pc=0x00007f458361ffec method=java.util.ComparableTimSort.mergeHi(IIII)V @ 415 c2
Event: 217,822 Thread 0x00007f44fa625000 DEOPT PACKING pc=0x00007f458361ffec sp=0x00007f43ed3faf00
Event: 217,822 Thread 0x00007f44fa625000 DEOPT UNPACKING pc=0x00007f4579551ea5 sp=0x00007f43ed3faec0 mode 2
Event: 217,822 Thread 0x00007f44fa625000 Uncommon trap: trap_request=0xffffffcc fr.pc=0x00007f458361f7fc relative=0x0000000000000fbc
Event: 217,822 Thread 0x00007f44fa625000 Uncommon trap: reason=intrinsic_or_type_checked_inlining action=make_not_entrant pc=0x00007f458361f7fc method=java.util.ComparableTimSort.mergeHi(IIII)V @ 725 c2
Event: 217,822 Thread 0x00007f44fa625000 DEOPT PACKING pc=0x00007f458361f7fc sp=0x00007f43ed3faf00
Event: 217,822 Thread 0x00007f44fa625000 DEOPT UNPACKING pc=0x00007f4579551ea5 sp=0x00007f43ed3faeb0 mode 2

Classes redefined (0 events):
No events

Internal exceptions (20 events):
Event: 190,199 Thread 0x00007f4444008000 Exception <a 'java/lang/ClassCastException'{0x00000000be6b2300}> (0x00000000be6b2300) thrown at [src/hotspot/share/runtime/sharedRuntime.cpp, line 607]
Event: 190,199 Thread 0x00007f4444008000 Exception <a 'java/lang/ClassCastException'{0x00000000be6b4748}> (0x00000000be6b4748) thrown at [src/hotspot/share/runtime/sharedRuntime.cpp, line 607]
Event: 190,200 Thread 0x00007f4444008000 Exception <a 'java/lang/ClassCastException'{0x00000000be6b66a8}> (0x00000000be6b66a8) thrown at [src/hotspot/share/runtime/sharedRuntime.cpp, line 607]
Event: 190,200 Thread 0x00007f4444008000 Exception <a 'java/lang/ClassCastException'{0x00000000be6b7800}> (0x00000000be6b7800) thrown at [src/hotspot/share/runtime/sharedRuntime.cpp, line 607]
Event: 190,200 Thread 0x00007f4444008000 Exception <a 'java/lang/ClassCastException'{0x00000000be6b8ce0}> (0x00000000be6b8ce0) thrown at [src/hotspot/share/runtime/sharedRuntime.cpp, line 607]
Event: 190,200 Thread 0x00007f4444008000 Exception <a 'java/lang/ClassCastException'{0x00000000be6b9e70}> (0x00000000be6b9e70) thrown at [src/hotspot/share/runtime/sharedRuntime.cpp, line 607]
Event: 190,200 Thread 0x00007f4444008000 Exception <a 'java/lang/ClassCastException'{0x00000000be6bca00}> (0x00000000be6bca00) thrown at [src/hotspot/share/runtime/sharedRuntime.cpp, line 607]
Event: 190,200 Thread 0x00007f4444008000 Exception <a 'java/lang/ClassCastException'{0x00000000be6be9f8}> (0x00000000be6be9f8) thrown at [src/hotspot/share/runtime/sharedRuntime.cpp, line 607]
Event: 190,200 Thread 0x00007f4444008000 Exception <a 'java/lang/ClassCastException'{0x00000000be6c7cb0}> (0x00000000be6c7cb0) thrown at [src/hotspot/share/runtime/sharedRuntime.cpp, line 607]
Event: 190,200 Thread 0x00007f4444008000 Exception <a 'java/lang/ClassCastException'{0x00000000be6c8cb0}> (0x00000000be6c8cb0) thrown at [src/hotspot/share/runtime/sharedRuntime.cpp, line 607]
Event: 190,200 Thread 0x00007f4444008000 Exception <a 'java/lang/ClassCastException'{0x00000000be6cadf8}> (0x00000000be6cadf8) thrown at [src/hotspot/share/runtime/sharedRuntime.cpp, line 607]
Event: 190,200 Thread 0x00007f4444008000 Exception <a 'java/lang/ClassCastException'{0x00000000be6cbdf8}> (0x00000000be6cbdf8) thrown at [src/hotspot/share/runtime/sharedRuntime.cpp, line 607]
Event: 190,200 Thread 0x00007f4444008000 Exception <a 'java/lang/ClassCastException'{0x00000000be6cde50}> (0x00000000be6cde50) thrown at [src/hotspot/share/runtime/sharedRuntime.cpp, line 607]
Event: 190,200 Thread 0x00007f4444008000 Exception <a 'java/lang/ClassCastException'{0x00000000be6cf030}> (0x00000000be6cf030) thrown at [src/hotspot/share/runtime/sharedRuntime.cpp, line 607]
Event: 191,023 Thread 0x00007f446001f800 Exception <a 'java/lang/InterruptedException'{0x00000000c558b050}> (0x00000000c558b050) thrown at [src/hotspot/share/runtime/objectMonitor.cpp, line 1635]
Event: 193,906 Thread 0x00007f44f9b75800 Exception <a 'java/io/IOException'{0x00000000c53d2398}> (0x00000000c53d2398) thrown at [src/hotspot/share/prims/jni.cpp, line 616]
Event: 198,906 Thread 0x00007f44f9b75800 Exception <a 'java/io/IOException'{0x00000000c53d94c8}> (0x00000000c53d94c8) thrown at [src/hotspot/share/prims/jni.cpp, line 616]
Event: 203,906 Thread 0x00007f44f9b75800 Exception <a 'java/io/IOException'{0x00000000c5212898}> (0x00000000c5212898) thrown at [src/hotspot/share/prims/jni.cpp, line 616]
Event: 208,906 Thread 0x00007f44f9b75800 Exception <a 'java/io/IOException'{0x00000000c52704e8}> (0x00000000c52704e8) thrown at [src/hotspot/share/prims/jni.cpp, line 616]
Event: 213,906 Thread 0x00007f44f9b75800 Exception <a 'java/io/IOException'{0x00000000c52b39f8}> (0x00000000c52b39f8) thrown at [src/hotspot/share/prims/jni.cpp, line 616]

Events (20 events):
Event: 191,022 Executing VM operation: RevokeBias done
Event: 191,027 Executing VM operation: BulkRevokeBias
Event: 191,028 Executing VM operation: BulkRevokeBias done
Event: 192,814 Executing VM operation: RevokeBias
Event: 192,815 Executing VM operation: RevokeBias done
Event: 196,024 Thread 0x00007f454451e800 Thread exited: 0x00007f454451e800
Event: 196,144 Executing VM operation: RevokeBias
Event: 196,145 Executing VM operation: RevokeBias done
Event: 199,261 Executing VM operation: BulkRevokeBias
Event: 199,264 Executing VM operation: BulkRevokeBias done
Event: 206,023 Executing VM operation: RevokeBias
Event: 206,023 Executing VM operation: RevokeBias done
Event: 217,282 Executing VM operation: RevokeBias
Event: 217,282 Executing VM operation: RevokeBias done
Event: 217,665 Executing VM operation: RevokeBias
Event: 217,665 Executing VM operation: RevokeBias done
Event: 217,783 Thread 0x00007f45401f0800 Thread added: 0x00007f45401f0800
Event: 217,783 Protecting memory [0x00007f445d600000,0x00007f445d604000] with protection modes 0
Event: 217,784 Thread 0x00007f45401f1800 Thread added: 0x00007f45401f1800
Event: 217,784 Protecting memory [0x00007f43ea500000,0x00007f43ea504000] with protection modes 0


Dynamic libraries:
00200000-00201000 r--p 00000000 08:05 3932992                            /opt/android-studio/jre/bin/java
00201000-00202000 r-xp 00000000 08:05 3932992                            /opt/android-studio/jre/bin/java
00202000-00203000 r--p 00000000 08:05 3932992                            /opt/android-studio/jre/bin/java
00203000-00204000 rw-p 00000000 08:05 3932992                            /opt/android-studio/jre/bin/java
014ff000-01b15000 rw-p 00000000 00:00 0                                  [heap]
80000000-db500000 rw-p 00000000 00:00 0 
db500000-100000000 ---p 00000000 00:00 0 
100000000-101aa6000 rw-p 00000000 00:00 0 
101aa6000-140000000 ---p 00000000 00:00 0 
7f43b3bff000-7f43d3d00000 rw-p 00000000 00:00 0 
7f43d3d00000-7f43d3e00000 ---p 00000000 00:00 0 
7f43d3e00000-7f43d4000000 rw-p 00000000 00:00 0 
7f43d4000000-7f43d7ff1000 rw-p 00000000 00:00 0 
7f43d7ff1000-7f43d8000000 ---p 00000000 00:00 0 
7f43d8000000-7f43db666000 rw-p 00000000 00:00 0 
7f43db666000-7f43dc000000 ---p 00000000 00:00 0 
7f43dc000000-7f43dfff1000 rw-p 00000000 00:00 0 
7f43dfff1000-7f43e0000000 ---p 00000000 00:00 0 
7f43e0000000-7f43e0200000 rw-p 00000000 00:00 0 
7f43e0200000-7f43e0400000 rw-p 00000000 00:00 0 
7f43e0400000-7f43e0404000 ---p 00000000 00:00 0 
7f43e0404000-7f43e0500000 rw-p 00000000 00:00 0 
7f43e0500000-7f43e0504000 ---p 00000000 00:00 0 
7f43e0504000-7f43e0800000 rw-p 00000000 00:00 0 
7f43e0800000-7f43e0a00000 rw-p 00000000 00:00 0 
7f43e0a00000-7f43e0c00000 rw-p 00000000 00:00 0 
7f43e0c00000-7f43e0e00000 rw-p 00000000 00:00 0 
7f43e0e00000-7f43e0ee3000 r-xp 00000000 08:05 2233618                    /tmp/sqlite-3.36.0-6627c79c-ec9b-49ca-9e84-5396c6d11c6c-libsqlitejdbc.so
7f43e0ee3000-7f43e10e2000 ---p 000e3000 08:05 2233618                    /tmp/sqlite-3.36.0-6627c79c-ec9b-49ca-9e84-5396c6d11c6c-libsqlitejdbc.so
7f43e10e2000-7f43e10e9000 rw-p 000e2000 08:05 2233618                    /tmp/sqlite-3.36.0-6627c79c-ec9b-49ca-9e84-5396c6d11c6c-libsqlitejdbc.so
7f43e1100000-7f43e1300000 rw-p 00000000 00:00 0 
7f43e1300000-7f43e1500000 rw-p 00000000 00:00 0 
7f43e1500000-7f43e1700000 rw-p 00000000 00:00 0 
7f43e1700000-7f43e1704000 ---p 00000000 00:00 0 
7f43e1704000-7f43e1800000 rw-p 00000000 00:00 0 
7f43e1800000-7f43e1804000 ---p 00000000 00:00 0 
7f43e1804000-7f43e1b00000 rw-p 00000000 00:00 0 
7f43e1b00000-7f43e1b04000 ---p 00000000 00:00 0 
7f43e1b04000-7f43e1c00000 rw-p 00000000 00:00 0 
7f43e1c00000-7f43e1c04000 ---p 00000000 00:00 0 
7f43e1c04000-7f43e1d00000 rw-p 00000000 00:00 0 
7f43e1d00000-7f43e1d04000 ---p 00000000 00:00 0 
7f43e1d04000-7f43e1e00000 rw-p 00000000 00:00 0 
7f43e1e00000-7f43e1e04000 ---p 00000000 00:00 0 
7f43e1e04000-7f43e1f00000 rw-p 00000000 00:00 0 
7f43e1f00000-7f43e1f04000 ---p 00000000 00:00 0 
7f43e1f04000-7f43e2000000 rw-p 00000000 00:00 0 
7f43e2000000-7f43e2004000 ---p 00000000 00:00 0 
7f43e2004000-7f43e2100000 rw-p 00000000 00:00 0 
7f43e2100000-7f43e2104000 ---p 00000000 00:00 0 
7f43e2104000-7f43e2200000 rw-p 00000000 00:00 0 
7f43e2200000-7f43e2204000 ---p 00000000 00:00 0 
7f43e2204000-7f43e2300000 rw-p 00000000 00:00 0 
7f43e2300000-7f43e2304000 ---p 00000000 00:00 0 
7f43e2304000-7f43e2400000 rw-p 00000000 00:00 0 
7f43e2400000-7f43e2404000 ---p 00000000 00:00 0 
7f43e2404000-7f43e2500000 rw-p 00000000 00:00 0 
7f43e2500000-7f43e2504000 ---p 00000000 00:00 0 
7f43e2504000-7f43e2600000 rw-p 00000000 00:00 0 
7f43e2600000-7f43e2604000 ---p 00000000 00:00 0 
7f43e2604000-7f43e2700000 rw-p 00000000 00:00 0 
7f43e2700000-7f43e2704000 ---p 00000000 00:00 0 
7f43e2704000-7f43e2a00000 rw-p 00000000 00:00 0 
7f43e2a00000-7f43e2c00000 rw-p 00000000 00:00 0 
7f43e2c00000-7f43e3000000 rw-p 00000000 00:00 0 
7f43e3000000-7f43e3200000 rw-p 00000000 00:00 0 
7f43e3200000-7f43e3400000 rw-p 00000000 00:00 0 
7f43e3400000-7f43e3600000 rw-p 00000000 00:00 0 
7f43e3600000-7f43e3604000 ---p 00000000 00:00 0 
7f43e3604000-7f43e3900000 rw-p 00000000 00:00 0 
7f43e3900000-7f43e3d00000 rw-p 00000000 00:00 0 
7f43e3d00000-7f43e3f00000 rw-p 00000000 00:00 0 
7f43e3f00000-7f43e4100000 rw-p 00000000 00:00 0 
7f43e4100000-7f43e4104000 ---p 00000000 00:00 0 
7f43e4104000-7f43e4400000 rw-p 00000000 00:00 0 
7f43e4400000-7f43e4404000 ---p 00000000 00:00 0 
7f43e4404000-7f43e4500000 rw-p 00000000 00:00 0 
7f43e4500000-7f43e4700000 rw-p 00000000 00:00 0 
7f43e4700000-7f43e4704000 ---p 00000000 00:00 0 
7f43e4704000-7f43e4800000 rw-p 00000000 00:00 0 
7f43e4800000-7f43e4804000 ---p 00000000 00:00 0 
7f43e4804000-7f43e4900000 rw-p 00000000 00:00 0 
7f43e4900000-7f43e4904000 ---p 00000000 00:00 0 
7f43e4904000-7f43e4c00000 rw-p 00000000 00:00 0 
7f43e4c00000-7f43e4e00000 rw-p 00000000 00:00 0 
7f43e4e00000-7f43e5000000 rw-p 00000000 00:00 0 
7f43e5000000-7f43e5004000 ---p 00000000 00:00 0 
7f43e5004000-7f43e5300000 rw-p 00000000 00:00 0 
7f43e5300000-7f43e5700000 rw-p 00000000 00:00 0 
7f43e5700000-7f43e5900000 rw-p 00000000 00:00 0 
7f43e5900000-7f43e5b00000 rw-p 00000000 00:00 0 
7f43e5b00000-7f43e5d00000 rw-p 00000000 00:00 0 
7f43e5d00000-7f43e5f00000 rw-p 00000000 00:00 0 
7f43e5f00000-7f43e6100000 rw-p 00000000 00:00 0 
7f43e6100000-7f43e6300000 rw-p 00000000 00:00 0 
7f43e6300000-7f43e6304000 ---p 00000000 00:00 0 
7f43e6304000-7f43e6400000 rw-p 00000000 00:00 0 
7f43e6400000-7f43e6404000 ---p 00000000 00:00 0 
7f43e6404000-7f43e6700000 rw-p 00000000 00:00 0 
7f43e6700000-7f43e6704000 ---p 00000000 00:00 0 
7f43e6704000-7f43e6800000 rw-p 00000000 00:00 0 
7f43e6800000-7f43e6804000 ---p 00000000 00:00 0 
7f43e6804000-7f43e6900000 rw-p 00000000 00:00 0 
7f43e6900000-7f43e6904000 ---p 00000000 00:00 0 
7f43e6904000-7f43e6a00000 rw-p 00000000 00:00 0 
7f43e6a00000-7f43e6a04000 ---p 00000000 00:00 0 
7f43e6a04000-7f43e6b00000 rw-p 00000000 00:00 0 
7f43e6b00000-7f43e6b04000 ---p 00000000 00:00 0 
7f43e6b04000-7f43e6c00000 rw-p 00000000 00:00 0 
7f43e6c00000-7f43e6c05000 r-xp 00000000 08:05 2233614                    /tmp/native-platform3322140287360095616dir/libnative-platform.so
7f43e6c05000-7f43e6e04000 ---p 00005000 08:05 2233614                    /tmp/native-platform3322140287360095616dir/libnative-platform.so
7f43e6e04000-7f43e6e05000 rw-p 00004000 08:05 2233614                    /tmp/native-platform3322140287360095616dir/libnative-platform.so
7f43e6ef6000-7f43e70f6000 rw-p 00000000 00:00 0 
7f43e70f6000-7f43e70fa000 ---p 00000000 00:00 0 
7f43e70fa000-7f43e71f6000 rw-p 00000000 00:00 0 
7f43e71f6000-7f43e73f6000 rw-p 00000000 00:00 0 
7f43e73f6000-7f43e75f6000 rw-p 00000000 00:00 0 
7f43e75f6000-7f43e77f6000 rw-p 00000000 00:00 0 
7f43e77f6000-7f43e79f6000 rw-p 00000000 00:00 0 
7f43e79f6000-7f43e7bf6000 rw-p 00000000 00:00 0 
7f43e7bf6000-7f43e7df6000 rw-p 00000000 00:00 0 
7f43e7df6000-7f43e7ff6000 rw-p 00000000 00:00 0 
7f43e7ff6000-7f43e81f6000 rw-p 00000000 00:00 0 
7f43e81f6000-7f43e81fa000 ---p 00000000 00:00 0 
7f43e81fa000-7f43e82f6000 rw-p 00000000 00:00 0 
7f43e82f6000-7f43e82fa000 ---p 00000000 00:00 0 
7f43e82fa000-7f43e83f6000 rw-p 00000000 00:00 0 
7f43e83f6000-7f43e83fa000 ---p 00000000 00:00 0 
7f43e83fa000-7f43e84f6000 rw-p 00000000 00:00 0 
7f43e84f6000-7f43e84fa000 ---p 00000000 00:00 0 
7f43e84fa000-7f43e85f6000 rw-p 00000000 00:00 0 
7f43e85f6000-7f43e85fa000 ---p 00000000 00:00 0 
7f43e85fa000-7f43e86f6000 rw-p 00000000 00:00 0 
7f43e86f6000-7f43e86fa000 ---p 00000000 00:00 0 
7f43e86fa000-7f43e87f6000 rw-p 00000000 00:00 0 
7f43e87f6000-7f43e87fa000 ---p 00000000 00:00 0 
7f43e87fa000-7f43e88f6000 rw-p 00000000 00:00 0 
7f43e88f6000-7f43e88fa000 ---p 00000000 00:00 0 
7f43e88fa000-7f43e89f6000 rw-p 00000000 00:00 0 
7f43e89f6000-7f43e89fa000 ---p 00000000 00:00 0 
7f43e89fa000-7f43e8af6000 rw-p 00000000 00:00 0 
7f43e8af6000-7f43e8afa000 ---p 00000000 00:00 0 
7f43e8afa000-7f43e8bf6000 rw-p 00000000 00:00 0 
7f43e8bf6000-7f43e8bfa000 ---p 00000000 00:00 0 
7f43e8bfa000-7f43e8cf6000 rw-p 00000000 00:00 0 
7f43e8cf6000-7f43e8cfa000 ---p 00000000 00:00 0 
7f43e8cfa000-7f43e8ff6000 rw-p 00000000 00:00 0 
7f43e8ff6000-7f43e8ff7000 ---p 00000000 00:00 0 
7f43e8ff7000-7f43e90f8000 rw-p 00000000 00:00 0 
7f43e90f8000-7f43e90f9000 ---p 00000000 00:00 0 
7f43e90f9000-7f43e91fa000 rw-p 00000000 00:00 0 
7f43e91fa000-7f43e91fb000 ---p 00000000 00:00 0 
7f43e91fb000-7f43e92fc000 rw-p 00000000 00:00 0 
7f43e92fc000-7f43e92fd000 ---p 00000000 00:00 0 
7f43e92fd000-7f43e93fe000 rw-p 00000000 00:00 0 
7f43e93fe000-7f43e93ff000 ---p 00000000 00:00 0 
7f43e93ff000-7f43e9700000 rw-p 00000000 00:00 0 
7f43e9700000-7f43e9b00000 rw-p 00000000 00:00 0 
7f43e9b00000-7f43e9b04000 ---p 00000000 00:00 0 
7f43e9b04000-7f43e9c00000 rw-p 00000000 00:00 0 
7f43e9c00000-7f43e9c04000 ---p 00000000 00:00 0 
7f43e9c04000-7f43e9d00000 rw-p 00000000 00:00 0 
7f43e9d00000-7f43e9d04000 ---p 00000000 00:00 0 
7f43e9d04000-7f43e9e00000 rw-p 00000000 00:00 0 
7f43e9e00000-7f43e9e04000 ---p 00000000 00:00 0 
7f43e9e04000-7f43e9f00000 rw-p 00000000 00:00 0 
7f43e9f00000-7f43e9f04000 ---p 00000000 00:00 0 
7f43e9f04000-7f43ea000000 rw-p 00000000 00:00 0 
7f43ea000000-7f43ea004000 ---p 00000000 00:00 0 
7f43ea004000-7f43ea100000 rw-p 00000000 00:00 0 
7f43ea100000-7f43ea104000 ---p 00000000 00:00 0 
7f43ea104000-7f43ea200000 rw-p 00000000 00:00 0 
7f43ea200000-7f43ea204000 ---p 00000000 00:00 0 
7f43ea204000-7f43ea300000 rw-p 00000000 00:00 0 
7f43ea300000-7f43ea304000 ---p 00000000 00:00 0 
7f43ea304000-7f43ea400000 rw-p 00000000 00:00 0 
7f43ea400000-7f43ea404000 ---p 00000000 00:00 0 
7f43ea404000-7f43ea500000 rw-p 00000000 00:00 0 
7f43ea500000-7f43ea504000 ---p 00000000 00:00 0 
7f43ea504000-7f43ea600000 rw-p 00000000 00:00 0 
7f43ea600000-7f43ea604000 ---p 00000000 00:00 0 
7f43ea604000-7f43ea900000 rw-p 00000000 00:00 0 
7f43ea900000-7f43eab00000 rw-p 00000000 00:00 0 
7f43eab00000-7f43ead00000 rw-p 00000000 00:00 0 
7f43ead00000-7f43eaf00000 rw-p 00000000 00:00 0 
7f43eaf00000-7f43eb100000 rw-p 00000000 00:00 0 
7f43eb100000-7f43eb300000 rw-p 00000000 00:00 0 
7f43eb300000-7f43eb500000 rw-p 00000000 00:00 0 
7f43eb500000-7f43eb700000 rw-p 00000000 00:00 0 
7f43eb700000-7f43eb900000 rw-p 00000000 00:00 0 
7f43eb900000-7f43ebb00000 rw-p 00000000 00:00 0 
7f43ebb00000-7f43ebd00000 rw-p 00000000 00:00 0 
7f43ebd00000-7f43ebf00000 rw-p 00000000 00:00 0 
7f43ebf00000-7f43ebf04000 ---p 00000000 00:00 0 
7f43ebf04000-7f43ec200000 rw-p 00000000 00:00 0 
7f43ec200000-7f43ec400000 rw-p 00000000 00:00 0 
7f43ec400000-7f43ec600000 rw-p 00000000 00:00 0 
7f43ec600000-7f43ec800000 rw-p 00000000 00:00 0 
7f43ec800000-7f43eca00000 rw-p 00000000 00:00 0 
7f43eca00000-7f43ecc00000 rw-p 00000000 00:00 0 
7f43ecc00000-7f43ecc04000 ---p 00000000 00:00 0 
7f43ecc04000-7f43ecd00000 rw-p 00000000 00:00 0 
7f43ecd00000-7f43ecd04000 ---p 00000000 00:00 0 
7f43ecd04000-7f43ece00000 rw-p 00000000 00:00 0 
7f43ece00000-7f43ece04000 ---p 00000000 00:00 0 
7f43ece04000-7f43ecf00000 rw-p 00000000 00:00 0 
7f43ecf00000-7f43ecf04000 ---p 00000000 00:00 0 
7f43ecf04000-7f43ed000000 rw-p 00000000 00:00 0 
7f43ed000000-7f43ed004000 ---p 00000000 00:00 0 
7f43ed004000-7f43ed100000 rw-p 00000000 00:00 0 
7f43ed100000-7f43ed104000 ---p 00000000 00:00 0 
7f43ed104000-7f43ed200000 rw-p 00000000 00:00 0 
7f43ed200000-7f43ed204000 ---p 00000000 00:00 0 
7f43ed204000-7f43ed300000 rw-p 00000000 00:00 0 
7f43ed300000-7f43ed304000 ---p 00000000 00:00 0 
7f43ed304000-7f43ed400000 rw-p 00000000 00:00 0 
7f43ed400000-7f43ed404000 ---p 00000000 00:00 0 
7f43ed404000-7f43ed500000 rw-p 00000000 00:00 0 
7f43ed500000-7f43ed504000 ---p 00000000 00:00 0 
7f43ed504000-7f43ed600000 rw-p 00000000 00:00 0 
7f43ed600000-7f43ed604000 ---p 00000000 00:00 0 
7f43ed604000-7f43ed700000 rw-p 00000000 00:00 0 
7f43ed700000-7f43ed704000 ---p 00000000 00:00 0 
7f43ed704000-7f43ed800000 rw-p 00000000 00:00 0 
7f43ed800000-7f43ed804000 ---p 00000000 00:00 0 
7f43ed804000-7f43ed900000 rw-p 00000000 00:00 0 
7f43ed900000-7f43ed904000 ---p 00000000 00:00 0 
7f43ed904000-7f43eda00000 rw-p 00000000 00:00 0 
7f43eda00000-7f43eda04000 ---p 00000000 00:00 0 
7f43eda04000-7f43edb00000 rw-p 00000000 00:00 0 
7f43edb00000-7f43edb04000 ---p 00000000 00:00 0 
7f43edb04000-7f43edc00000 rw-p 00000000 00:00 0 
7f43edc00000-7f43edc04000 ---p 00000000 00:00 0 
7f43edc04000-7f43edd00000 rw-p 00000000 00:00 0 
7f43edd00000-7f43edd04000 ---p 00000000 00:00 0 
7f43edd04000-7f43ede00000 rw-p 00000000 00:00 0 
7f43ede00000-7f43ede04000 ---p 00000000 00:00 0 
7f43ede04000-7f43edf00000 rw-p 00000000 00:00 0 
7f43edf00000-7f43edf04000 ---p 00000000 00:00 0 
7f43edf04000-7f43ee000000 rw-p 00000000 00:00 0 
7f43ee000000-7f43ee004000 ---p 00000000 00:00 0 
7f43ee004000-7f43ee100000 rw-p 00000000 00:00 0 
7f43ee100000-7f43ee104000 ---p 00000000 00:00 0 
7f43ee104000-7f43ee200000 rw-p 00000000 00:00 0 
7f43ee200000-7f43ee204000 ---p 00000000 00:00 0 
7f43ee204000-7f43ee300000 rw-p 00000000 00:00 0 
7f43ee300000-7f43ee304000 ---p 00000000 00:00 0 
7f43ee304000-7f43ee400000 rw-p 00000000 00:00 0 
7f43ee400000-7f43ee404000 ---p 00000000 00:00 0 
7f43ee404000-7f43ee500000 rw-p 00000000 00:00 0 
7f43ee500000-7f43ee504000 ---p 00000000 00:00 0 
7f43ee504000-7f43ee600000 rw-p 00000000 00:00 0 
7f43ee600000-7f43ee604000 ---p 00000000 00:00 0 
7f43ee604000-7f43ee700000 rw-p 00000000 00:00 0 
7f43ee700000-7f43ee704000 ---p 00000000 00:00 0 
7f43ee704000-7f43ee800000 rw-p 00000000 00:00 0 
7f43ee800000-7f43ee804000 ---p 00000000 00:00 0 
7f43ee804000-7f43ee900000 rw-p 00000000 00:00 0 
7f43ee900000-7f43ee904000 ---p 00000000 00:00 0 
7f43ee904000-7f43eea00000 rw-p 00000000 00:00 0 
7f43eea00000-7f43eea04000 ---p 00000000 00:00 0 
7f43eea04000-7f43eeb00000 rw-p 00000000 00:00 0 
7f43eeb00000-7f43eeb04000 ---p 00000000 00:00 0 
7f43eeb04000-7f43eec00000 rw-p 00000000 00:00 0 
7f43eec00000-7f43eec04000 ---p 00000000 00:00 0 
7f43eec04000-7f43eed00000 rw-p 00000000 00:00 0 
7f43eed00000-7f43eed04000 ---p 00000000 00:00 0 
7f43eed04000-7f43eee00000 rw-p 00000000 00:00 0 
7f43eee00000-7f43eee04000 ---p 00000000 00:00 0 
7f43eee04000-7f43eef00000 rw-p 00000000 00:00 0 
7f43eef00000-7f43eef04000 ---p 00000000 00:00 0 
7f43eef04000-7f43ef000000 rw-p 00000000 00:00 0 
7f43ef000000-7f43ef004000 ---p 00000000 00:00 0 
7f43ef004000-7f43ef100000 rw-p 00000000 00:00 0 
7f43ef100000-7f43ef104000 ---p 00000000 00:00 0 
7f43ef104000-7f43ef200000 rw-p 00000000 00:00 0 
7f43ef200000-7f43ef204000 ---p 00000000 00:00 0 
7f43ef204000-7f43ef300000 rw-p 00000000 00:00 0 
7f43ef300000-7f43ef304000 ---p 00000000 00:00 0 
7f43ef304000-7f43ef400000 rw-p 00000000 00:00 0 
7f43ef400000-7f43ef404000 ---p 00000000 00:00 0 
7f43ef404000-7f43ef500000 rw-p 00000000 00:00 0 
7f43ef500000-7f43ef504000 ---p 00000000 00:00 0 
7f43ef504000-7f43ef600000 rw-p 00000000 00:00 0 
7f43ef600000-7f43ef604000 ---p 00000000 00:00 0 
7f43ef604000-7f43ef700000 rw-p 00000000 00:00 0 
7f43ef700000-7f43ef704000 ---p 00000000 00:00 0 
7f43ef704000-7f43ef800000 rw-p 00000000 00:00 0 
7f43ef800000-7f43ef804000 ---p 00000000 00:00 0 
7f43ef804000-7f43ef900000 rw-p 00000000 00:00 0 
7f43ef900000-7f43ef904000 ---p 00000000 00:00 0 
7f43ef904000-7f43efa00000 rw-p 00000000 00:00 0 
7f43efa00000-7f43efa04000 ---p 00000000 00:00 0 
7f43efa04000-7f43efb00000 rw-p 00000000 00:00 0 
7f43efb00000-7f43efb04000 ---p 00000000 00:00 0 
7f43efb04000-7f43efc00000 rw-p 00000000 00:00 0 
7f43efc00000-7f43efc04000 ---p 00000000 00:00 0 
7f43efc04000-7f43efd00000 rw-p 00000000 00:00 0 
7f43efd00000-7f43efd04000 ---p 00000000 00:00 0 
7f43efd04000-7f43efe00000 rw-p 00000000 00:00 0 
7f43efe00000-7f43efe04000 ---p 00000000 00:00 0 
7f43efe04000-7f43eff00000 rw-p 00000000 00:00 0 
7f43eff00000-7f43eff04000 ---p 00000000 00:00 0 
7f43eff04000-7f43f0000000 rw-p 00000000 00:00 0 
7f43f0000000-7f43f08f0000 rw-p 00000000 00:00 0 
7f43f08f0000-7f43f4000000 ---p 00000000 00:00 0 
7f43f4000000-7f43f577f000 rw-p 00000000 00:00 0 
7f43f577f000-7f43f8000000 ---p 00000000 00:00 0 
7f43f8000000-7f43f9447000 rw-p 00000000 00:00 0 
7f43f9447000-7f43fc000000 ---p 00000000 00:00 0 
7f43fc000000-7f43fc258000 rw-p 00000000 00:00 0 
7f43fc258000-7f4400000000 ---p 00000000 00:00 0 
7f4400000000-7f4402c7c000 rw-p 00000000 00:00 0 
7f4402c7c000-7f4404000000 ---p 00000000 00:00 0 
7f4404000000-7f4405384000 rw-p 00000000 00:00 0 
7f4405384000-7f4408000000 ---p 00000000 00:00 0 
7f4408000000-7f44094bb000 rw-p 00000000 00:00 0 
7f44094bb000-7f440c000000 ---p 00000000 00:00 0 
7f440c000000-7f440fe55000 rw-p 00000000 00:00 0 
7f440fe55000-7f4410000000 ---p 00000000 00:00 0 
7f4410000000-7f441015c000 rw-p 00000000 00:00 0 
7f441015c000-7f4414000000 ---p 00000000 00:00 0 
7f4414000000-7f4414538000 rw-p 00000000 00:00 0 
7f4414538000-7f4418000000 ---p 00000000 00:00 0 
7f4418000000-7f4419aaa000 rw-p 00000000 00:00 0 
7f4419aaa000-7f441c000000 ---p 00000000 00:00 0 
7f441c000000-7f441daab000 rw-p 00000000 00:00 0 
7f441daab000-7f4420000000 ---p 00000000 00:00 0 
7f4420000000-7f44203df000 rw-p 00000000 00:00 0 
7f44203df000-7f4424000000 ---p 00000000 00:00 0 
7f4424000000-7f44244e5000 rw-p 00000000 00:00 0 
7f44244e5000-7f4428000000 ---p 00000000 00:00 0 
7f4428000000-7f4428655000 rw-p 00000000 00:00 0 
7f4428655000-7f442c000000 ---p 00000000 00:00 0 
7f442c000000-7f442c29a000 rw-p 00000000 00:00 0 
7f442c29a000-7f4430000000 ---p 00000000 00:00 0 
7f4430000000-7f4430b5b000 rw-p 00000000 00:00 0 
7f4430b5b000-7f4434000000 ---p 00000000 00:00 0 
7f4434000000-7f44340dc000 rw-p 00000000 00:00 0 
7f44340dc000-7f4438000000 ---p 00000000 00:00 0 
7f4438000000-7f443bec6000 rw-p 00000000 00:00 0 
7f443bec6000-7f443c000000 ---p 00000000 00:00 0 
7f443c000000-7f443c053000 rw-p 00000000 00:00 0 
7f443c053000-7f4440000000 ---p 00000000 00:00 0 
7f4440000000-7f4443ff2000 rw-p 00000000 00:00 0 
7f4443ff2000-7f4444000000 ---p 00000000 00:00 0 
7f4444000000-7f44442fd000 rw-p 00000000 00:00 0 
7f44442fd000-7f4448000000 ---p 00000000 00:00 0 
7f4448000000-7f444803a000 rw-p 00000000 00:00 0 
7f444803a000-7f444c000000 ---p 00000000 00:00 0 
7f444c000000-7f444c07d000 rw-p 00000000 00:00 0 
7f444c07d000-7f4450000000 ---p 00000000 00:00 0 
7f4450000000-7f4450132000 rw-p 00000000 00:00 0 
7f4450132000-7f4454000000 ---p 00000000 00:00 0 
7f4454000000-7f44540cd000 rw-p 00000000 00:00 0 
7f44540cd000-7f4458000000 ---p 00000000 00:00 0 
7f4458000000-7f445811a000 rw-p 00000000 00:00 0 
7f445811a000-7f445c000000 ---p 00000000 00:00 0 
7f445c000000-7f445c004000 ---p 00000000 00:00 0 
7f445c004000-7f445c100000 rw-p 00000000 00:00 0 
7f445c100000-7f445c104000 ---p 00000000 00:00 0 
7f445c104000-7f445c200000 rw-p 00000000 00:00 0 
7f445c200000-7f445c204000 ---p 00000000 00:00 0 
7f445c204000-7f445c300000 rw-p 00000000 00:00 0 
7f445c300000-7f445c304000 ---p 00000000 00:00 0 
7f445c304000-7f445c400000 rw-p 00000000 00:00 0 
7f445c400000-7f445c404000 ---p 00000000 00:00 0 
7f445c404000-7f445c500000 rw-p 00000000 00:00 0 
7f445c500000-7f445c504000 ---p 00000000 00:00 0 
7f445c504000-7f445c600000 rw-p 00000000 00:00 0 
7f445c600000-7f445c604000 ---p 00000000 00:00 0 
7f445c604000-7f445c700000 rw-p 00000000 00:00 0 
7f445c700000-7f445c704000 ---p 00000000 00:00 0 
7f445c704000-7f445c800000 rw-p 00000000 00:00 0 
7f445c800000-7f445c804000 ---p 00000000 00:00 0 
7f445c804000-7f445c900000 rw-p 00000000 00:00 0 
7f445c900000-7f445c904000 ---p 00000000 00:00 0 
7f445c904000-7f445ca00000 rw-p 00000000 00:00 0 
7f445ca00000-7f445ca04000 ---p 00000000 00:00 0 
7f445ca04000-7f445cb00000 rw-p 00000000 00:00 0 
7f445cb00000-7f445cb04000 ---p 00000000 00:00 0 
7f445cb04000-7f445cc00000 rw-p 00000000 00:00 0 
7f445cc00000-7f445cc04000 ---p 00000000 00:00 0 
7f445cc04000-7f445cd00000 rw-p 00000000 00:00 0 
7f445cd00000-7f445cd04000 ---p 00000000 00:00 0 
7f445cd04000-7f445ce00000 rw-p 00000000 00:00 0 
7f445ce00000-7f445ce04000 ---p 00000000 00:00 0 
7f445ce04000-7f445cf00000 rw-p 00000000 00:00 0 
7f445cf00000-7f445cf04000 ---p 00000000 00:00 0 
7f445cf04000-7f445d000000 rw-p 00000000 00:00 0 
7f445d000000-7f445d004000 ---p 00000000 00:00 0 
7f445d004000-7f445d100000 rw-p 00000000 00:00 0 
7f445d100000-7f445d104000 ---p 00000000 00:00 0 
7f445d104000-7f445d200000 rw-p 00000000 00:00 0 
7f445d200000-7f445d204000 ---p 00000000 00:00 0 
7f445d204000-7f445d300000 rw-p 00000000 00:00 0 
7f445d300000-7f445d304000 ---p 00000000 00:00 0 
7f445d304000-7f445d400000 rw-p 00000000 00:00 0 
7f445d400000-7f445d404000 ---p 00000000 00:00 0 
7f445d404000-7f445d500000 rw-p 00000000 00:00 0 
7f445d500000-7f445d504000 ---p 00000000 00:00 0 
7f445d504000-7f445d600000 rw-p 00000000 00:00 0 
7f445d600000-7f445d604000 ---p 00000000 00:00 0 
7f445d604000-7f445d700000 rw-p 00000000 00:00 0 
7f445d700000-7f445d704000 ---p 00000000 00:00 0 
7f445d704000-7f445d800000 rw-p 00000000 00:00 0 
7f445d800000-7f445d804000 ---p 00000000 00:00 0 
7f445d804000-7f445d900000 rw-p 00000000 00:00 0 
7f445d900000-7f445d904000 ---p 00000000 00:00 0 
7f445d904000-7f445da00000 rw-p 00000000 00:00 0 
7f445da00000-7f445da04000 ---p 00000000 00:00 0 
7f445da04000-7f445db00000 rw-p 00000000 00:00 0 
7f445db00000-7f445db04000 ---p 00000000 00:00 0 
7f445db04000-7f445dc00000 rw-p 00000000 00:00 0 
7f445dc00000-7f445dc04000 ---p 00000000 00:00 0 
7f445dc04000-7f445dd00000 rw-p 00000000 00:00 0 
7f445dd00000-7f445dd04000 ---p 00000000 00:00 0 
7f445dd04000-7f445de00000 rw-p 00000000 00:00 0 
7f445de00000-7f445de04000 ---p 00000000 00:00 0 
7f445de04000-7f445df00000 rw-p 00000000 00:00 0 
7f445df00000-7f445df04000 ---p 00000000 00:00 0 
7f445df04000-7f445e000000 rw-p 00000000 00:00 0 
7f445e000000-7f445e004000 ---p 00000000 00:00 0 
7f445e004000-7f445e100000 rw-p 00000000 00:00 0 
7f445e100000-7f445e104000 ---p 00000000 00:00 0 
7f445e104000-7f445e200000 rw-p 00000000 00:00 0 
7f445e200000-7f445e204000 ---p 00000000 00:00 0 
7f445e204000-7f445e300000 rw-p 00000000 00:00 0 
7f445e300000-7f445e304000 ---p 00000000 00:00 0 
7f445e304000-7f445e400000 rw-p 00000000 00:00 0 
7f445e400000-7f445e404000 ---p 00000000 00:00 0 
7f445e404000-7f445e500000 rw-p 00000000 00:00 0 
7f445e500000-7f445e504000 ---p 00000000 00:00 0 
7f445e504000-7f445e600000 rw-p 00000000 00:00 0 
7f445e600000-7f445e604000 ---p 00000000 00:00 0 
7f445e604000-7f445e700000 rw-p 00000000 00:00 0 
7f445e700000-7f445e704000 ---p 00000000 00:00 0 
7f445e704000-7f445e800000 rw-p 00000000 00:00 0 
7f445e800000-7f445e804000 ---p 00000000 00:00 0 
7f445e804000-7f445e900000 rw-p 00000000 00:00 0 
7f445e900000-7f445e904000 ---p 00000000 00:00 0 
7f445e904000-7f445ea00000 rw-p 00000000 00:00 0 
7f445ea00000-7f445ea04000 ---p 00000000 00:00 0 
7f445ea04000-7f445eb00000 rw-p 00000000 00:00 0 
7f445eb00000-7f445eb04000 ---p 00000000 00:00 0 
7f445eb04000-7f445ec00000 rw-p 00000000 00:00 0 
7f445ec00000-7f445ec04000 ---p 00000000 00:00 0 
7f445ec04000-7f445ed00000 rw-p 00000000 00:00 0 
7f445ed00000-7f445ed04000 ---p 00000000 00:00 0 
7f445ed04000-7f445ee00000 rw-p 00000000 00:00 0 
7f445ee00000-7f445ee04000 ---p 00000000 00:00 0 
7f445ee04000-7f445ef00000 rw-p 00000000 00:00 0 
7f445ef00000-7f445ef04000 ---p 00000000 00:00 0 
7f445ef04000-7f445f000000 rw-p 00000000 00:00 0 
7f445f000000-7f445f004000 ---p 00000000 00:00 0 
7f445f004000-7f445f100000 rw-p 00000000 00:00 0 
7f445f100000-7f445f104000 ---p 00000000 00:00 0 
7f445f104000-7f445f200000 rw-p 00000000 00:00 0 
7f445f200000-7f445f204000 ---p 00000000 00:00 0 
7f445f204000-7f445f300000 rw-p 00000000 00:00 0 
7f445f300000-7f445f304000 ---p 00000000 00:00 0 
7f445f304000-7f445f400000 rw-p 00000000 00:00 0 
7f445f400000-7f445f404000 ---p 00000000 00:00 0 
7f445f404000-7f445f500000 rw-p 00000000 00:00 0 
7f445f500000-7f445f504000 ---p 00000000 00:00 0 
7f445f504000-7f445f600000 rw-p 00000000 00:00 0 
7f445f600000-7f445f604000 ---p 00000000 00:00 0 
7f445f604000-7f445f700000 rw-p 00000000 00:00 0 
7f445f700000-7f445f704000 ---p 00000000 00:00 0 
7f445f704000-7f445f800000 rw-p 00000000 00:00 0 
7f445f800000-7f445f804000 ---p 00000000 00:00 0 
7f445f804000-7f445f900000 rw-p 00000000 00:00 0 
7f445f900000-7f445f904000 ---p 00000000 00:00 0 
7f445f904000-7f445fa00000 rw-p 00000000 00:00 0 
7f445fa00000-7f445fa04000 ---p 00000000 00:00 0 
7f445fa04000-7f445fb00000 rw-p 00000000 00:00 0 
7f445fb00000-7f445fb04000 ---p 00000000 00:00 0 
7f445fb04000-7f445fc00000 rw-p 00000000 00:00 0 
7f445fc00000-7f445fc04000 ---p 00000000 00:00 0 
7f445fc04000-7f445fd00000 rw-p 00000000 00:00 0 
7f445fd00000-7f445fd04000 ---p 00000000 00:00 0 
7f445fd04000-7f445fe00000 rw-p 00000000 00:00 0 
7f445fe00000-7f445fe04000 ---p 00000000 00:00 0 
7f445fe04000-7f445ff00000 rw-p 00000000 00:00 0 
7f445ff00000-7f445ff04000 ---p 00000000 00:00 0 
7f445ff04000-7f4460000000 rw-p 00000000 00:00 0 
7f4460000000-7f446004f000 rw-p 00000000 00:00 0 
7f446004f000-7f4464000000 ---p 00000000 00:00 0 
7f4464000000-7f44647f2000 rw-p 00000000 00:00 0 
7f44647f2000-7f4468000000 ---p 00000000 00:00 0 
7f4468000000-7f4468031000 rw-p 00000000 00:00 0 
7f4468031000-7f446c000000 ---p 00000000 00:00 0 
7f446c000000-7f446c788000 rw-p 00000000 00:00 0 
7f446c788000-7f4470000000 ---p 00000000 00:00 0 
7f4470000000-7f4470c0b000 rw-p 00000000 00:00 0 
7f4470c0b000-7f4474000000 ---p 00000000 00:00 0 
7f4474000000-7f44740f7000 rw-p 00000000 00:00 0 
7f44740f7000-7f4478000000 ---p 00000000 00:00 0 
7f4478000000-7f44781b1000 rw-p 00000000 00:00 0 
7f44781b1000-7f447c000000 ---p 00000000 00:00 0 
7f447c000000-7f447c823000 rw-p 00000000 00:00 0 
7f447c823000-7f4480000000 ---p 00000000 00:00 0 
7f4480000000-7f4480c91000 rw-p 00000000 00:00 0 
7f4480c91000-7f4484000000 ---p 00000000 00:00 0 
7f4484000000-7f44840ff000 rw-p 00000000 00:00 0 
7f44840ff000-7f4488000000 ---p 00000000 00:00 0 
7f4488000000-7f448a1a2000 rw-p 00000000 00:00 0 
7f448a1a2000-7f448c000000 ---p 00000000 00:00 0 
7f448c000000-7f448cc3c000 rw-p 00000000 00:00 0 
7f448cc3c000-7f4490000000 ---p 00000000 00:00 0 
7f4490000000-7f44900af000 rw-p 00000000 00:00 0 
7f44900af000-7f4494000000 ---p 00000000 00:00 0 
7f4494000000-7f4494877000 rw-p 00000000 00:00 0 
7f4494877000-7f4498000000 ---p 00000000 00:00 0 
7f4498000000-7f449869d000 rw-p 00000000 00:00 0 
7f449869d000-7f449c000000 ---p 00000000 00:00 0 
7f449c000000-7f449c174000 rw-p 00000000 00:00 0 
7f449c174000-7f44a0000000 ---p 00000000 00:00 0 
7f44a0000000-7f44a0021000 rw-p 00000000 00:00 0 
7f44a0021000-7f44a4000000 ---p 00000000 00:00 0 
7f44a4000000-7f44a403e000 rw-p 00000000 00:00 0 
7f44a403e000-7f44a8000000 ---p 00000000 00:00 0 
7f44a8000000-7f44a8088000 rw-p 00000000 00:00 0 
7f44a8088000-7f44ac000000 ---p 00000000 00:00 0 
7f44ac000000-7f44ac021000 rw-p 00000000 00:00 0 
7f44ac021000-7f44b0000000 ---p 00000000 00:00 0 
7f44b0000000-7f44b0a87000 rw-p 00000000 00:00 0 
7f44b0a87000-7f44b4000000 ---p 00000000 00:00 0 
7f44b4000000-7f44b4e3d000 rw-p 00000000 00:00 0 
7f44b4e3d000-7f44b8000000 ---p 00000000 00:00 0 
7f44b8000000-7f44b803e000 rw-p 00000000 00:00 0 
7f44b803e000-7f44bc000000 ---p 00000000 00:00 0 
7f44bc000000-7f44bc03d000 rw-p 00000000 00:00 0 
7f44bc03d000-7f44c0000000 ---p 00000000 00:00 0 
7f44c0000000-7f44c0040000 rw-p 00000000 00:00 0 
7f44c0040000-7f44c4000000 ---p 00000000 00:00 0 
7f44c4000000-7f44c4046000 rw-p 00000000 00:00 0 
7f44c4046000-7f44c8000000 ---p 00000000 00:00 0 
7f44c8000000-7f44c8818000 rw-p 00000000 00:00 0 
7f44c8818000-7f44cc000000 ---p 00000000 00:00 0 
7f44cc000000-7f44cc815000 rw-p 00000000 00:00 0 
7f44cc815000-7f44d0000000 ---p 00000000 00:00 0 
7f44d0000000-7f44d00b2000 rw-p 00000000 00:00 0 
7f44d00b2000-7f44d4000000 ---p 00000000 00:00 0 
7f44d4000000-7f44d409f000 rw-p 00000000 00:00 0 
7f44d409f000-7f44d8000000 ---p 00000000 00:00 0 
7f44d8000000-7f44d857d000 rw-p 00000000 00:00 0 
7f44d857d000-7f44dc000000 ---p 00000000 00:00 0 
7f44dc000000-7f44dc57c000 rw-p 00000000 00:00 0 
7f44dc57c000-7f44e0000000 ---p 00000000 00:00 0 
7f44e0000000-7f44e0cb7000 rw-p 00000000 00:00 0 
7f44e0cb7000-7f44e4000000 ---p 00000000 00:00 0 
7f44e4000000-7f44e4d9d000 rw-p 00000000 00:00 0 
7f44e4d9d000-7f44e8000000 ---p 00000000 00:00 0 
7f44e8000000-7f44e8043000 rw-p 00000000 00:00 0 
7f44e8043000-7f44ec000000 ---p 00000000 00:00 0 
7f44ec000000-7f44ecaba000 rw-p 00000000 00:00 0 
7f44ecaba000-7f44f0000000 ---p 00000000 00:00 0 
7f44f0000000-7f44f1831000 rw-p 00000000 00:00 0 
7f44f1831000-7f44f4000000 ---p 00000000 00:00 0 
7f44f40f4000-7f44f40f8000 ---p 00000000 00:00 0 
7f44f40f8000-7f44f41f4000 rw-p 00000000 00:00 0 
7f44f41f4000-7f44f41f8000 ---p 00000000 00:00 0 
7f44f41f8000-7f44f42f4000 rw-p 00000000 00:00 0 
7f44f42f4000-7f44f42f8000 ---p 00000000 00:00 0 
7f44f42f8000-7f44f43f4000 rw-p 00000000 00:00 0 
7f44f43f4000-7f44f43f8000 ---p 00000000 00:00 0 
7f44f43f8000-7f44f44f4000 rw-p 00000000 00:00 0 
7f44f44f4000-7f44f44f8000 ---p 00000000 00:00 0 
7f44f44f8000-7f44f45f4000 rw-p 00000000 00:00 0 
7f44f45f4000-7f44f45f8000 ---p 00000000 00:00 0 
7f44f45f8000-7f44f46f4000 rw-p 00000000 00:00 0 
7f44f46f4000-7f44f46f8000 ---p 00000000 00:00 0 
7f44f46f8000-7f44f47f4000 rw-p 00000000 00:00 0 
7f44f47f4000-7f44f47f8000 ---p 00000000 00:00 0 
7f44f47f8000-7f44f48f4000 rw-p 00000000 00:00 0 
7f44f48f4000-7f44f48f8000 ---p 00000000 00:00 0 
7f44f48f8000-7f44f49f4000 rw-p 00000000 00:00 0 
7f44f49f4000-7f44f49f8000 ---p 00000000 00:00 0 
7f44f49f8000-7f44f4af4000 rw-p 00000000 00:00 0 
7f44f4af4000-7f44f4af8000 ---p 00000000 00:00 0 
7f44f4af8000-7f44f4df4000 rw-p 00000000 00:00 0 
7f44f4df4000-7f44f4df8000 ---p 00000000 00:00 0 
7f44f4df8000-7f44f4ef4000 rw-p 00000000 00:00 0 
7f44f4ef4000-7f44f50f4000 rw-p 00000000 00:00 0 
7f44f50f4000-7f44f50f8000 ---p 00000000 00:00 0 
7f44f50f8000-7f44f51f4000 rw-p 00000000 00:00 0 
7f44f51f4000-7f44f51f8000 ---p 00000000 00:00 0 
7f44f51f8000-7f44f54f4000 rw-p 00000000 00:00 0 
7f44f54f4000-7f44f54f8000 ---p 00000000 00:00 0 
7f44f54f8000-7f44f57f4000 rw-p 00000000 00:00 0 
7f44f57f4000-7f44f57f8000 ---p 00000000 00:00 0 
7f44f57f8000-7f44f58f4000 rw-p 00000000 00:00 0 
7f44f58f4000-7f44f58f8000 ---p 00000000 00:00 0 
7f44f58f8000-7f44f5bf4000 rw-p 00000000 00:00 0 
7f44f5bf4000-7f44f5bf8000 ---p 00000000 00:00 0 
7f44f5bf8000-7f44f5cf4000 rw-p 00000000 00:00 0 
7f44f5cf4000-7f44f5cf8000 ---p 00000000 00:00 0 
7f44f5cf8000-7f44f5ff4000 rw-p 00000000 00:00 0 
7f44f5ff4000-7f44f61f4000 rw-p 00000000 00:00 0 
7f44f61f4000-7f44f63f4000 rw-p 00000000 00:00 0 
7f44f63f4000-7f44f65f4000 rw-p 00000000 00:00 0 
7f44f65f4000-7f44f65f8000 ---p 00000000 00:00 0 
7f44f65f8000-7f44f66f4000 rw-p 00000000 00:00 0 
7f44f66f4000-7f44f66f8000 ---p 00000000 00:00 0 
7f44f66f8000-7f44f67f4000 rw-p 00000000 00:00 0 
7f44f67f4000-7f44f67f8000 ---p 00000000 00:00 0 
7f44f67f8000-7f44f6af4000 rw-p 00000000 00:00 0 
7f44f6af4000-7f44f6af8000 ---p 00000000 00:00 0 
7f44f6af8000-7f44f6bf4000 rw-p 00000000 00:00 0 
7f44f6bf4000-7f44f6bf8000 ---p 00000000 00:00 0 
7f44f6bf8000-7f44f6cf4000 rw-p 00000000 00:00 0 
7f44f6cf4000-7f44f6cf8000 ---p 00000000 00:00 0 
7f44f6cf8000-7f44f6df4000 rw-p 00000000 00:00 0 
7f44f6df4000-7f44f6df8000 ---p 00000000 00:00 0 
7f44f6df8000-7f44f70f4000 rw-p 00000000 00:00 0 
7f44f70f4000-7f44f72f4000 rw-p 00000000 00:00 0 
7f44f72f4000-7f44f72f5000 ---p 00000000 00:00 0 
7f44f72f5000-7f44f73f6000 rw-p 00000000 00:00 0 
7f44f73f6000-7f44f73f7000 ---p 00000000 00:00 0 
7f44f73f7000-7f44f74f8000 rw-p 00000000 00:00 0 
7f44f74f8000-7f44f74f9000 ---p 00000000 00:00 0 
7f44f74f9000-7f44f75fa000 rw-p 00000000 00:00 0 
7f44f75fa000-7f44f75fb000 ---p 00000000 00:00 0 
7f44f75fb000-7f44f76fc000 rw-p 00000000 00:00 0 
7f44f76fc000-7f44f76fd000 ---p 00000000 00:00 0 
7f44f76fd000-7f44f77fe000 rw-p 00000000 00:00 0 
7f44f77fe000-7f44f77ff000 ---p 00000000 00:00 0 
7f44f77ff000-7f44f7aec000 rw-p 00000000 00:00 0 
7f44f7aec000-7f44f7b00000 ---p 00000000 00:00 0 
7f44f7b00000-7f44f7b04000 ---p 00000000 00:00 0 
7f44f7b04000-7f44f7c00000 rw-p 00000000 00:00 0 
7f44f7c00000-7f44f7c04000 ---p 00000000 00:00 0 
7f44f7c04000-7f44f7d00000 rw-p 00000000 00:00 0 
7f44f7d00000-7f44f7d04000 ---p 00000000 00:00 0 
7f44f7d04000-7f44f7e00000 rw-p 00000000 00:00 0 
7f44f7e00000-7f44f7e04000 ---p 00000000 00:00 0 
7f44f7e04000-7f44f7f00000 rw-p 00000000 00:00 0 
7f44f7f00000-7f44f7f04000 ---p 00000000 00:00 0 
7f44f7f04000-7f44f8000000 rw-p 00000000 00:00 0 
7f44f8000000-7f44fb5d0000 rw-p 00000000 00:00 0 
7f44fb5d0000-7f44fc000000 ---p 00000000 00:00 0 
7f44fc000000-7f44fcfae000 rw-p 00000000 00:00 0 
7f44fcfae000-7f4500000000 ---p 00000000 00:00 0 
7f4500000000-7f4501522000 rw-p 00000000 00:00 0 
7f4501522000-7f4504000000 ---p 00000000 00:00 0 
7f4504000000-7f45051e2000 rw-p 00000000 00:00 0 
7f45051e2000-7f4508000000 ---p 00000000 00:00 0 
7f4508000000-7f450802b000 rw-p 00000000 00:00 0 
7f450802b000-7f450c000000 ---p 00000000 00:00 0 
7f450c000000-7f450c027000 rw-p 00000000 00:00 0 
7f450c027000-7f4510000000 ---p 00000000 00:00 0 
7f4510000000-7f45116bb000 rw-p 00000000 00:00 0 
7f45116bb000-7f4514000000 ---p 00000000 00:00 0 
7f4514000000-7f4515a62000 rw-p 00000000 00:00 0 
7f4515a62000-7f4518000000 ---p 00000000 00:00 0 
7f4518000000-7f45195fa000 rw-p 00000000 00:00 0 
7f45195fa000-7f451c000000 ---p 00000000 00:00 0 
7f451c000000-7f451c091000 rw-p 00000000 00:00 0 
7f451c091000-7f4520000000 ---p 00000000 00:00 0 
7f4520000000-7f452005a000 rw-p 00000000 00:00 0 
7f452005a000-7f4524000000 ---p 00000000 00:00 0 
7f4524000000-7f4524e92000 rw-p 00000000 00:00 0 
7f4524e92000-7f4528000000 ---p 00000000 00:00 0 
7f4528000000-7f4528fd5000 rw-p 00000000 00:00 0 
7f4528fd5000-7f452c000000 ---p 00000000 00:00 0 
7f452c000000-7f452c070000 rw-p 00000000 00:00 0 
7f452c070000-7f4530000000 ---p 00000000 00:00 0 
7f4530000000-7f4530041000 rw-p 00000000 00:00 0 
7f4530041000-7f4534000000 ---p 00000000 00:00 0 
7f4534000000-7f45353ce000 rw-p 00000000 00:00 0 
7f45353ce000-7f4538000000 ---p 00000000 00:00 0 
7f4538000000-7f453922f000 rw-p 00000000 00:00 0 
7f453922f000-7f453c000000 ---p 00000000 00:00 0 
7f453c000000-7f453c022000 rw-p 00000000 00:00 0 
7f453c022000-7f4540000000 ---p 00000000 00:00 0 
7f4540000000-7f4543309000 rw-p 00000000 00:00 0 
7f4543309000-7f4544000000 ---p 00000000 00:00 0 
7f4544000000-7f454677f000 rw-p 00000000 00:00 0 
7f454677f000-7f4548000000 ---p 00000000 00:00 0 
7f4548000000-7f4549641000 rw-p 00000000 00:00 0 
7f4549641000-7f454c000000 ---p 00000000 00:00 0 
7f454c000000-7f454c021000 rw-p 00000000 00:00 0 
7f454c021000-7f4550000000 ---p 00000000 00:00 0 
7f4550000000-7f4550021000 rw-p 00000000 00:00 0 
7f4550021000-7f4554000000 ---p 00000000 00:00 0 
7f4554000000-7f4556266000 rw-p 00000000 00:00 0 
7f4556266000-7f4558000000 ---p 00000000 00:00 0 
7f4558000000-7f4558b6e000 rw-p 00000000 00:00 0 
7f4558b6e000-7f455c000000 ---p 00000000 00:00 0 
7f455c000000-7f455d377000 rw-p 00000000 00:00 0 
7f455d377000-7f4560000000 ---p 00000000 00:00 0 
7f4560000000-7f45618fc000 rw-p 00000000 00:00 0 
7f45618fc000-7f4564000000 ---p 00000000 00:00 0 
7f45640ad000-7f45640b1000 ---p 00000000 00:00 0 
7f45640b1000-7f45641ad000 rw-p 00000000 00:00 0 
7f45641ad000-7f45641b1000 ---p 00000000 00:00 0 
7f45641b1000-7f45642ad000 rw-p 00000000 00:00 0 
7f45642ad000-7f45642b1000 ---p 00000000 00:00 0 
7f45642b1000-7f45643ad000 rw-p 00000000 00:00 0 
7f45643ad000-7f45643b1000 ---p 00000000 00:00 0 
7f45643b1000-7f45644ad000 rw-p 00000000 00:00 0 
7f45644ce000-7f45646ce000 rw-p 00000000 00:00 0 
7f45646ce000-7f45646d2000 ---p 00000000 00:00 0 
7f45646d2000-7f45649ce000 rw-p 00000000 00:00 0 
7f45649d0000-7f4564bd0000 rw-p 00000000 00:00 0 
7f4564bd0000-7f4564bd4000 ---p 00000000 00:00 0 
7f4564bd4000-7f4564cd0000 rw-p 00000000 00:00 0 
7f4564cd0000-7f4564cd4000 ---p 00000000 00:00 0 
7f4564cd4000-7f4564dd0000 rw-p 00000000 00:00 0 
7f4564dd0000-7f4564dd4000 ---p 00000000 00:00 0 
7f4564dd4000-7f45650d0000 rw-p 00000000 00:00 0 
7f45650d0000-7f45650d1000 ---p 00000000 00:00 0 
7f45650d1000-7f45651d2000 rw-p 00000000 00:00 0 
7f45651d2000-7f45651d3000 ---p 00000000 00:00 0 
7f45651d3000-7f45652d4000 rw-p 00000000 00:00 0 
7f45652d4000-7f45652d5000 ---p 00000000 00:00 0 
7f45652d5000-7f45655d6000 rw-p 00000000 00:00 0 
7f45655d6000-7f4565670000 r--p 00000000 08:05 4719436                    /usr/lib/x86_64-linux-gnu/libstdc++.so.6.0.30
7f4565670000-7f4565780000 r-xp 0009a000 08:05 4719436                    /usr/lib/x86_64-linux-gnu/libstdc++.so.6.0.30
7f4565780000-7f45657ef000 r--p 001aa000 08:05 4719436                    /usr/lib/x86_64-linux-gnu/libstdc++.so.6.0.30
7f45657ef000-7f45657fa000 r--p 00218000 08:05 4719436                    /usr/lib/x86_64-linux-gnu/libstdc++.so.6.0.30
7f45657fa000-7f45657fd000 rw-p 00223000 08:05 4719436                    /usr/lib/x86_64-linux-gnu/libstdc++.so.6.0.30
7f45657fd000-7f4565800000 rw-p 00000000 00:00 0 
7f4565800000-7f4565853000 r-xp 00000000 08:06 405165                     /home/arenas/.gradle/native/0d407fdbe67a94daf76414ababcb853783967236a71b16ec16e742cd7a986fd3/linux-amd64/libnative-platform-file-events.so
7f4565853000-7f4565a52000 ---p 00053000 08:06 405165                     /home/arenas/.gradle/native/0d407fdbe67a94daf76414ababcb853783967236a71b16ec16e742cd7a986fd3/linux-amd64/libnative-platform-file-events.so
7f4565a52000-7f4565a53000 r--p 00052000 08:06 405165                     /home/arenas/.gradle/native/0d407fdbe67a94daf76414ababcb853783967236a71b16ec16e742cd7a986fd3/linux-amd64/libnative-platform-file-events.so
7f4565a53000-7f4565a55000 rw-p 00053000 08:06 405165                     /home/arenas/.gradle/native/0d407fdbe67a94daf76414ababcb853783967236a71b16ec16e742cd7a986fd3/linux-amd64/libnative-platform-file-events.so
7f4565afe000-7f4565aff000 ---p 00000000 00:00 0 
7f4565aff000-7f4565c00000 rw-p 00000000 00:00 0 
7f4565c00000-7f4565c05000 r-xp 00000000 08:06 405156                     /home/arenas/.gradle/native/e1d6ef7f7dcc3fd88c89a11ec53ec762bb8ba0a96d01ffa2cd45eb1d1d8dd5c5/linux-amd64/libnative-platform.so
7f4565c05000-7f4565e05000 ---p 00005000 08:06 405156                     /home/arenas/.gradle/native/e1d6ef7f7dcc3fd88c89a11ec53ec762bb8ba0a96d01ffa2cd45eb1d1d8dd5c5/linux-amd64/libnative-platform.so
7f4565e05000-7f4565e06000 r--p 00005000 08:06 405156                     /home/arenas/.gradle/native/e1d6ef7f7dcc3fd88c89a11ec53ec762bb8ba0a96d01ffa2cd45eb1d1d8dd5c5/linux-amd64/libnative-platform.so
7f4565e06000-7f4565e07000 rw-p 00006000 08:06 405156                     /home/arenas/.gradle/native/e1d6ef7f7dcc3fd88c89a11ec53ec762bb8ba0a96d01ffa2cd45eb1d1d8dd5c5/linux-amd64/libnative-platform.so
7f4565e78000-7f4565e7c000 ---p 00000000 00:00 0 
7f4565e7c000-7f4565e9a000 rw-p 00000000 00:00 0 
7f4565e9a000-7f4565e9e000 ---p 00000000 00:00 0 
7f4565e9e000-7f4565ebc000 rw-p 00000000 00:00 0 
7f4565ebc000-7f4565ec0000 ---p 00000000 00:00 0 
7f4565ec0000-7f4565ede000 rw-p 00000000 00:00 0 
7f4565ede000-7f4565edf000 ---p 00000000 00:00 0 
7f4565edf000-7f4565fe0000 rw-p 00000000 00:00 0 
7f4565fe0000-7f4565fe3000 r--p 00000000 08:05 4724349                    /usr/lib/x86_64-linux-gnu/libgcc_s.so.1
7f4565fe3000-7f4565ffa000 r-xp 00003000 08:05 4724349                    /usr/lib/x86_64-linux-gnu/libgcc_s.so.1
7f4565ffa000-7f4565ffe000 r--p 0001a000 08:05 4724349                    /usr/lib/x86_64-linux-gnu/libgcc_s.so.1
7f4565ffe000-7f4565fff000 r--p 0001d000 08:05 4724349                    /usr/lib/x86_64-linux-gnu/libgcc_s.so.1
7f4565fff000-7f4566000000 rw-p 0001e000 08:05 4724349                    /usr/lib/x86_64-linux-gnu/libgcc_s.so.1
7f4566000000-7f4568000000 rw-p 00000000 00:00 0 
7f4568000000-7f45685ff000 rw-p 00000000 00:00 0 
7f45685ff000-7f456c000000 ---p 00000000 00:00 0 
7f456c000000-7f456d437000 rw-p 00000000 00:00 0 
7f456d437000-7f4570000000 ---p 00000000 00:00 0 
7f4570000000-7f45716d4000 rw-p 00000000 00:00 0 
7f45716d4000-7f4572000000 ---p 00000000 00:00 0 
7f4572000000-7f45736d4000 rw-p 00000000 00:00 0 
7f45736d4000-7f4574000000 ---p 00000000 00:00 0 
7f4574000000-7f4575819000 rw-p 00000000 00:00 0 
7f4575819000-7f4578000000 ---p 00000000 00:00 0 
7f457801f000-7f4578023000 ---p 00000000 00:00 0 
7f4578023000-7f457811f000 rw-p 00000000 00:00 0 
7f457811f000-7f4578123000 ---p 00000000 00:00 0 
7f4578123000-7f457821f000 rw-p 00000000 00:00 0 
7f457821f000-7f4578220000 ---p 00000000 00:00 0 
7f4578220000-7f4578321000 rw-p 00000000 00:00 0 
7f4578321000-7f4578325000 ---p 00000000 00:00 0 
7f4578325000-7f4578421000 rw-p 00000000 00:00 0 
7f4578421000-7f4578425000 ---p 00000000 00:00 0 
7f4578425000-7f4578521000 rw-p 00000000 00:00 0 
7f4578521000-7f4578525000 ---p 00000000 00:00 0 
7f4578525000-7f4578621000 rw-p 00000000 00:00 0 
7f4578621000-7f4578625000 ---p 00000000 00:00 0 
7f4578625000-7f4578721000 rw-p 00000000 00:00 0 
7f4578721000-7f4579508000 r--p 00000000 08:05 4724069                    /usr/lib/locale/locale-archive
7f4579508000-7f45797a8000 rwxp 00000000 00:00 0 
7f45797a8000-7f4579a99000 ---p 00000000 00:00 0 
7f4579a99000-7f457e9f9000 rwxp 00000000 00:00 0 
7f457e9f9000-7f4580fd0000 ---p 00000000 00:00 0 
7f4580fd0000-7f45837a0000 rwxp 00000000 00:00 0 
7f45837a0000-7f4588508000 ---p 00000000 00:00 0 
7f4588508000-7f458c000000 r--s 00000000 08:05 3932863                    /opt/android-studio/jre/lib/modules
7f458c000000-7f458efb4000 rw-p 00000000 00:00 0 
7f458efb4000-7f4590000000 ---p 00000000 00:00 0 
7f4590019000-7f4590020000 r--s 00000000 08:05 5375468                    /usr/lib/x86_64-linux-gnu/gconv/gconv-modules.cache
7f4590020000-7f4590021000 r--p 00000000 08:05 3932940                    /opt/android-studio/jre/lib/libextnet.so
7f4590021000-7f4590023000 r-xp 00000000 08:05 3932940                    /opt/android-studio/jre/lib/libextnet.so
7f4590023000-7f4590024000 r--p 00001000 08:05 3932940                    /opt/android-studio/jre/lib/libextnet.so
7f4590024000-7f4590025000 rw-p 00001000 08:05 3932940                    /opt/android-studio/jre/lib/libextnet.so
7f4590025000-7f4590028000 r--p 00000000 08:05 3932948                    /opt/android-studio/jre/lib/libmanagement_ext.so
7f4590028000-7f459002b000 r-xp 00002000 08:05 3932948                    /opt/android-studio/jre/lib/libmanagement_ext.so
7f459002b000-7f459002c000 r--p 00004000 08:05 3932948                    /opt/android-studio/jre/lib/libmanagement_ext.so
7f459002c000-7f459002d000 rw-p 00004000 08:05 3932948                    /opt/android-studio/jre/lib/libmanagement_ext.so
7f459002d000-7f4590030000 r--p 00000000 08:05 3932961                    /opt/android-studio/jre/lib/libmanagement.so
7f4590030000-7f4590032000 r-xp 00002000 08:05 3932961                    /opt/android-studio/jre/lib/libmanagement.so
7f4590032000-7f4590033000 r--p 00003000 08:05 3932961                    /opt/android-studio/jre/lib/libmanagement.so
7f4590033000-7f4590034000 rw-p 00003000 08:05 3932961                    /opt/android-studio/jre/lib/libmanagement.so
7f4590034000-7f4590065000 rw-p 00000000 00:00 0 
7f4590065000-7f459006c000 r--p 00000000 08:05 3932954                    /opt/android-studio/jre/lib/libnet.so
7f459006c000-7f459007a000 r-xp 00006000 08:05 3932954                    /opt/android-studio/jre/lib/libnet.so
7f459007a000-7f459007b000 r--p 00013000 08:05 3932954                    /opt/android-studio/jre/lib/libnet.so
7f459007b000-7f459007d000 rw-p 00013000 08:05 3932954                    /opt/android-studio/jre/lib/libnet.so
7f459007d000-7f4590085000 r--p 00000000 08:05 3932952                    /opt/android-studio/jre/lib/libnio.so
7f4590085000-7f459008c000 r-xp 00007000 08:05 3932952                    /opt/android-studio/jre/lib/libnio.so
7f459008c000-7f459008e000 r--p 0000d000 08:05 3932952                    /opt/android-studio/jre/lib/libnio.so
7f459008e000-7f459008f000 rw-p 0000e000 08:05 3932952                    /opt/android-studio/jre/lib/libnio.so
7f459008f000-7f4590093000 ---p 00000000 00:00 0 
7f4590093000-7f459018f000 rw-p 00000000 00:00 0 
7f459018f000-7f4590193000 ---p 00000000 00:00 0 
7f4590193000-7f459028f000 rw-p 00000000 00:00 0 
7f459028f000-7f4590293000 ---p 00000000 00:00 0 
7f4590293000-7f459038f000 rw-p 00000000 00:00 0 
7f459038f000-7f4590393000 ---p 00000000 00:00 0 
7f4590393000-7f459048f000 rw-p 00000000 00:00 0 
7f459048f000-7f4590490000 ---p 00000000 00:00 0 
7f4590490000-7f4590e95000 rw-p 00000000 00:00 0 
7f4590e95000-7f4590ed7000 rw-p 00000000 00:00 0 
7f4590ed7000-7f4590ed8000 ---p 00000000 00:00 0 
7f4590ed8000-7f4590fd9000 rw-p 00000000 00:00 0 
7f4590fd9000-7f4590fda000 ---p 00000000 00:00 0 
7f4590fda000-7f4591ae5000 rw-p 00000000 00:00 0 
7f4591ae5000-7f4591ae6000 ---p 00000000 00:00 0 
7f4591ae6000-7f4591be7000 rw-p 00000000 00:00 0 
7f4591be7000-7f4591be8000 ---p 00000000 00:00 0 
7f4591be8000-7f4592049000 rw-p 00000000 00:00 0 
7f4592049000-7f459216e000 ---p 00000000 00:00 0 
7f459216e000-7f4592449000 rw-p 00000000 00:00 0 
7f4592449000-7f459256e000 ---p 00000000 00:00 0 
7f459256e000-7f4592849000 rw-p 00000000 00:00 0 
7f4592849000-7f459296e000 ---p 00000000 00:00 0 
7f459296e000-7f4593378000 rw-p 00000000 00:00 0 
7f4593378000-7f4593379000 ---p 00000000 00:00 0 
7f4593379000-7f45934ca000 rw-p 00000000 00:00 0 
7f45934ca000-7f4593565000 ---p 00000000 00:00 0 
7f4593565000-7f4593604000 rw-p 00000000 00:00 0 
7f4593604000-7f4593650000 ---p 00000000 00:00 0 
7f4593650000-7f4593656000 rw-p 00000000 00:00 0 
7f4593656000-7f459365c000 ---p 00000000 00:00 0 
7f459365c000-7f4593665000 r--p 00000000 08:05 3932949                    /opt/android-studio/jre/lib/libzip.so
7f4593665000-7f4593679000 r-xp 00008000 08:05 3932949                    /opt/android-studio/jre/lib/libzip.so
7f4593679000-7f459367a000 r--p 0001b000 08:05 3932949                    /opt/android-studio/jre/lib/libzip.so
7f459367a000-7f459367b000 rw-p 0001b000 08:05 3932949                    /opt/android-studio/jre/lib/libzip.so
7f459367b000-7f4593683000 rw-s 00000000 08:05 2228285                    /tmp/hsperfdata_arenas/4306
7f4593683000-7f459368e000 r--p 00000000 08:05 3932936                    /opt/android-studio/jre/lib/libjimage.so
7f459368e000-7f45936a0000 r-xp 0000a000 08:05 3932936                    /opt/android-studio/jre/lib/libjimage.so
7f45936a0000-7f45936a3000 r--p 0001b000 08:05 3932936                    /opt/android-studio/jre/lib/libjimage.so
7f45936a3000-7f45936a4000 rw-p 0001d000 08:05 3932936                    /opt/android-studio/jre/lib/libjimage.so
7f45936a4000-7f45936b6000 rw-p 00000000 00:00 0 
7f45936b6000-7f45936c8000 r--p 00000000 08:05 3932944                    /opt/android-studio/jre/lib/libjava.so
7f45936c8000-7f45936dd000 r-xp 00011000 08:05 3932944                    /opt/android-studio/jre/lib/libjava.so
7f45936dd000-7f45936de000 r--p 00025000 08:05 3932944                    /opt/android-studio/jre/lib/libjava.so
7f45936de000-7f45936e0000 rw-p 00025000 08:05 3932944                    /opt/android-studio/jre/lib/libjava.so
7f45936e0000-7f45936e1000 r--p 00000000 08:05 4726415                    /usr/lib/x86_64-linux-gnu/librt.so.1
7f45936e1000-7f45936e2000 r-xp 00001000 08:05 4726415                    /usr/lib/x86_64-linux-gnu/librt.so.1
7f45936e2000-7f45936e3000 r--p 00002000 08:05 4726415                    /usr/lib/x86_64-linux-gnu/librt.so.1
7f45936e3000-7f45936e4000 r--p 00002000 08:05 4726415                    /usr/lib/x86_64-linux-gnu/librt.so.1
7f45936e4000-7f45936e5000 rw-p 00003000 08:05 4726415                    /usr/lib/x86_64-linux-gnu/librt.so.1
7f45936e5000-7f45936e9000 ---p 00000000 00:00 0 
7f45936e9000-7f45937e5000 rw-p 00000000 00:00 0 
7f45937e5000-7f45937f3000 r--p 00000000 08:05 4726093                    /usr/lib/x86_64-linux-gnu/libm.so.6
7f45937f3000-7f459386f000 r-xp 0000e000 08:05 4726093                    /usr/lib/x86_64-linux-gnu/libm.so.6
7f459386f000-7f45938ca000 r--p 0008a000 08:05 4726093                    /usr/lib/x86_64-linux-gnu/libm.so.6
7f45938ca000-7f45938cb000 r--p 000e4000 08:05 4726093                    /usr/lib/x86_64-linux-gnu/libm.so.6
7f45938cb000-7f45938cc000 rw-p 000e5000 08:05 4726093                    /usr/lib/x86_64-linux-gnu/libm.so.6
7f45938cc000-7f4593de6000 r--p 00000000 08:05 3932912                    /opt/android-studio/jre/lib/server/libjvm.so
7f4593de6000-7f4594858000 r-xp 00519000 08:05 3932912                    /opt/android-studio/jre/lib/server/libjvm.so
7f4594858000-7f4594920000 r--p 00f8a000 08:05 3932912                    /opt/android-studio/jre/lib/server/libjvm.so
7f4594920000-7f4594958000 rw-p 01051000 08:05 3932912                    /opt/android-studio/jre/lib/server/libjvm.so
7f4594958000-7f45949c2000 rw-p 00000000 00:00 0 
7f45949c2000-7f45949ea000 r--p 00000000 08:05 4725444                    /usr/lib/x86_64-linux-gnu/libc.so.6
7f45949ea000-7f4594b7f000 r-xp 00028000 08:05 4725444                    /usr/lib/x86_64-linux-gnu/libc.so.6
7f4594b7f000-7f4594bd7000 r--p 001bd000 08:05 4725444                    /usr/lib/x86_64-linux-gnu/libc.so.6
7f4594bd7000-7f4594bdb000 r--p 00214000 08:05 4725444                    /usr/lib/x86_64-linux-gnu/libc.so.6
7f4594bdb000-7f4594bdd000 rw-p 00218000 08:05 4725444                    /usr/lib/x86_64-linux-gnu/libc.so.6
7f4594bdd000-7f4594bea000 rw-p 00000000 00:00 0 
7f4594bea000-7f4594beb000 r--p 00000000 08:05 4725586                    /usr/lib/x86_64-linux-gnu/libdl.so.2
7f4594beb000-7f4594bec000 r-xp 00001000 08:05 4725586                    /usr/lib/x86_64-linux-gnu/libdl.so.2
7f4594bec000-7f4594bed000 r--p 00002000 08:05 4725586                    /usr/lib/x86_64-linux-gnu/libdl.so.2
7f4594bed000-7f4594bee000 r--p 00002000 08:05 4725586                    /usr/lib/x86_64-linux-gnu/libdl.so.2
7f4594bee000-7f4594bef000 rw-p 00003000 08:05 4725586                    /usr/lib/x86_64-linux-gnu/libdl.so.2
7f4594bef000-7f4594bf8000 r--p 00000000 08:05 3932959                    /opt/android-studio/jre/lib/jli/libjli.so
7f4594bf8000-7f4594c06000 r-xp 00008000 08:05 3932959                    /opt/android-studio/jre/lib/jli/libjli.so
7f4594c06000-7f4594c07000 r--p 00015000 08:05 3932959                    /opt/android-studio/jre/lib/jli/libjli.so
7f4594c07000-7f4594c09000 rw-p 00015000 08:05 3932959                    /opt/android-studio/jre/lib/jli/libjli.so
7f4594c09000-7f4594c0a000 r--p 00000000 08:05 4726359                    /usr/lib/x86_64-linux-gnu/libpthread.so.0
7f4594c0a000-7f4594c0b000 r-xp 00001000 08:05 4726359                    /usr/lib/x86_64-linux-gnu/libpthread.so.0
7f4594c0b000-7f4594c0c000 r--p 00002000 08:05 4726359                    /usr/lib/x86_64-linux-gnu/libpthread.so.0
7f4594c0c000-7f4594c0d000 r--p 00002000 08:05 4726359                    /usr/lib/x86_64-linux-gnu/libpthread.so.0
7f4594c0d000-7f4594c0e000 rw-p 00003000 08:05 4726359                    /usr/lib/x86_64-linux-gnu/libpthread.so.0
7f4594c0e000-7f4594c0f000 r--p 00000000 08:05 3932947                    /opt/android-studio/jre/lib/librmi.so
7f4594c0f000-7f4594c10000 r-xp 00000000 08:05 3932947                    /opt/android-studio/jre/lib/librmi.so
7f4594c10000-7f4594c11000 r--p 00000000 08:05 3932947                    /opt/android-studio/jre/lib/librmi.so
7f4594c11000-7f4594c12000 rw-p 00000000 08:05 3932947                    /opt/android-studio/jre/lib/librmi.so
7f4594c12000-7f4594c13000 ---p 00000000 00:00 0 
7f4594c13000-7f4594c14000 r--p 00000000 00:00 0 
7f4594c14000-7f4594c1a000 r--p 00000000 08:05 3932916                    /opt/android-studio/jre/lib/libverify.so
7f4594c1a000-7f4594c23000 r-xp 00005000 08:05 3932916                    /opt/android-studio/jre/lib/libverify.so
7f4594c23000-7f4594c25000 r--p 0000d000 08:05 3932916                    /opt/android-studio/jre/lib/libverify.so
7f4594c25000-7f4594c26000 rw-p 0000e000 08:05 3932916                    /opt/android-studio/jre/lib/libverify.so
7f4594c26000-7f4594c28000 rw-p 00000000 00:00 0 
7f4594c28000-7f4594c2a000 r--p 00000000 08:05 4725109                    /usr/lib/x86_64-linux-gnu/ld-linux-x86-64.so.2
7f4594c2a000-7f4594c54000 r-xp 00002000 08:05 4725109                    /usr/lib/x86_64-linux-gnu/ld-linux-x86-64.so.2
7f4594c54000-7f4594c5f000 r--p 0002c000 08:05 4725109                    /usr/lib/x86_64-linux-gnu/ld-linux-x86-64.so.2
7f4594c60000-7f4594c62000 r--p 00037000 08:05 4725109                    /usr/lib/x86_64-linux-gnu/ld-linux-x86-64.so.2
7f4594c62000-7f4594c64000 rw-p 00039000 08:05 4725109                    /usr/lib/x86_64-linux-gnu/ld-linux-x86-64.so.2
7ffd402ca000-7ffd402eb000 rw-p 00000000 00:00 0                          [stack]
7ffd40315000-7ffd40319000 r--p 00000000 00:00 0                          [vvar]
7ffd40319000-7ffd4031b000 r-xp 00000000 00:00 0                          [vdso]
ffffffffff600000-ffffffffff601000 --xp 00000000 00:00 0                  [vsyscall]


VM Arguments:
jvm_args: --add-opens=java.base/java.util=ALL-UNNAMED --add-opens=java.base/java.lang=ALL-UNNAMED --add-opens=java.base/java.lang.invoke=ALL-UNNAMED --add-opens=java.base/java.util=ALL-UNNAMED --add-opens=java.prefs/java.util.prefs=ALL-UNNAMED --add-opens=java.prefs/java.util.prefs=ALL-UNNAMED --add-opens=java.base/java.nio.charset=ALL-UNNAMED --add-opens=java.base/java.net=ALL-UNNAMED --add-opens=java.base/java.util.concurrent.atomic=ALL-UNNAMED -Xmx2048m -Dfile.encoding=UTF-8 -Duser.country=US -Duser.language=en -Duser.variant 
java_command: org.gradle.launcher.daemon.bootstrap.GradleDaemon 7.4.2
java_class_path (initial): /home/arenas/.gradle/wrapper/dists/gradle-7.4.2-bin/48ivgl02cpt2ed3fh9dbalvx8/gradle-7.4.2/lib/gradle-launcher-7.4.2.jar
Launcher Type: SUN_STANDARD

[Global flags]
     intx CICompilerCount                          = 4                                         {product} {ergonomic}
     uint ConcGCThreads                            = 3                                         {product} {ergonomic}
     uint G1ConcRefinementThreads                  = 10                                        {product} {ergonomic}
   size_t G1HeapRegionSize                         = 1048576                                   {product} {ergonomic}
    uintx GCDrainStackTargetSize                   = 64                                        {product} {ergonomic}
   size_t InitialHeapSize                          = 262144000                                 {product} {ergonomic}
   size_t MarkStackSize                            = 4194304                                   {product} {ergonomic}
   size_t MaxHeapSize                              = 2147483648                                {product} {command line}
   size_t MaxNewSize                               = 1287651328                                {product} {ergonomic}
   size_t MinHeapDeltaBytes                        = 1048576                                   {product} {ergonomic}
    uintx NonNMethodCodeHeapSize                   = 5836300                                {pd product} {ergonomic}
    uintx NonProfiledCodeHeapSize                  = 122910970                              {pd product} {ergonomic}
    uintx ProfiledCodeHeapSize                     = 122910970                              {pd product} {ergonomic}
    uintx ReservedCodeCacheSize                    = 251658240                              {pd product} {ergonomic}
     bool SegmentedCodeCache                       = true                                      {product} {ergonomic}
     bool UseCompressedClassPointers               = true                                 {lp64_product} {ergonomic}
     bool UseCompressedOops                        = true                                 {lp64_product} {ergonomic}
     bool UseG1GC                                  = true                                      {product} {ergonomic}

Logging:
Log output configuration:
 #0: stdout all=warning uptime,level,tags
 #1: stderr all=off uptime,level,tags

Environment Variables:
PATH=/home/arenas/.nvm/versions/node/v16.17.1/bin:/home/arenas/.local/bin:/usr/local/sbin:/usr/local/bin:/usr/sbin:/usr/bin:/sbin:/bin:/usr/games:/usr/local/games:/snap/bin
SHELL=/bin/bash
DISPLAY=:0
LANG=en_US.UTF-8

Signal Handlers:
SIGSEGV: [libjvm.so+0xf11250], sa_mask[0]=11111111011111111101111111111110, sa_flags=SA_RESTART|SA_SIGINFO
SIGBUS: [libjvm.so+0xf11250], sa_mask[0]=11111111011111111101111111111110, sa_flags=SA_RESTART|SA_SIGINFO
SIGFPE: [libjvm.so+0xf11250], sa_mask[0]=11111111011111111101111111111110, sa_flags=SA_RESTART|SA_SIGINFO
SIGPIPE: [libjvm.so+0xd5f7e0], sa_mask[0]=11111111011111111101111111111110, sa_flags=SA_RESTART|SA_SIGINFO
SIGXFSZ: [libjvm.so+0xd5f7e0], sa_mask[0]=11111111011111111101111111111110, sa_flags=SA_RESTART|SA_SIGINFO
SIGILL: [libjvm.so+0xf11250], sa_mask[0]=11111111011111111101111111111110, sa_flags=SA_RESTART|SA_SIGINFO
SIGUSR2: [libjvm.so+0xd5fec0], sa_mask[0]=00100000000000000000000000000000, sa_flags=SA_RESTART|SA_SIGINFO
SIGHUP: [libjvm.so+0xd5c800], sa_mask[0]=11111111011111111101111111111110, sa_flags=SA_RESTART|SA_SIGINFO
SIGINT: [libjvm.so+0xd5c800], sa_mask[0]=11111111011111111101111111111110, sa_flags=SA_RESTART|SA_SIGINFO
SIGTERM: [libjvm.so+0xd5c800], sa_mask[0]=11111111011111111101111111111110, sa_flags=SA_RESTART|SA_SIGINFO
SIGQUIT: [libjvm.so+0xd5c800], sa_mask[0]=11111111011111111101111111111110, sa_flags=SA_RESTART|SA_SIGINFO


---------------  S Y S T E M  ---------------

OS:DISTRIB_ID=Ubuntu
DISTRIB_RELEASE=22.04
DISTRIB_CODENAME=jammy
DISTRIB_DESCRIPTION="Ubuntu 22.04.1 LTS"
uname:Linux 5.15.0-48-generic #54-Ubuntu SMP Fri Aug 26 13:26:29 UTC 2022 x86_64
OS uptime: 0 days 0:08 hours
libc:glibc 2.35 NPTL 2.35 
rlimit (soft/hard): STACK 8192k/infinity , CORE 0k/infinity , NPROC 63481/63481 , NOFILE 1048576/1048576 , AS infinity/infinity , CPU infinity/infinity , DATA infinity/infinity , FSIZE infinity/infinity , MEMLOCK 2040252k/2040252k
load average:4,34 3,14 1,55

/proc/meminfo:
MemTotal:       16322040 kB
MemFree:         1701864 kB
MemAvailable:    6234204 kB
Buffers:          269896 kB
Cached:          4422944 kB
SwapCached:            0 kB
Active:          1755456 kB
Inactive:       12047388 kB
Active(anon):       6524 kB
Inactive(anon):  9172476 kB
Active(file):    1748932 kB
Inactive(file):  2874912 kB
Unevictable:          64 kB
Mlocked:              64 kB
SwapTotal:             0 kB
SwapFree:              0 kB
Dirty:             83100 kB
Writeback:             0 kB
AnonPages:       9110244 kB
Mapped:          1380928 kB
Shmem:             79504 kB
KReclaimable:     244904 kB
Slab:             440036 kB
SReclaimable:     244904 kB
SUnreclaim:       195132 kB
KernelStack:       20784 kB
PageTables:        54472 kB
NFS_Unstable:          0 kB
Bounce:                0 kB
WritebackTmp:          0 kB
CommitLimit:     8161020 kB
Committed_AS:   14404964 kB
VmallocTotal:   34359738367 kB
VmallocUsed:       96668 kB
VmallocChunk:          0 kB
Percpu:            34560 kB
HardwareCorrupted:     0 kB
AnonHugePages:         0 kB
ShmemHugePages:        0 kB
ShmemPmdMapped:        0 kB
FileHugePages:         0 kB
FilePmdMapped:         0 kB
HugePages_Total:       0
HugePages_Free:        0
HugePages_Rsvd:        0
HugePages_Surp:        0
Hugepagesize:       2048 kB
Hugetlb:               0 kB
DirectMap4k:      650212 kB
DirectMap2M:    13973504 kB
DirectMap1G:     2097152 kB

/sys/kernel/mm/transparent_hugepage/enabled:
always [madvise] never
/sys/kernel/mm/transparent_hugepage/defrag (defrag/compaction efforts parameter):
always defer defer+madvise [madvise] never

Process Memory:
Virtual Size: 11029020K (peak: 11029020K)
Resident Set Size: 3494656K (peak: 3494656K) (anon: 3453228K, file: 41428K, shmem: 0K)
Swapped out: 0K
C-Heap outstanding allocations: 195807K

/proc/sys/kernel/threads-max (system-wide limit on the number of threads):
126963
/proc/sys/vm/max_map_count (maximum number of memory map areas a process may have):
65530
/proc/sys/kernel/pid_max (system-wide limit on number of process identifiers):
4194304

Steal ticks since vm start: 0
Steal ticks percentage since vm start:  0,000

CPU:total 12 (initial active 12) (12 cores per cpu, 2 threads per core) family 23 model 113 stepping 0 microcode 0x8701021, cmov, cx8, fxsr, mmx, sse, sse2, sse3, ssse3, sse4.1, sse4.2, popcnt, avx, avx2, aes, clmul, mmxext, 3dnowpref, lzcnt, sse4a, ht, tsc, tscinvbit, tscinv, bmi1, bmi2, adx, sha, fma
CPU Model and flags from /proc/cpuinfo:
model name	: AMD Ryzen 5 3600 6-Core Processor
flags		: fpu vme de pse tsc msr pae mce cx8 apic sep mtrr pge mca cmov pat pse36 clflush mmx fxsr sse sse2 ht syscall nx mmxext fxsr_opt pdpe1gb rdtscp lm constant_tsc rep_good nopl nonstop_tsc cpuid extd_apicid aperfmperf rapl pni pclmulqdq monitor ssse3 fma cx16 sse4_1 sse4_2 movbe popcnt aes xsave avx f16c rdrand lahf_lm cmp_legacy svm extapic cr8_legacy abm sse4a misalignsse 3dnowprefetch osvw ibs skinit wdt tce topoext perfctr_core perfctr_nb bpext perfctr_llc mwaitx cpb cat_l3 cdp_l3 hw_pstate ssbd mba ibpb stibp vmmcall fsgsbase bmi1 avx2 smep bmi2 cqm rdt_a rdseed adx smap clflushopt clwb sha_ni xsaveopt xsavec xgetbv1 xsaves cqm_llc cqm_occup_llc cqm_mbm_total cqm_mbm_local clzero irperf xsaveerptr rdpru wbnoinvd arat npt lbrv svm_lock nrip_save tsc_scale vmcb_clean flushbyasid decodeassists pausefilter pfthreshold avic v_vmsave_vmload vgif v_spec_ctrl umip rdpid overflow_recov succor smca sme sev sev_es
Online cpus:
0-11
Offline cpus:
12-31
BIOS frequency limitation:
3600000
Frequency switch latency (ns):
0
Available cpu frequencies:
3600000 2800000 2200000 
Current governor:
schedutil
Core performance/turbo boost:
1

Memory: 4k page, physical 16322040k(1701864k free), swap 0k(0k free)

vm_info: OpenJDK 64-Bit Server VM (11.0.13+0-b1751.21-8125866) for linux-amd64 JRE (11.0.13+0-b1751.21-8125866), built on Jan 27 2022 22:29:40 by "androidbuild" with gcc Android (7284624, based on r416183b) Clang 12.0.5 (https://android.googlesource.com/toolchain/llvm-project c935d99d7cf2016289302412d708641d52d2f7ee)

END.
